\BOOKMARK [0][-]{chapter.1}{\376\377\0001\000\040\000D\000i\000r\000e\000c\000t\000o\000r\000y\000\040\000H\000i\000e\000r\000a\000r\000c\000h\000y}{}% 1
\BOOKMARK [1][-]{section.1.1}{\376\377\0001\000.\0001\000\040\000D\000i\000r\000e\000c\000t\000o\000r\000i\000e\000s}{chapter.1}% 2
\BOOKMARK [0][-]{chapter.2}{\376\377\0002\000\040\000N\000a\000m\000e\000s\000p\000a\000c\000e\000\040\000I\000n\000d\000e\000x}{}% 3
\BOOKMARK [1][-]{section.2.1}{\376\377\0002\000.\0001\000\040\000N\000a\000m\000e\000s\000p\000a\000c\000e\000\040\000L\000i\000s\000t}{chapter.2}% 4
\BOOKMARK [0][-]{chapter.3}{\376\377\0003\000\040\000H\000i\000e\000r\000a\000r\000c\000h\000i\000c\000a\000l\000\040\000I\000n\000d\000e\000x}{}% 5
\BOOKMARK [1][-]{section.3.1}{\376\377\0003\000.\0001\000\040\000C\000l\000a\000s\000s\000\040\000H\000i\000e\000r\000a\000r\000c\000h\000y}{chapter.3}% 6
\BOOKMARK [0][-]{chapter.4}{\376\377\0004\000\040\000C\000l\000a\000s\000s\000\040\000I\000n\000d\000e\000x}{}% 7
\BOOKMARK [1][-]{section.4.1}{\376\377\0004\000.\0001\000\040\000C\000l\000a\000s\000s\000\040\000L\000i\000s\000t}{chapter.4}% 8
\BOOKMARK [0][-]{chapter.5}{\376\377\0005\000\040\000F\000i\000l\000e\000\040\000I\000n\000d\000e\000x}{}% 9
\BOOKMARK [1][-]{section.5.1}{\376\377\0005\000.\0001\000\040\000F\000i\000l\000e\000\040\000L\000i\000s\000t}{chapter.5}% 10
\BOOKMARK [0][-]{chapter.6}{\376\377\0006\000\040\000D\000i\000r\000e\000c\000t\000o\000r\000y\000\040\000D\000o\000c\000u\000m\000e\000n\000t\000a\000t\000i\000o\000n}{}% 11
\BOOKMARK [1][-]{section.6.1}{\376\377\0006\000.\0001\000\040\000a\000p\000p\000/\000a\000p\000p\000/\000s\000r\000c\000/\000m\000a\000i\000n\000/\000j\000a\000v\000a\000/\000c\000o\000m\000/\000e\000x\000a\000m\000p\000l\000e\000/\000m\000y\000a\000p\000p\000/\000a\000d\000a\000p\000t\000e\000r\000s\000\040\000D\000i\000r\000e\000c\000t\000o\000r\000y\000\040\000R\000e\000f\000e\000r\000e\000n\000c\000e}{chapter.6}% 12
\BOOKMARK [1][-]{section.6.2}{\376\377\0006\000.\0002\000\040\000a\000p\000p\000/\000a\000p\000p\000/\000s\000r\000c\000/\000m\000a\000i\000n\000/\000j\000a\000v\000a\000/\000c\000o\000m\000/\000e\000x\000a\000m\000p\000l\000e\000/\000m\000y\000a\000p\000p\000/\000a\000p\000i\000\040\000D\000i\000r\000e\000c\000t\000o\000r\000y\000\040\000R\000e\000f\000e\000r\000e\000n\000c\000e}{chapter.6}% 13
\BOOKMARK [1][-]{section.6.3}{\376\377\0006\000.\0003\000\040\000a\000p\000p\000\040\000D\000i\000r\000e\000c\000t\000o\000r\000y\000\040\000R\000e\000f\000e\000r\000e\000n\000c\000e}{chapter.6}% 14
\BOOKMARK [1][-]{section.6.4}{\376\377\0006\000.\0004\000\040\000a\000p\000p\000/\000a\000p\000p\000\040\000D\000i\000r\000e\000c\000t\000o\000r\000y\000\040\000R\000e\000f\000e\000r\000e\000n\000c\000e}{chapter.6}% 15
\BOOKMARK [1][-]{section.6.5}{\376\377\0006\000.\0005\000\040\000b\000a\000c\000k\000e\000n\000d\000\040\000D\000i\000r\000e\000c\000t\000o\000r\000y\000\040\000R\000e\000f\000e\000r\000e\000n\000c\000e}{chapter.6}% 16
\BOOKMARK [1][-]{section.6.6}{\376\377\0006\000.\0006\000\040\000a\000p\000p\000/\000a\000p\000p\000/\000s\000r\000c\000/\000m\000a\000i\000n\000/\000j\000a\000v\000a\000/\000c\000o\000m\000\040\000D\000i\000r\000e\000c\000t\000o\000r\000y\000\040\000R\000e\000f\000e\000r\000e\000n\000c\000e}{chapter.6}% 17
\BOOKMARK [1][-]{section.6.7}{\376\377\0006\000.\0007\000\040\000a\000p\000p\000/\000a\000p\000p\000/\000s\000r\000c\000/\000m\000a\000i\000n\000/\000j\000a\000v\000a\000/\000c\000o\000m\000/\000e\000x\000a\000m\000p\000l\000e\000\040\000D\000i\000r\000e\000c\000t\000o\000r\000y\000\040\000R\000e\000f\000e\000r\000e\000n\000c\000e}{chapter.6}% 18
\BOOKMARK [1][-]{section.6.8}{\376\377\0006\000.\0008\000\040\000a\000p\000p\000/\000a\000p\000p\000/\000s\000r\000c\000/\000m\000a\000i\000n\000/\000j\000a\000v\000a\000\040\000D\000i\000r\000e\000c\000t\000o\000r\000y\000\040\000R\000e\000f\000e\000r\000e\000n\000c\000e}{chapter.6}% 19
\BOOKMARK [1][-]{section.6.9}{\376\377\0006\000.\0009\000\040\000a\000p\000p\000/\000a\000p\000p\000/\000s\000r\000c\000/\000m\000a\000i\000n\000\040\000D\000i\000r\000e\000c\000t\000o\000r\000y\000\040\000R\000e\000f\000e\000r\000e\000n\000c\000e}{chapter.6}% 20
\BOOKMARK [1][-]{section.6.10}{\376\377\0006\000.\0001\0000\000\040\000a\000p\000p\000/\000a\000p\000p\000/\000s\000r\000c\000/\000m\000a\000i\000n\000/\000j\000a\000v\000a\000/\000c\000o\000m\000/\000e\000x\000a\000m\000p\000l\000e\000/\000m\000y\000a\000p\000p\000\040\000D\000i\000r\000e\000c\000t\000o\000r\000y\000\040\000R\000e\000f\000e\000r\000e\000n\000c\000e}{chapter.6}% 21
\BOOKMARK [1][-]{section.6.11}{\376\377\0006\000.\0001\0001\000\040\000a\000p\000p\000/\000a\000p\000p\000/\000s\000r\000c\000/\000m\000a\000i\000n\000/\000j\000a\000v\000a\000/\000c\000o\000m\000/\000e\000x\000a\000m\000p\000l\000e\000/\000m\000y\000a\000p\000p\000/\000s\000c\000r\000e\000e\000n\000s\000\040\000D\000i\000r\000e\000c\000t\000o\000r\000y\000\040\000R\000e\000f\000e\000r\000e\000n\000c\000e}{chapter.6}% 22
\BOOKMARK [1][-]{section.6.12}{\376\377\0006\000.\0001\0002\000\040\000a\000p\000p\000/\000a\000p\000p\000/\000s\000r\000c\000\040\000D\000i\000r\000e\000c\000t\000o\000r\000y\000\040\000R\000e\000f\000e\000r\000e\000n\000c\000e}{chapter.6}% 23
\BOOKMARK [0][-]{chapter.7}{\376\377\0007\000\040\000N\000a\000m\000e\000s\000p\000a\000c\000e\000\040\000D\000o\000c\000u\000m\000e\000n\000t\000a\000t\000i\000o\000n}{}% 24
\BOOKMARK [1][-]{section.7.1}{\376\377\0007\000.\0001\000\040\000P\000a\000c\000k\000a\000g\000e\000\040\000A\000d\000d\000r\000e\000s\000s\000A\000d\000a\000p\000t\000e\000r}{chapter.7}% 25
\BOOKMARK [1][-]{section.7.2}{\376\377\0007\000.\0002\000\040\000P\000a\000c\000k\000a\000g\000e\000\040\000A\000d\000d\000r\000e\000s\000s\000A\000d\000a\000p\000t\000e\000r\000.\000A\000d\000d\000r\000e\000s\000s\000V\000i\000e\000w\000H\000o\000l\000d\000e\000r}{chapter.7}% 26
\BOOKMARK [1][-]{section.7.3}{\376\377\0007\000.\0003\000\040\000P\000a\000c\000k\000a\000g\000e\000\040\000A\000p\000i\000S\000e\000r\000v\000i\000c\000e}{chapter.7}% 27
\BOOKMARK [1][-]{section.7.4}{\376\377\0007\000.\0004\000\040\000P\000a\000c\000k\000a\000g\000e\000\040\000A\000p\000p\000C\000o\000m\000p\000a\000t\000A\000c\000t\000i\000v\000i\000t\000y}{chapter.7}% 28
\BOOKMARK [2][-]{subsection.7.4.1}{\376\377\0007\000.\0004\000.\0001\000\040\000F\000u\000n\000c\000t\000i\000o\000n\000\040\000D\000o\000c\000u\000m\000e\000n\000t\000a\000t\000i\000o\000n}{section.7.4}% 29
\BOOKMARK [3][-]{subsubsection.7.4.1.1}{\376\377\0007\000.\0004\000.\0001\000.\0001\000\040\000b\000i\000n\000d\000O\000r\000d\000e\000r\000\050\000\051}{subsection.7.4.1}% 30
\BOOKMARK [3][-]{subsubsection.7.4.1.2}{\376\377\0007\000.\0004\000.\0001\000.\0002\000\040\000b\000i\000n\000d\000O\000r\000d\000e\000r\000C\000a\000r\000d\000\050\000\051}{subsection.7.4.1}% 31
\BOOKMARK [3][-]{subsubsection.7.4.1.3}{\376\377\0007\000.\0004\000.\0001\000.\0003\000\040\000b\000i\000n\000d\000T\000o\000p\000T\000w\000o\000O\000r\000d\000e\000r\000s\000\050\000\051}{subsection.7.4.1}% 32
\BOOKMARK [3][-]{subsubsection.7.4.1.4}{\376\377\0007\000.\0004\000.\0001\000.\0004\000\040\000d\000i\000s\000p\000l\000a\000y\000M\000e\000n\000u\000I\000t\000e\000m\000s\000\050\000\051}{subsection.7.4.1}% 33
\BOOKMARK [3][-]{subsubsection.7.4.1.5}{\376\377\0007\000.\0004\000.\0001\000.\0005\000\040\000d\000i\000s\000p\000l\000a\000y\000R\000e\000s\000t\000a\000u\000r\000a\000n\000t\000s\000\050\000\051}{subsection.7.4.1}% 34
\BOOKMARK [3][-]{subsubsection.7.4.1.6}{\376\377\0007\000.\0004\000.\0001\000.\0006\000\040\000i\000f\000\050\000\051\000\040\000[\0001\000/\0002\000]}{subsection.7.4.1}% 35
\BOOKMARK [3][-]{subsubsection.7.4.1.7}{\376\377\0007\000.\0004\000.\0001\000.\0007\000\040\000i\000f\000\050\000\051\000\040\000[\0002\000/\0002\000]}{subsection.7.4.1}% 36
\BOOKMARK [3][-]{subsubsection.7.4.1.8}{\376\377\0007\000.\0004\000.\0001\000.\0008\000\040\000l\000o\000a\000d\000O\000r\000d\000e\000r\000s\000\050\000\051}{subsection.7.4.1}% 37
\BOOKMARK [3][-]{subsubsection.7.4.1.9}{\376\377\0007\000.\0004\000.\0001\000.\0009\000\040\000o\000n\000C\000r\000e\000a\000t\000e\000\050\000\051}{subsection.7.4.1}% 38
\BOOKMARK [3][-]{subsubsection.7.4.1.10}{\376\377\0007\000.\0004\000.\0001\000.\0001\0000\000\040\000o\000p\000e\000n\000O\000r\000d\000e\000r\000D\000e\000t\000a\000i\000l\000\050\000\051}{subsection.7.4.1}% 39
\BOOKMARK [3][-]{subsubsection.7.4.1.11}{\376\377\0007\000.\0004\000.\0001\000.\0001\0001\000\040\000r\000e\000o\000r\000d\000e\000r\000C\000u\000r\000r\000e\000n\000t\000O\000r\000d\000e\000r\000\050\000\051}{subsection.7.4.1}% 40
\BOOKMARK [3][-]{subsubsection.7.4.1.12}{\376\377\0007\000.\0004\000.\0001\000.\0001\0002\000\040\000r\000e\000s\000o\000l\000v\000e\000U\000s\000e\000r\000I\000d\000F\000o\000r\000P\000o\000i\000n\000t\000s\000\050\000\051}{subsection.7.4.1}% 41
\BOOKMARK [3][-]{subsubsection.7.4.1.13}{\376\377\0007\000.\0004\000.\0001\000.\0001\0003\000\040\000s\000e\000a\000r\000c\000h\000B\000y\000C\000a\000t\000e\000g\000o\000r\000y\000\050\000\051}{subsection.7.4.1}% 42
\BOOKMARK [3][-]{subsubsection.7.4.1.14}{\376\377\0007\000.\0004\000.\0001\000.\0001\0004\000\040\000s\000e\000a\000r\000c\000h\000M\000e\000n\000u\000I\000t\000e\000m\000s\000\050\000\051}{subsection.7.4.1}% 43
\BOOKMARK [3][-]{subsubsection.7.4.1.15}{\376\377\0007\000.\0004\000.\0001\000.\0001\0005\000\040\000s\000e\000a\000r\000c\000h\000R\000e\000s\000t\000a\000u\000r\000a\000n\000t\000s\000\050\000\051}{subsection.7.4.1}% 44
\BOOKMARK [3][-]{subsubsection.7.4.1.16}{\376\377\0007\000.\0004\000.\0001\000.\0001\0006\000\040\000s\000h\000o\000w\000\050\000\051}{subsection.7.4.1}% 45
\BOOKMARK [3][-]{subsubsection.7.4.1.17}{\376\377\0007\000.\0004\000.\0001\000.\0001\0007\000\040\000s\000t\000a\000r\000t\000A\000c\000t\000i\000v\000i\000t\000y\000\050\000\051}{subsection.7.4.1}% 46
\BOOKMARK [3][-]{subsubsection.7.4.1.18}{\376\377\0007\000.\0004\000.\0001\000.\0001\0008\000\040\000u\000p\000d\000a\000t\000e\000A\000d\000d\000r\000e\000s\000s\000\050\000\051}{subsection.7.4.1}% 47
\BOOKMARK [3][-]{subsubsection.7.4.1.19}{\376\377\0007\000.\0004\000.\0001\000.\0001\0009\000\040\000u\000p\000d\000a\000t\000e\000O\000r\000d\000e\000r\000S\000t\000a\000t\000u\000s\000T\000o\000C\000O\000D\000C\000o\000n\000f\000i\000r\000m\000e\000d\000\050\000\051}{subsection.7.4.1}% 48
\BOOKMARK [2][-]{subsection.7.4.2}{\376\377\0007\000.\0004\000.\0002\000\040\000V\000a\000r\000i\000a\000b\000l\000e\000\040\000D\000o\000c\000u\000m\000e\000n\000t\000a\000t\000i\000o\000n}{section.7.4}% 49
\BOOKMARK [3][-]{subsubsection.7.4.2.1}{\376\377\0007\000.\0004\000.\0002\000.\0001\000\040\000c\000u\000r\000r\000e\000n\000t\000A\000d\000d\000r\000e\000s\000s}{subsection.7.4.2}% 50
\BOOKMARK [3][-]{subsubsection.7.4.2.2}{\376\377\0007\000.\0004\000.\0002\000.\0002\000\040\000e\000d\000t\000P\000h\000o\000n\000e}{subsection.7.4.2}% 51
\BOOKMARK [3][-]{subsubsection.7.4.2.3}{\376\377\0007\000.\0004\000.\0002\000.\0003\000\040\000f\000i\000r\000s\000t\000O\000r\000d\000e\000r\000I\000d}{subsection.7.4.2}% 52
\BOOKMARK [3][-]{subsubsection.7.4.2.4}{\376\377\0007\000.\0004\000.\0002\000.\0004\000\040\000f\000o\000o\000d\000I\000d}{subsection.7.4.2}% 53
\BOOKMARK [3][-]{subsubsection.7.4.2.5}{\376\377\0007\000.\0004\000.\0002\000.\0005\000\040\000i\000c\000C\000a\000r\000t}{subsection.7.4.2}% 54
\BOOKMARK [3][-]{subsubsection.7.4.2.6}{\376\377\0007\000.\0004\000.\0002\000.\0006\000\040\000i\000c\000H\000e\000a\000r\000t}{subsection.7.4.2}% 55
\BOOKMARK [3][-]{subsubsection.7.4.2.7}{\376\377\0007\000.\0004\000.\0002\000.\0007\000\040\000i\000c\000H\000o\000m\000e}{subsection.7.4.2}% 56
\BOOKMARK [3][-]{subsubsection.7.4.2.8}{\376\377\0007\000.\0004\000.\0002\000.\0008\000\040\000i\000c\000P\000r\000o\000f\000i\000l\000e}{subsection.7.4.2}% 57
\BOOKMARK [3][-]{subsubsection.7.4.2.9}{\376\377\0007\000.\0004\000.\0002\000.\0009\000\040\000i\000s\000R\000e\000q\000u\000e\000s\000t\000i\000n\000g\000V\000n\000P\000a\000y}{subsection.7.4.2}% 58
\BOOKMARK [3][-]{subsubsection.7.4.2.10}{\376\377\0007\000.\0004\000.\0002\000.\0001\0000\000\040\000m\000\363\000n}{subsection.7.4.2}% 59
\BOOKMARK [3][-]{subsubsection.7.4.2.11}{\376\377\0007\000.\0004\000.\0002\000.\0001\0001\000\040\000m\000e\000n\000u\000I\000t\000e\000m\000s}{subsection.7.4.2}% 60
\BOOKMARK [3][-]{subsubsection.7.4.2.12}{\376\377\0007\000.\0004\000.\0002\000.\0001\0002\000\040\000n\000a\000y}{subsection.7.4.2}% 61
\BOOKMARK [3][-]{subsubsection.7.4.2.13}{\376\377\0007\000.\0004\000.\0002\000.\0001\0003\000\040\000o\000r\000d\000e\000r\000I\000d}{subsection.7.4.2}% 62
\BOOKMARK [3][-]{subsubsection.7.4.2.14}{\376\377\0007\000.\0004\000.\0002\000.\0001\0004\000\040\000p\000o\000i\000n\000t\000s\000C\000a\000r\000d\0002}{subsection.7.4.2}% 63
\BOOKMARK [3][-]{subsubsection.7.4.2.15}{\376\377\0007\000.\0004\000.\0002\000.\0001\0005\000\040\000p\000o\000i\000n\000t\000s\000C\000a\000r\000d\0003}{subsection.7.4.2}% 64
\BOOKMARK [3][-]{subsubsection.7.4.2.16}{\376\377\0007\000.\0004\000.\0002\000.\0001\0006\000\040\000p\000o\000i\000n\000t\000s\000C\000a\000r\000d\0004}{subsection.7.4.2}% 65
\BOOKMARK [3][-]{subsubsection.7.4.2.17}{\376\377\0007\000.\0004\000.\0002\000.\0001\0007\000\040\000r\000e\000c\000y\000c\000l\000e\000r\000V\000i\000e\000w}{subsection.7.4.2}% 66
\BOOKMARK [3][-]{subsubsection.7.4.2.18}{\376\377\0007\000.\0004\000.\0002\000.\0001\0008\000\040\000r\000e\000s\000t\000a\000u\000r\000a\000n\000t}{subsection.7.4.2}% 67
\BOOKMARK [3][-]{subsubsection.7.4.2.19}{\376\377\0007\000.\0004\000.\0002\000.\0001\0009\000\040\000r\000e\000s\000t\000a\000u\000r\000a\000n\000t\000I\000d}{subsection.7.4.2}% 68
\BOOKMARK [3][-]{subsubsection.7.4.2.20}{\376\377\0007\000.\0004\000.\0002\000.\0002\0000\000\040\000r\000e\000s\000t\000a\000u\000r\000a\000n\000t\000s}{subsection.7.4.2}% 69
\BOOKMARK [3][-]{subsubsection.7.4.2.21}{\376\377\0007\000.\0004\000.\0002\000.\0002\0001\000\040\000r\000v\000A\000d\000d\000r\000e\000s\000s\000e\000s}{subsection.7.4.2}% 70
\BOOKMARK [3][-]{subsubsection.7.4.2.22}{\376\377\0007\000.\0004\000.\0002\000.\0002\0002\000\040\000r\000v\000C\000a\000r\000t}{subsection.7.4.2}% 71
\BOOKMARK [3][-]{subsubsection.7.4.2.23}{\376\377\0007\000.\0004\000.\0002\000.\0002\0003\000\040\000r\000v\000N\000o\000t\000i\000f\000i\000c\000a\000t\000i\000o\000n\000s}{subsection.7.4.2}% 72
\BOOKMARK [3][-]{subsubsection.7.4.2.24}{\376\377\0007\000.\0004\000.\0002\000.\0002\0004\000\040\000r\000v\000P\000r\000e\000O\000r\000d\000e\000r\000C\000a\000r\000t}{subsection.7.4.2}% 73
\BOOKMARK [3][-]{subsubsection.7.4.2.25}{\376\377\0007\000.\0004\000.\0002\000.\0002\0005\000\040\000s\000e\000l\000e\000c\000t\000e\000d\000P\000r\000o\000m\000o\000t\000i\000o\000n}{subsection.7.4.2}% 74
\BOOKMARK [1][-]{section.7.5}{\376\377\0007\000.\0005\000\040\000a\000u\000t\000h\000\040\000N\000a\000m\000e\000s\000p\000a\000c\000e\000\040\000R\000e\000f\000e\000r\000e\000n\000c\000e}{chapter.7}% 75
\BOOKMARK [2][-]{subsection.7.5.1}{\376\377\0007\000.\0005\000.\0001\000\040\000D\000e\000t\000a\000i\000l\000e\000d\000\040\000D\000e\000s\000c\000r\000i\000p\000t\000i\000o\000n}{section.7.5}% 76
\BOOKMARK [2][-]{subsection.7.5.2}{\376\377\0007\000.\0005\000.\0002\000\040\000F\000u\000n\000c\000t\000i\000o\000n\000\040\000D\000o\000c\000u\000m\000e\000n\000t\000a\000t\000i\000o\000n}{section.7.5}% 77
\BOOKMARK [3][-]{subsubsection.7.5.2.1}{\376\377\0007\000.\0005\000.\0002\000.\0001\000\040\000c\000r\000e\000a\000t\000e\000\137\000a\000c\000c\000e\000s\000s\000\137\000t\000o\000k\000e\000n\000\050\000\051}{subsection.7.5.2}% 78
\BOOKMARK [3][-]{subsubsection.7.5.2.2}{\376\377\0007\000.\0005\000.\0002\000.\0002\000\040\000g\000e\000t\000\137\000c\000u\000r\000r\000e\000n\000t\000\137\000u\000s\000e\000r\000\050\000\051}{subsection.7.5.2}% 79
\BOOKMARK [3][-]{subsubsection.7.5.2.3}{\376\377\0007\000.\0005\000.\0002\000.\0003\000\040\000g\000e\000t\000\137\000p\000a\000s\000s\000w\000o\000r\000d\000\137\000h\000a\000s\000h\000\050\000\051}{subsection.7.5.2}% 80
\BOOKMARK [3][-]{subsubsection.7.5.2.4}{\376\377\0007\000.\0005\000.\0002\000.\0004\000\040\000v\000e\000r\000i\000f\000y\000\137\000p\000a\000s\000s\000w\000o\000r\000d\000\050\000\051}{subsection.7.5.2}% 81
\BOOKMARK [2][-]{subsection.7.5.3}{\376\377\0007\000.\0005\000.\0003\000\040\000V\000a\000r\000i\000a\000b\000l\000e\000\040\000D\000o\000c\000u\000m\000e\000n\000t\000a\000t\000i\000o\000n}{section.7.5}% 82
\BOOKMARK [3][-]{subsubsection.7.5.3.1}{\376\377\0007\000.\0005\000.\0003\000.\0001\000\040\000A\000C\000C\000E\000S\000S\000\137\000T\000O\000K\000E\000N\000\137\000E\000X\000P\000I\000R\000E\000\137\000M\000I\000N\000U\000T\000E\000S}{subsection.7.5.3}% 83
\BOOKMARK [3][-]{subsubsection.7.5.3.2}{\376\377\0007\000.\0005\000.\0003\000.\0002\000\040\000A\000L\000G\000O\000R\000I\000T\000H\000M}{subsection.7.5.3}% 84
\BOOKMARK [3][-]{subsubsection.7.5.3.3}{\376\377\0007\000.\0005\000.\0003\000.\0003\000\040\000o\000a\000u\000t\000h\0002\000\137\000s\000c\000h\000e\000m\000e}{subsection.7.5.3}% 85
\BOOKMARK [3][-]{subsubsection.7.5.3.4}{\376\377\0007\000.\0005\000.\0003\000.\0004\000\040\000p\000w\000d\000\137\000c\000o\000n\000t\000e\000x\000t}{subsection.7.5.3}% 86
\BOOKMARK [3][-]{subsubsection.7.5.3.5}{\376\377\0007\000.\0005\000.\0003\000.\0005\000\040\000S\000E\000C\000R\000E\000T\000\137\000K\000E\000Y}{subsection.7.5.3}% 87
\BOOKMARK [1][-]{section.7.6}{\376\377\0007\000.\0006\000\040\000P\000a\000c\000k\000a\000g\000e\000\040\000C\000a\000r\000t\000I\000t\000e\000m\000A\000d\000a\000p\000t\000e\000r}{chapter.7}% 88
\BOOKMARK [1][-]{section.7.7}{\376\377\0007\000.\0007\000\040\000P\000a\000c\000k\000a\000g\000e\000\040\000C\000a\000r\000t\000I\000t\000e\000m\000A\000d\000a\000p\000t\000e\000r\000.\000C\000a\000r\000t\000I\000t\000e\000m\000V\000i\000e\000w\000H\000o\000l\000d\000e\000r}{chapter.7}% 89
\BOOKMARK [2][-]{subsection.7.7.1}{\376\377\0007\000.\0007\000.\0001\000\040\000F\000u\000n\000c\000t\000i\000o\000n\000\040\000D\000o\000c\000u\000m\000e\000n\000t\000a\000t\000i\000o\000n}{section.7.7}% 90
\BOOKMARK [3][-]{subsubsection.7.7.1.1}{\376\377\0007\000.\0007\000.\0001\000.\0001\000\040\000C\000a\000r\000t\000I\000t\000e\000m\000V\000i\000e\000w\000H\000o\000l\000d\000e\000r\000\050\000\051}{subsection.7.7.1}% 91
\BOOKMARK [1][-]{section.7.8}{\376\377\0007\000.\0008\000\040\000c\000h\000a\000t\000b\000o\000t\000\137\000s\000e\000r\000v\000i\000c\000e\000\040\000N\000a\000m\000e\000s\000p\000a\000c\000e\000\040\000R\000e\000f\000e\000r\000e\000n\000c\000e}{chapter.7}% 92
\BOOKMARK [2][-]{subsection.7.8.1}{\376\377\0007\000.\0008\000.\0001\000\040\000D\000e\000t\000a\000i\000l\000e\000d\000\040\000D\000e\000s\000c\000r\000i\000p\000t\000i\000o\000n}{section.7.8}% 93
\BOOKMARK [2][-]{subsection.7.8.2}{\376\377\0007\000.\0008\000.\0002\000\040\000V\000a\000r\000i\000a\000b\000l\000e\000\040\000D\000o\000c\000u\000m\000e\000n\000t\000a\000t\000i\000o\000n}{section.7.8}% 94
\BOOKMARK [3][-]{subsubsection.7.8.2.1}{\376\377\0007\000.\0008\000.\0002\000.\0001\000\040\000G\000E\000M\000I\000N\000I\000\137\000A\000P\000I\000\137\000K\000E\000Y}{subsection.7.8.2}% 95
\BOOKMARK [1][-]{section.7.9}{\376\377\0007\000.\0009\000\040\000P\000a\000c\000k\000a\000g\000e\000\040\000C\000h\000a\000t\000M\000e\000s\000s\000a\000g\000e\000A\000d\000a\000p\000t\000e\000r}{chapter.7}% 96
\BOOKMARK [1][-]{section.7.10}{\376\377\0007\000.\0001\0000\000\040\000P\000a\000c\000k\000a\000g\000e\000\040\000C\000h\000a\000t\000M\000e\000s\000s\000a\000g\000e\000A\000d\000a\000p\000t\000e\000r\000.\000M\000e\000s\000s\000a\000g\000e\000V\000i\000e\000w\000H\000o\000l\000d\000e\000r}{chapter.7}% 97
\BOOKMARK [1][-]{section.7.11}{\376\377\0007\000.\0001\0001\000\040\000c\000h\000e\000c\000k\000\137\000d\000b\000\040\000N\000a\000m\000e\000s\000p\000a\000c\000e\000\040\000R\000e\000f\000e\000r\000e\000n\000c\000e}{chapter.7}% 98
\BOOKMARK [2][-]{subsection.7.11.1}{\376\377\0007\000.\0001\0001\000.\0001\000\040\000V\000a\000r\000i\000a\000b\000l\000e\000\040\000D\000o\000c\000u\000m\000e\000n\000t\000a\000t\000i\000o\000n}{section.7.11}% 99
\BOOKMARK [3][-]{subsubsection.7.11.1.1}{\376\377\0007\000.\0001\0001\000.\0001\000.\0001\000\040\000c\000o\000n\000n}{subsection.7.11.1}% 100
\BOOKMARK [3][-]{subsubsection.7.11.1.2}{\376\377\0007\000.\0001\0001\000.\0001\000.\0002\000\040\000c\000u\000r\000s\000o\000r}{subsection.7.11.1}% 101
\BOOKMARK [3][-]{subsubsection.7.11.1.3}{\376\377\0007\000.\0001\0001\000.\0001\000.\0003\000\040\000f\000c\000m}{subsection.7.11.1}% 102
\BOOKMARK [3][-]{subsubsection.7.11.1.4}{\376\377\0007\000.\0001\0001\000.\0001\000.\0004\000\040\000n\000o\000t\000i\000f\000s}{subsection.7.11.1}% 103
\BOOKMARK [3][-]{subsubsection.7.11.1.5}{\376\377\0007\000.\0001\0001\000.\0001\000.\0005\000\040\000t\000a\000b\000l\000e\000s}{subsection.7.11.1}% 104
\BOOKMARK [1][-]{section.7.12}{\376\377\0007\000.\0001\0002\000\040\000d\000a\000t\000a\000b\000a\000s\000e\000\040\000N\000a\000m\000e\000s\000p\000a\000c\000e\000\040\000R\000e\000f\000e\000r\000e\000n\000c\000e}{chapter.7}% 105
\BOOKMARK [2][-]{subsection.7.12.1}{\376\377\0007\000.\0001\0002\000.\0001\000\040\000D\000e\000t\000a\000i\000l\000e\000d\000\040\000D\000e\000s\000c\000r\000i\000p\000t\000i\000o\000n}{section.7.12}% 106
\BOOKMARK [2][-]{subsection.7.12.2}{\376\377\0007\000.\0001\0002\000.\0002\000\040\000F\000u\000n\000c\000t\000i\000o\000n\000\040\000D\000o\000c\000u\000m\000e\000n\000t\000a\000t\000i\000o\000n}{section.7.12}% 107
\BOOKMARK [3][-]{subsubsection.7.12.2.1}{\376\377\0007\000.\0001\0002\000.\0002\000.\0001\000\040\000g\000e\000t\000\137\000d\000b\000\050\000\051}{subsection.7.12.2}% 108
\BOOKMARK [2][-]{subsection.7.12.3}{\376\377\0007\000.\0001\0002\000.\0003\000\040\000V\000a\000r\000i\000a\000b\000l\000e\000\040\000D\000o\000c\000u\000m\000e\000n\000t\000a\000t\000i\000o\000n}{section.7.12}% 109
\BOOKMARK [3][-]{subsubsection.7.12.3.1}{\376\377\0007\000.\0001\0002\000.\0003\000.\0001\000\040\000B\000a\000s\000e}{subsection.7.12.3}% 110
\BOOKMARK [3][-]{subsubsection.7.12.3.2}{\376\377\0007\000.\0001\0002\000.\0003\000.\0002\000\040\000e\000n\000g\000i\000n\000e}{subsection.7.12.3}% 111
\BOOKMARK [3][-]{subsubsection.7.12.3.3}{\376\377\0007\000.\0001\0002\000.\0003\000.\0003\000\040\000S\000e\000s\000s\000i\000o\000n\000L\000o\000c\000a\000l}{subsection.7.12.3}% 112
\BOOKMARK [3][-]{subsubsection.7.12.3.4}{\376\377\0007\000.\0001\0002\000.\0003\000.\0004\000\040\000S\000Q\000L\000A\000L\000C\000H\000E\000M\000Y\000\137\000D\000A\000T\000A\000B\000A\000S\000E\000\137\000U\000R\000L}{subsection.7.12.3}% 113
\BOOKMARK [1][-]{section.7.13}{\376\377\0007\000.\0001\0003\000\040\000P\000a\000c\000k\000a\000g\000e\000\040\000F\000A\000Q\000A\000d\000a\000p\000t\000e\000r}{chapter.7}% 114
\BOOKMARK [1][-]{section.7.14}{\376\377\0007\000.\0001\0004\000\040\000P\000a\000c\000k\000a\000g\000e\000\040\000F\000A\000Q\000A\000d\000a\000p\000t\000e\000r\000.\000F\000A\000Q\000V\000i\000e\000w\000H\000o\000l\000d\000e\000r}{chapter.7}% 115
\BOOKMARK [1][-]{section.7.15}{\376\377\0007\000.\0001\0005\000\040\000P\000a\000c\000k\000a\000g\000e\000\040\000F\000c\000m\000T\000o\000k\000e\000n\000R\000e\000g\000i\000s\000t\000r\000a\000r}{chapter.7}% 116
\BOOKMARK [1][-]{section.7.16}{\376\377\0007\000.\0001\0006\000\040\000f\000i\000r\000e\000b\000a\000s\000e\000\137\000u\000t\000i\000l\000s\000\040\000N\000a\000m\000e\000s\000p\000a\000c\000e\000\040\000R\000e\000f\000e\000r\000e\000n\000c\000e}{chapter.7}% 117
\BOOKMARK [2][-]{subsection.7.16.1}{\376\377\0007\000.\0001\0006\000.\0001\000\040\000D\000e\000t\000a\000i\000l\000e\000d\000\040\000D\000e\000s\000c\000r\000i\000p\000t\000i\000o\000n}{section.7.16}% 118
\BOOKMARK [2][-]{subsection.7.16.2}{\376\377\0007\000.\0001\0006\000.\0002\000\040\000F\000u\000n\000c\000t\000i\000o\000n\000\040\000D\000o\000c\000u\000m\000e\000n\000t\000a\000t\000i\000o\000n}{section.7.16}% 119
\BOOKMARK [3][-]{subsubsection.7.16.2.1}{\376\377\0007\000.\0001\0006\000.\0002\000.\0001\000\040\000\137\000u\000p\000l\000o\000a\000d\000\137\000i\000m\000a\000g\000e\000\137\000s\000y\000n\000c\000\050\000\051}{subsection.7.16.2}% 120
\BOOKMARK [3][-]{subsubsection.7.16.2.2}{\376\377\0007\000.\0001\0006\000.\0002\000.\0002\000\040\000i\000n\000i\000t\000\137\000f\000i\000r\000e\000b\000a\000s\000e\000\050\000\051}{subsection.7.16.2}% 121
\BOOKMARK [3][-]{subsubsection.7.16.2.3}{\376\377\0007\000.\0001\0006\000.\0002\000.\0003\000\040\000u\000p\000l\000o\000a\000d\000\137\000i\000m\000a\000g\000e\000\050\000\051}{subsection.7.16.2}% 122
\BOOKMARK [2][-]{subsection.7.16.3}{\376\377\0007\000.\0001\0006\000.\0003\000\040\000V\000a\000r\000i\000a\000b\000l\000e\000\040\000D\000o\000c\000u\000m\000e\000n\000t\000a\000t\000i\000o\000n}{section.7.16}% 123
\BOOKMARK [3][-]{subsubsection.7.16.3.1}{\376\377\0007\000.\0001\0006\000.\0003\000.\0001\000\040\000F\000I\000R\000E\000B\000A\000S\000E\000\137\000C\000R\000E\000D\000E\000N\000T\000I\000A\000L\000S\000\137\000P\000A\000T\000H}{subsection.7.16.3}% 124
\BOOKMARK [3][-]{subsubsection.7.16.3.2}{\376\377\0007\000.\0001\0006\000.\0003\000.\0002\000\040\000F\000I\000R\000E\000B\000A\000S\000E\000\137\000S\000T\000O\000R\000A\000G\000E\000\137\000B\000U\000C\000K\000E\000T}{subsection.7.16.3}% 125
\BOOKMARK [1][-]{section.7.17}{\376\377\0007\000.\0001\0007\000\040\000P\000a\000c\000k\000a\000g\000e\000\040\000F\000i\000r\000e\000b\000a\000s\000e\000M\000e\000s\000s\000a\000g\000i\000n\000g\000S\000e\000r\000v\000i\000c\000e}{chapter.7}% 126
\BOOKMARK [2][-]{subsection.7.17.1}{\376\377\0007\000.\0001\0007\000.\0001\000\040\000F\000u\000n\000c\000t\000i\000o\000n\000\040\000D\000o\000c\000u\000m\000e\000n\000t\000a\000t\000i\000o\000n}{section.7.17}% 127
\BOOKMARK [3][-]{subsubsection.7.17.1.1}{\376\377\0007\000.\0001\0007\000.\0001\000.\0001\000\040\000o\000n\000M\000e\000s\000s\000a\000g\000e\000R\000e\000c\000e\000i\000v\000e\000d\000\050\000\051}{subsection.7.17.1}% 128
\BOOKMARK [3][-]{subsubsection.7.17.1.2}{\376\377\0007\000.\0001\0007\000.\0001\000.\0002\000\040\000s\000h\000o\000w\000N\000o\000t\000i\000f\000i\000c\000a\000t\000i\000o\000n\000\050\000\051}{subsection.7.17.1}% 129
\BOOKMARK [1][-]{section.7.18}{\376\377\0007\000.\0001\0008\000\040\000m\000a\000i\000n\000\040\000N\000a\000m\000e\000s\000p\000a\000c\000e\000\040\000R\000e\000f\000e\000r\000e\000n\000c\000e}{chapter.7}% 130
\BOOKMARK [2][-]{subsection.7.18.1}{\376\377\0007\000.\0001\0008\000.\0001\000\040\000D\000e\000t\000a\000i\000l\000e\000d\000\040\000D\000e\000s\000c\000r\000i\000p\000t\000i\000o\000n}{section.7.18}% 131
\BOOKMARK [2][-]{subsection.7.18.2}{\376\377\0007\000.\0001\0008\000.\0002\000\040\000F\000u\000n\000c\000t\000i\000o\000n\000\040\000D\000o\000c\000u\000m\000e\000n\000t\000a\000t\000i\000o\000n}{section.7.18}% 132
\BOOKMARK [3][-]{subsubsection.7.18.2.1}{\376\377\0007\000.\0001\0008\000.\0002\000.\0001\000\040\000b\000u\000i\000l\000d\000\137\000m\000e\000n\000u\000i\000t\000e\000m\000\137\000w\000i\000t\000h\000\137\000r\000e\000v\000i\000e\000w\000s\000\050\000\051}{subsection.7.18.2}% 133
\BOOKMARK [3][-]{subsubsection.7.18.2.2}{\376\377\0007\000.\0001\0008\000.\0002\000.\0002\000\040\000c\000h\000a\000t\000\137\000w\000i\000t\000h\000\137\000b\000o\000t\000\050\000\051}{subsection.7.18.2}% 134
\BOOKMARK [3][-]{subsubsection.7.18.2.3}{\376\377\0007\000.\0001\0008\000.\0002\000.\0003\000\040\000c\000r\000e\000a\000t\000e\000\137\000a\000d\000d\000r\000e\000s\000s\000\050\000\051}{subsection.7.18.2}% 135
\BOOKMARK [3][-]{subsubsection.7.18.2.4}{\376\377\0007\000.\0001\0008\000.\0002\000.\0004\000\040\000c\000r\000e\000a\000t\000e\000\137\000m\000e\000n\000u\000\137\000i\000t\000e\000m\000\050\000\051}{subsection.7.18.2}% 136
\BOOKMARK [3][-]{subsubsection.7.18.2.5}{\376\377\0007\000.\0001\0008\000.\0002\000.\0005\000\040\000c\000r\000e\000a\000t\000e\000\137\000n\000o\000t\000i\000f\000i\000c\000a\000t\000i\000o\000n\000\050\000\051}{subsection.7.18.2}% 137
\BOOKMARK [3][-]{subsubsection.7.18.2.6}{\376\377\0007\000.\0001\0008\000.\0002\000.\0006\000\040\000c\000r\000e\000a\000t\000e\000\137\000o\000r\000d\000e\000r\000\050\000\051}{subsection.7.18.2}% 138
\BOOKMARK [3][-]{subsubsection.7.18.2.7}{\376\377\0007\000.\0001\0008\000.\0002\000.\0007\000\040\000c\000r\000e\000a\000t\000e\000\137\000p\000a\000y\000m\000e\000n\000t\000\050\000\051}{subsection.7.18.2}% 139
\BOOKMARK [3][-]{subsubsection.7.18.2.8}{\376\377\0007\000.\0001\0008\000.\0002\000.\0008\000\040\000c\000r\000e\000a\000t\000e\000\137\000r\000e\000s\000t\000a\000u\000r\000a\000n\000t\000\050\000\051}{subsection.7.18.2}% 140
\BOOKMARK [3][-]{subsubsection.7.18.2.9}{\376\377\0007\000.\0001\0008\000.\0002\000.\0009\000\040\000c\000r\000e\000a\000t\000e\000\137\000r\000e\000v\000i\000e\000w\000\050\000\051}{subsection.7.18.2}% 141
\BOOKMARK [3][-]{subsubsection.7.18.2.10}{\376\377\0007\000.\0001\0008\000.\0002\000.\0001\0000\000\040\000c\000r\000e\000a\000t\000e\000\137\000u\000s\000e\000r\000\050\000\051}{subsection.7.18.2}% 142
\BOOKMARK [3][-]{subsubsection.7.18.2.11}{\376\377\0007\000.\0001\0008\000.\0002\000.\0001\0001\000\040\000l\000o\000g\000i\000n\000\137\000f\000o\000r\000\137\000a\000c\000c\000e\000s\000s\000\137\000t\000o\000k\000e\000n\000\050\000\051}{subsection.7.18.2}% 143
\BOOKMARK [3][-]{subsubsection.7.18.2.12}{\376\377\0007\000.\0001\0008\000.\0002\000.\0001\0002\000\040\000m\000a\000r\000k\000\137\000n\000o\000t\000i\000f\000i\000c\000a\000t\000i\000o\000n\000\137\000a\000s\000\137\000r\000e\000a\000d\000\050\000\051}{subsection.7.18.2}% 144
\BOOKMARK [3][-]{subsubsection.7.18.2.13}{\376\377\0007\000.\0001\0008\000.\0002\000.\0001\0003\000\040\000r\000e\000a\000d\000\137\000a\000l\000l\000\137\000m\000e\000n\000u\000\137\000i\000t\000e\000m\000s\000\050\000\051}{subsection.7.18.2}% 145
\BOOKMARK [3][-]{subsubsection.7.18.2.14}{\376\377\0007\000.\0001\0008\000.\0002\000.\0001\0004\000\040\000r\000e\000a\000d\000\137\000c\000a\000t\000e\000g\000o\000r\000i\000e\000s\000\050\000\051}{subsection.7.18.2}% 146
\BOOKMARK [3][-]{subsubsection.7.18.2.15}{\376\377\0007\000.\0001\0008\000.\0002\000.\0001\0005\000\040\000r\000e\000a\000d\000\137\000f\000a\000q\000s\000\050\000\051}{subsection.7.18.2}% 147
\BOOKMARK [3][-]{subsubsection.7.18.2.16}{\376\377\0007\000.\0001\0008\000.\0002\000.\0001\0006\000\040\000r\000e\000a\000d\000\137\000m\000e\000n\000u\000\137\000i\000t\000e\000m\000\137\000d\000e\000t\000a\000i\000l\000\050\000\051}{subsection.7.18.2}% 148
\BOOKMARK [3][-]{subsubsection.7.18.2.17}{\376\377\0007\000.\0001\0008\000.\0002\000.\0001\0007\000\040\000r\000e\000a\000d\000\137\000o\000r\000d\000e\000r\000\137\000d\000e\000t\000a\000i\000l\000\050\000\051}{subsection.7.18.2}% 149
\BOOKMARK [3][-]{subsubsection.7.18.2.18}{\376\377\0007\000.\0001\0008\000.\0002\000.\0001\0008\000\040\000r\000e\000a\000d\000\137\000p\000r\000o\000m\000o\000t\000i\000o\000n\000s\000\050\000\051}{subsection.7.18.2}% 150
\BOOKMARK [3][-]{subsubsection.7.18.2.19}{\376\377\0007\000.\0001\0008\000.\0002\000.\0001\0009\000\040\000r\000e\000a\000d\000\137\000r\000e\000s\000t\000a\000u\000r\000a\000n\000t\000\050\000\051}{subsection.7.18.2}% 151
\BOOKMARK [3][-]{subsubsection.7.18.2.20}{\376\377\0007\000.\0001\0008\000.\0002\000.\0002\0000\000\040\000r\000e\000a\000d\000\137\000r\000e\000s\000t\000a\000u\000r\000a\000n\000t\000\137\000m\000e\000n\000u\000\050\000\051}{subsection.7.18.2}% 152
\BOOKMARK [3][-]{subsubsection.7.18.2.21}{\376\377\0007\000.\0001\0008\000.\0002\000.\0002\0001\000\040\000r\000e\000a\000d\000\137\000r\000e\000s\000t\000a\000u\000r\000a\000n\000t\000s\000\050\000\051}{subsection.7.18.2}% 153
\BOOKMARK [3][-]{subsubsection.7.18.2.22}{\376\377\0007\000.\0001\0008\000.\0002\000.\0002\0002\000\040\000r\000e\000a\000d\000\137\000r\000o\000o\000t\000\050\000\051}{subsection.7.18.2}% 154
\BOOKMARK [3][-]{subsubsection.7.18.2.23}{\376\377\0007\000.\0001\0008\000.\0002\000.\0002\0003\000\040\000r\000e\000a\000d\000\137\000u\000s\000e\000r\000\137\000a\000d\000d\000r\000e\000s\000s\000e\000s\000\050\000\051}{subsection.7.18.2}% 155
\BOOKMARK [3][-]{subsubsection.7.18.2.24}{\376\377\0007\000.\0001\0008\000.\0002\000.\0002\0004\000\040\000r\000e\000a\000d\000\137\000u\000s\000e\000r\000\137\000n\000o\000t\000i\000f\000i\000c\000a\000t\000i\000o\000n\000s\000\050\000\051}{subsection.7.18.2}% 156
\BOOKMARK [3][-]{subsubsection.7.18.2.25}{\376\377\0007\000.\0001\0008\000.\0002\000.\0002\0005\000\040\000r\000e\000a\000d\000\137\000u\000s\000e\000r\000\137\000o\000r\000d\000e\000r\000s\000\050\000\051}{subsection.7.18.2}% 157
\BOOKMARK [3][-]{subsubsection.7.18.2.26}{\376\377\0007\000.\0001\0008\000.\0002\000.\0002\0006\000\040\000r\000e\000a\000d\000\137\000u\000s\000e\000r\000\137\000p\000r\000o\000f\000i\000l\000e\000\137\000s\000u\000m\000m\000a\000r\000y\000\050\000\051}{subsection.7.18.2}% 158
\BOOKMARK [3][-]{subsubsection.7.18.2.27}{\376\377\0007\000.\0001\0008\000.\0002\000.\0002\0007\000\040\000r\000e\000a\000d\000\137\000u\000s\000e\000r\000s\000\050\000\051}{subsection.7.18.2}% 159
\BOOKMARK [3][-]{subsubsection.7.18.2.28}{\376\377\0007\000.\0001\0008\000.\0002\000.\0002\0008\000\040\000r\000e\000a\000d\000\137\000u\000s\000e\000r\000s\000\137\000m\000e\000\050\000\051}{subsection.7.18.2}% 160
\BOOKMARK [3][-]{subsubsection.7.18.2.29}{\376\377\0007\000.\0001\0008\000.\0002\000.\0002\0009\000\040\000s\000e\000a\000r\000c\000h\000\137\000m\000e\000n\000u\000\137\000i\000t\000e\000m\000s\000\137\000b\000y\000\137\000c\000a\000t\000e\000g\000o\000r\000y\000\137\000n\000a\000m\000e\000\050\000\051}{subsection.7.18.2}% 161
\BOOKMARK [3][-]{subsubsection.7.18.2.30}{\376\377\0007\000.\0001\0008\000.\0002\000.\0003\0000\000\040\000s\000e\000a\000r\000c\000h\000\137\000m\000e\000n\000u\000\137\000i\000t\000e\000m\000s\000\137\000b\000y\000\137\000n\000a\000m\000e\000\050\000\051}{subsection.7.18.2}% 162
\BOOKMARK [3][-]{subsubsection.7.18.2.31}{\376\377\0007\000.\0001\0008\000.\0002\000.\0003\0001\000\040\000s\000e\000a\000r\000c\000h\000\137\000r\000e\000s\000t\000a\000u\000r\000a\000n\000t\000s\000\137\000b\000y\000\137\000n\000a\000m\000e\000\050\000\051}{subsection.7.18.2}% 163
\BOOKMARK [3][-]{subsubsection.7.18.2.32}{\376\377\0007\000.\0001\0008\000.\0002\000.\0003\0002\000\040\000u\000p\000d\000a\000t\000e\000\137\000a\000d\000d\000r\000e\000s\000s\000\050\000\051}{subsection.7.18.2}% 164
\BOOKMARK [3][-]{subsubsection.7.18.2.33}{\376\377\0007\000.\0001\0008\000.\0002\000.\0003\0003\000\040\000u\000p\000d\000a\000t\000e\000\137\000d\000e\000v\000i\000c\000e\000\137\000t\000o\000k\000e\000n\000\050\000\051}{subsection.7.18.2}% 165
\BOOKMARK [3][-]{subsubsection.7.18.2.34}{\376\377\0007\000.\0001\0008\000.\0002\000.\0003\0004\000\040\000u\000p\000d\000a\000t\000e\000\137\000o\000r\000d\000e\000r\000\137\000s\000t\000a\000t\000u\000s\000\050\000\051}{subsection.7.18.2}% 166
\BOOKMARK [3][-]{subsubsection.7.18.2.35}{\376\377\0007\000.\0001\0008\000.\0002\000.\0003\0005\000\040\000v\000n\000p\000a\000y\000\137\000r\000e\000t\000u\000r\000n\000\050\000\051}{subsection.7.18.2}% 167
\BOOKMARK [2][-]{subsection.7.18.3}{\376\377\0007\000.\0001\0008\000.\0003\000\040\000V\000a\000r\000i\000a\000b\000l\000e\000\040\000D\000o\000c\000u\000m\000e\000n\000t\000a\000t\000i\000o\000n}{section.7.18}% 168
\BOOKMARK [3][-]{subsubsection.7.18.3.1}{\376\377\0007\000.\0001\0008\000.\0003\000.\0001\000\040\000a\000l\000l\000o\000w\000\137\000c\000r\000e\000d\000e\000n\000t\000i\000a\000l\000s}{subsection.7.18.3}% 169
\BOOKMARK [3][-]{subsubsection.7.18.3.2}{\376\377\0007\000.\0001\0008\000.\0003\000.\0002\000\040\000a\000l\000l\000o\000w\000\137\000h\000e\000a\000d\000e\000r\000s}{subsection.7.18.3}% 170
\BOOKMARK [3][-]{subsubsection.7.18.3.3}{\376\377\0007\000.\0001\0008\000.\0003\000.\0003\000\040\000a\000l\000l\000o\000w\000\137\000m\000e\000t\000h\000o\000d\000s}{subsection.7.18.3}% 171
\BOOKMARK [3][-]{subsubsection.7.18.3.4}{\376\377\0007\000.\0001\0008\000.\0003\000.\0004\000\040\000a\000l\000l\000o\000w\000\137\000o\000r\000i\000g\000i\000n\000s}{subsection.7.18.3}% 172
\BOOKMARK [3][-]{subsubsection.7.18.3.5}{\376\377\0007\000.\0001\0008\000.\0003\000.\0005\000\040\000a\000p\000p}{subsection.7.18.3}% 173
\BOOKMARK [3][-]{subsubsection.7.18.3.6}{\376\377\0007\000.\0001\0008\000.\0003\000.\0006\000\040\000b\000i\000n\000d}{subsection.7.18.3}% 174
\BOOKMARK [3][-]{subsubsection.7.18.3.7}{\376\377\0007\000.\0001\0008\000.\0003\000.\0007\000\040\000h\000o\000s\000t}{subsection.7.18.3}% 175
\BOOKMARK [3][-]{subsubsection.7.18.3.8}{\376\377\0007\000.\0001\0008\000.\0003\000.\0008\000\040\000p\000o\000r\000t}{subsection.7.18.3}% 176
\BOOKMARK [1][-]{section.7.19}{\376\377\0007\000.\0001\0009\000\040\000P\000a\000c\000k\000a\000g\000e\000\040\000M\000e\000n\000u\000I\000t\000e\000m\000A\000d\000a\000p\000t\000e\000r}{chapter.7}% 177
\BOOKMARK [1][-]{section.7.20}{\376\377\0007\000.\0002\0000\000\040\000P\000a\000c\000k\000a\000g\000e\000\040\000M\000e\000n\000u\000I\000t\000e\000m\000A\000d\000a\000p\000t\000e\000r\000.\000M\000e\000n\000u\000I\000t\000e\000m\000V\000i\000e\000w\000H\000o\000l\000d\000e\000r}{chapter.7}% 178
\BOOKMARK [1][-]{section.7.21}{\376\377\0007\000.\0002\0001\000\040\000P\000a\000c\000k\000a\000g\000e\000\040\000M\000e\000n\000u\000I\000t\000e\000m\000A\000d\000a\000p\000t\000e\000r\000S\000m\000a\000l\000l}{chapter.7}% 179
\BOOKMARK [1][-]{section.7.22}{\376\377\0007\000.\0002\0002\000\040\000P\000a\000c\000k\000a\000g\000e\000\040\000M\000e\000n\000u\000I\000t\000e\000m\000A\000d\000a\000p\000t\000e\000r\000S\000m\000a\000l\000l\000.\000M\000e\000n\000u\000I\000t\000e\000m\000V\000i\000e\000w\000H\000o\000l\000d\000e\000r}{chapter.7}% 180
\BOOKMARK [1][-]{section.7.23}{\376\377\0007\000.\0002\0003\000\040\000m\000o\000d\000e\000l\000s\000\040\000N\000a\000m\000e\000s\000p\000a\000c\000e\000\040\000R\000e\000f\000e\000r\000e\000n\000c\000e}{chapter.7}% 181
\BOOKMARK [2][-]{subsection.7.23.1}{\376\377\0007\000.\0002\0003\000.\0001\000\040\000D\000e\000t\000a\000i\000l\000e\000d\000\040\000D\000e\000s\000c\000r\000i\000p\000t\000i\000o\000n}{section.7.23}% 182
\BOOKMARK [1][-]{section.7.24}{\376\377\0007\000.\0002\0004\000\040\000P\000a\000c\000k\000a\000g\000e\000\040\000N\000e\000t\000w\000o\000r\000k\000C\000o\000n\000f\000i\000g}{chapter.7}% 183
\BOOKMARK [1][-]{section.7.25}{\376\377\0007\000.\0002\0005\000\040\000n\000o\000t\000i\000f\000i\000c\000a\000t\000i\000o\000n\000\137\000s\000e\000r\000v\000i\000c\000e\000\040\000N\000a\000m\000e\000s\000p\000a\000c\000e\000\040\000R\000e\000f\000e\000r\000e\000n\000c\000e}{chapter.7}% 184
\BOOKMARK [2][-]{subsection.7.25.1}{\376\377\0007\000.\0002\0005\000.\0001\000\040\000D\000e\000t\000a\000i\000l\000e\000d\000\040\000D\000e\000s\000c\000r\000i\000p\000t\000i\000o\000n}{section.7.25}% 185
\BOOKMARK [2][-]{subsection.7.25.2}{\376\377\0007\000.\0002\0005\000.\0002\000\040\000F\000u\000n\000c\000t\000i\000o\000n\000\040\000D\000o\000c\000u\000m\000e\000n\000t\000a\000t\000i\000o\000n}{section.7.25}% 186
\BOOKMARK [3][-]{subsubsection.7.25.2.1}{\376\377\0007\000.\0002\0005\000.\0002\000.\0001\000\040\000n\000o\000t\000i\000f\000y\000\137\000u\000s\000e\000r\000\050\000\051}{subsection.7.25.2}% 187
\BOOKMARK [3][-]{subsubsection.7.25.2.2}{\376\377\0007\000.\0002\0005\000.\0002\000.\0002\000\040\000s\000e\000n\000d\000\137\000f\000c\000m\000\137\000n\000o\000t\000i\000f\000i\000c\000a\000t\000i\000o\000n\000\050\000\051}{subsection.7.25.2}% 188
\BOOKMARK [1][-]{section.7.26}{\376\377\0007\000.\0002\0006\000\040\000P\000a\000c\000k\000a\000g\000e\000\040\000N\000o\000t\000i\000f\000i\000c\000a\000t\000i\000o\000n\000A\000d\000a\000p\000t\000e\000r}{chapter.7}% 189
\BOOKMARK [1][-]{section.7.27}{\376\377\0007\000.\0002\0007\000\040\000P\000a\000c\000k\000a\000g\000e\000\040\000N\000o\000t\000i\000f\000i\000c\000a\000t\000i\000o\000n\000A\000d\000a\000p\000t\000e\000r\000.\000N\000o\000t\000i\000f\000i\000c\000a\000t\000i\000o\000n\000V\000i\000e\000w\000H\000o\000l\000d\000e\000r}{chapter.7}% 190
\BOOKMARK [1][-]{section.7.28}{\376\377\0007\000.\0002\0008\000\040\000p\000a\000y\000m\000e\000n\000t\000\137\000s\000e\000r\000v\000i\000c\000e\000\040\000N\000a\000m\000e\000s\000p\000a\000c\000e\000\040\000R\000e\000f\000e\000r\000e\000n\000c\000e}{chapter.7}% 191
\BOOKMARK [2][-]{subsection.7.28.1}{\376\377\0007\000.\0002\0008\000.\0001\000\040\000D\000e\000t\000a\000i\000l\000e\000d\000\040\000D\000e\000s\000c\000r\000i\000p\000t\000i\000o\000n}{section.7.28}% 192
\BOOKMARK [2][-]{subsection.7.28.2}{\376\377\0007\000.\0002\0008\000.\0002\000\040\000F\000u\000n\000c\000t\000i\000o\000n\000\040\000D\000o\000c\000u\000m\000e\000n\000t\000a\000t\000i\000o\000n}{section.7.28}% 193
\BOOKMARK [3][-]{subsubsection.7.28.2.1}{\376\377\0007\000.\0002\0008\000.\0002\000.\0001\000\040\000g\000e\000n\000e\000r\000a\000t\000e\000\137\000v\000n\000p\000a\000y\000\137\000u\000r\000l\000\050\000\051}{subsection.7.28.2}% 194
\BOOKMARK [2][-]{subsection.7.28.3}{\376\377\0007\000.\0002\0008\000.\0003\000\040\000V\000a\000r\000i\000a\000b\000l\000e\000\040\000D\000o\000c\000u\000m\000e\000n\000t\000a\000t\000i\000o\000n}{section.7.28}% 195
\BOOKMARK [3][-]{subsubsection.7.28.3.1}{\376\377\0007\000.\0002\0008\000.\0003\000.\0001\000\040\000V\000N\000P\000\137\000H\000A\000S\000H\000\137\000S\000E\000C\000R\000E\000T}{subsection.7.28.3}% 196
\BOOKMARK [3][-]{subsubsection.7.28.3.2}{\376\377\0007\000.\0002\0008\000.\0003\000.\0002\000\040\000V\000N\000P\000\137\000R\000E\000T\000U\000R\000N\000\137\000U\000R\000L}{subsection.7.28.3}% 197
\BOOKMARK [3][-]{subsubsection.7.28.3.3}{\376\377\0007\000.\0002\0008\000.\0003\000.\0003\000\040\000V\000N\000P\000\137\000T\000M\000N\000C\000O\000D\000E}{subsection.7.28.3}% 198
\BOOKMARK [3][-]{subsubsection.7.28.3.4}{\376\377\0007\000.\0002\0008\000.\0003\000.\0004\000\040\000V\000N\000P\000\137\000U\000R\000L}{subsection.7.28.3}% 199
\BOOKMARK [1][-]{section.7.29}{\376\377\0007\000.\0002\0009\000\040\000P\000a\000c\000k\000a\000g\000e\000\040\000R\000e\000s\000t\000a\000u\000r\000a\000n\000t\000A\000d\000a\000p\000t\000e\000r}{chapter.7}% 200
\BOOKMARK [1][-]{section.7.30}{\376\377\0007\000.\0003\0000\000\040\000P\000a\000c\000k\000a\000g\000e\000\040\000R\000e\000s\000t\000a\000u\000r\000a\000n\000t\000A\000d\000a\000p\000t\000e\000r\000.\000R\000e\000s\000t\000a\000u\000r\000a\000n\000t\000V\000i\000e\000w\000H\000o\000l\000d\000e\000r}{chapter.7}% 201
\BOOKMARK [1][-]{section.7.31}{\376\377\0007\000.\0003\0001\000\040\000P\000a\000c\000k\000a\000g\000e\000\040\000R\000e\000t\000r\000o\000f\000i\000t\000C\000l\000i\000e\000n\000t}{chapter.7}% 202
\BOOKMARK [1][-]{section.7.32}{\376\377\0007\000.\0003\0002\000\040\000s\000c\000h\000e\000m\000a\000s\000\040\000N\000a\000m\000e\000s\000p\000a\000c\000e\000\040\000R\000e\000f\000e\000r\000e\000n\000c\000e}{chapter.7}% 203
\BOOKMARK [2][-]{subsection.7.32.1}{\376\377\0007\000.\0003\0002\000.\0001\000\040\000D\000e\000t\000a\000i\000l\000e\000d\000\040\000D\000e\000s\000c\000r\000i\000p\000t\000i\000o\000n}{section.7.32}% 204
\BOOKMARK [1][-]{section.7.33}{\376\377\0007\000.\0003\0003\000\040\000v\000i\000e\000w\000\137\000d\000a\000t\000a\000\040\000N\000a\000m\000e\000s\000p\000a\000c\000e\000\040\000R\000e\000f\000e\000r\000e\000n\000c\000e}{chapter.7}% 205
\BOOKMARK [2][-]{subsection.7.33.1}{\376\377\0007\000.\0003\0003\000.\0001\000\040\000D\000e\000t\000a\000i\000l\000e\000d\000\040\000D\000e\000s\000c\000r\000i\000p\000t\000i\000o\000n}{section.7.33}% 206
\BOOKMARK [2][-]{subsection.7.33.2}{\376\377\0007\000.\0003\0003\000.\0002\000\040\000F\000u\000n\000c\000t\000i\000o\000n\000\040\000D\000o\000c\000u\000m\000e\000n\000t\000a\000t\000i\000o\000n}{section.7.33}% 207
\BOOKMARK [3][-]{subsubsection.7.33.2.1}{\376\377\0007\000.\0003\0003\000.\0002\000.\0001\000\040\000g\000e\000t\000\137\000a\000l\000l\000\137\000t\000a\000b\000l\000e\000s\000\050\000\051}{subsection.7.33.2}% 208
\BOOKMARK [3][-]{subsubsection.7.33.2.2}{\376\377\0007\000.\0003\0003\000.\0002\000.\0002\000\040\000v\000i\000e\000w\000\137\000a\000l\000l\000\137\000d\000a\000t\000a\000\050\000\051}{subsection.7.33.2}% 209
\BOOKMARK [3][-]{subsubsection.7.33.2.3}{\376\377\0007\000.\0003\0003\000.\0002\000.\0003\000\040\000v\000i\000e\000w\000\137\000s\000p\000e\000c\000i\000f\000i\000c\000\137\000t\000a\000b\000l\000e\000\050\000\051}{subsection.7.33.2}% 210
\BOOKMARK [3][-]{subsubsection.7.33.2.4}{\376\377\0007\000.\0003\0003\000.\0002\000.\0004\000\040\000v\000i\000e\000w\000\137\000t\000a\000b\000l\000e\000\137\000d\000a\000t\000a\000\050\000\051}{subsection.7.33.2}% 211
\BOOKMARK [2][-]{subsection.7.33.3}{\376\377\0007\000.\0003\0003\000.\0003\000\040\000V\000a\000r\000i\000a\000b\000l\000e\000\040\000D\000o\000c\000u\000m\000e\000n\000t\000a\000t\000i\000o\000n}{section.7.33}% 212
\BOOKMARK [3][-]{subsubsection.7.33.3.1}{\376\377\0007\000.\0003\0003\000.\0003\000.\0001\000\040\000l\000i\000m\000i\000t}{subsection.7.33.3}% 213
\BOOKMARK [3][-]{subsubsection.7.33.3.2}{\376\377\0007\000.\0003\0003\000.\0003\000.\0002\000\040\000t\000a\000b\000l\000e\000\137\000n\000a\000m\000e}{subsection.7.33.3}% 214
\BOOKMARK [0][-]{chapter.8}{\376\377\0008\000\040\000C\000l\000a\000s\000s\000\040\000D\000o\000c\000u\000m\000e\000n\000t\000a\000t\000i\000o\000n}{}% 215
\BOOKMARK [1][-]{section.8.1}{\376\377\0008\000.\0001\000\040\000m\000o\000d\000e\000l\000s\000.\000A\000d\000d\000r\000e\000s\000s\000\040\000C\000l\000a\000s\000s\000\040\000R\000e\000f\000e\000r\000e\000n\000c\000e}{chapter.8}% 216
\BOOKMARK [2][-]{subsection.8.1.1}{\376\377\0008\000.\0001\000.\0001\000\040\000D\000e\000t\000a\000i\000l\000e\000d\000\040\000D\000e\000s\000c\000r\000i\000p\000t\000i\000o\000n}{section.8.1}% 217
\BOOKMARK [2][-]{subsection.8.1.2}{\376\377\0008\000.\0001\000.\0002\000\040\000M\000e\000m\000b\000e\000r\000\040\000D\000a\000t\000a\000\040\000D\000o\000c\000u\000m\000e\000n\000t\000a\000t\000i\000o\000n}{section.8.1}% 218
\BOOKMARK [3][-]{subsubsection.8.1.2.1}{\376\377\0008\000.\0001\000.\0002\000.\0001\000\040\000\137\000\137\000t\000a\000b\000l\000e\000n\000a\000m\000e\000\137\000\137}{subsection.8.1.2}% 219
\BOOKMARK [3][-]{subsubsection.8.1.2.2}{\376\377\0008\000.\0001\000.\0002\000.\0002\000\040\000d\000e\000t\000a\000i\000l}{subsection.8.1.2}% 220
\BOOKMARK [3][-]{subsubsection.8.1.2.3}{\376\377\0008\000.\0001\000.\0002\000.\0003\000\040\000i\000d}{subsection.8.1.2}% 221
\BOOKMARK [3][-]{subsubsection.8.1.2.4}{\376\377\0008\000.\0001\000.\0002\000.\0004\000\040\000o\000r\000d\000e\000r\000s}{subsection.8.1.2}% 222
\BOOKMARK [3][-]{subsubsection.8.1.2.5}{\376\377\0008\000.\0001\000.\0002\000.\0005\000\040\000p\000h\000o\000n\000e}{subsection.8.1.2}% 223
\BOOKMARK [3][-]{subsubsection.8.1.2.6}{\376\377\0008\000.\0001\000.\0002\000.\0006\000\040\000u\000s\000e\000r}{subsection.8.1.2}% 224
\BOOKMARK [3][-]{subsubsection.8.1.2.7}{\376\377\0008\000.\0001\000.\0002\000.\0007\000\040\000u\000s\000e\000r\000i\000d}{subsection.8.1.2}% 225
\BOOKMARK [1][-]{section.8.2}{\376\377\0008\000.\0002\000\040\000s\000c\000h\000e\000m\000a\000s\000.\000A\000d\000d\000r\000e\000s\000s\000\040\000C\000l\000a\000s\000s\000\040\000R\000e\000f\000e\000r\000e\000n\000c\000e}{chapter.8}% 226
\BOOKMARK [2][-]{subsection.8.2.1}{\376\377\0008\000.\0002\000.\0001\000\040\000D\000e\000t\000a\000i\000l\000e\000d\000\040\000D\000e\000s\000c\000r\000i\000p\000t\000i\000o\000n}{section.8.2}% 227
\BOOKMARK [2][-]{subsection.8.2.2}{\376\377\0008\000.\0002\000.\0002\000\040\000M\000e\000m\000b\000e\000r\000\040\000D\000a\000t\000a\000\040\000D\000o\000c\000u\000m\000e\000n\000t\000a\000t\000i\000o\000n}{section.8.2}% 228
\BOOKMARK [3][-]{subsubsection.8.2.2.1}{\376\377\0008\000.\0002\000.\0002\000.\0001\000\040\000m\000o\000d\000e\000l\000\137\000c\000o\000n\000f\000i\000g}{subsection.8.2.2}% 229
\BOOKMARK [1][-]{section.8.3}{\376\377\0008\000.\0003\000\040\000s\000c\000h\000e\000m\000a\000s\000.\000A\000d\000d\000r\000e\000s\000s\000B\000a\000s\000e\000\040\000C\000l\000a\000s\000s\000\040\000R\000e\000f\000e\000r\000e\000n\000c\000e}{chapter.8}% 230
\BOOKMARK [2][-]{subsection.8.3.1}{\376\377\0008\000.\0003\000.\0001\000\040\000D\000e\000t\000a\000i\000l\000e\000d\000\040\000D\000e\000s\000c\000r\000i\000p\000t\000i\000o\000n}{section.8.3}% 231
\BOOKMARK [2][-]{subsection.8.3.2}{\376\377\0008\000.\0003\000.\0002\000\040\000M\000e\000m\000b\000e\000r\000\040\000D\000a\000t\000a\000\040\000D\000o\000c\000u\000m\000e\000n\000t\000a\000t\000i\000o\000n}{section.8.3}% 232
\BOOKMARK [3][-]{subsubsection.8.3.2.1}{\376\377\0008\000.\0003\000.\0002\000.\0001\000\040\000p\000h\000o\000n\000e}{subsection.8.3.2}% 233
\BOOKMARK [1][-]{section.8.4}{\376\377\0008\000.\0004\000\040\000s\000c\000h\000e\000m\000a\000s\000.\000A\000d\000d\000r\000e\000s\000s\000C\000r\000e\000a\000t\000e\000\040\000C\000l\000a\000s\000s\000\040\000R\000e\000f\000e\000r\000e\000n\000c\000e}{chapter.8}% 234
\BOOKMARK [2][-]{subsection.8.4.1}{\376\377\0008\000.\0004\000.\0001\000\040\000D\000e\000t\000a\000i\000l\000e\000d\000\040\000D\000e\000s\000c\000r\000i\000p\000t\000i\000o\000n}{section.8.4}% 235
\BOOKMARK [1][-]{section.8.5}{\376\377\0008\000.\0005\000\040\000s\000c\000h\000e\000m\000a\000s\000.\000A\000d\000d\000r\000e\000s\000s\000U\000p\000d\000a\000t\000e\000\040\000C\000l\000a\000s\000s\000\040\000R\000e\000f\000e\000r\000e\000n\000c\000e}{chapter.8}% 236
\BOOKMARK [2][-]{subsection.8.5.1}{\376\377\0008\000.\0005\000.\0001\000\040\000D\000e\000t\000a\000i\000l\000e\000d\000\040\000D\000e\000s\000c\000r\000i\000p\000t\000i\000o\000n}{section.8.5}% 237
\BOOKMARK [2][-]{subsection.8.5.2}{\376\377\0008\000.\0005\000.\0002\000\040\000M\000e\000m\000b\000e\000r\000\040\000D\000a\000t\000a\000\040\000D\000o\000c\000u\000m\000e\000n\000t\000a\000t\000i\000o\000n}{section.8.5}% 238
\BOOKMARK [3][-]{subsubsection.8.5.2.1}{\376\377\0008\000.\0005\000.\0002\000.\0001\000\040\000d\000e\000t\000a\000i\000l}{subsection.8.5.2}% 239
\BOOKMARK [3][-]{subsubsection.8.5.2.2}{\376\377\0008\000.\0005\000.\0002\000.\0002\000\040\000p\000h\000o\000n\000e}{subsection.8.5.2}% 240
\BOOKMARK [1][-]{section.8.6}{\376\377\0008\000.\0006\000\040\000m\000o\000d\000e\000l\000s\000.\000C\000a\000t\000e\000g\000o\000r\000y\000\040\000C\000l\000a\000s\000s\000\040\000R\000e\000f\000e\000r\000e\000n\000c\000e}{chapter.8}% 241
\BOOKMARK [2][-]{subsection.8.6.1}{\376\377\0008\000.\0006\000.\0001\000\040\000D\000e\000t\000a\000i\000l\000e\000d\000\040\000D\000e\000s\000c\000r\000i\000p\000t\000i\000o\000n}{section.8.6}% 242
\BOOKMARK [2][-]{subsection.8.6.2}{\376\377\0008\000.\0006\000.\0002\000\040\000M\000e\000m\000b\000e\000r\000\040\000D\000a\000t\000a\000\040\000D\000o\000c\000u\000m\000e\000n\000t\000a\000t\000i\000o\000n}{section.8.6}% 243
\BOOKMARK [3][-]{subsubsection.8.6.2.1}{\376\377\0008\000.\0006\000.\0002\000.\0001\000\040\000\137\000\137\000t\000a\000b\000l\000e\000n\000a\000m\000e\000\137\000\137}{subsection.8.6.2}% 244
\BOOKMARK [3][-]{subsubsection.8.6.2.2}{\376\377\0008\000.\0006\000.\0002\000.\0002\000\040\000d\000e\000s\000c\000r\000i\000p\000t\000i\000o\000n}{subsection.8.6.2}% 245
\BOOKMARK [3][-]{subsubsection.8.6.2.3}{\376\377\0008\000.\0006\000.\0002\000.\0003\000\040\000i\000d}{subsection.8.6.2}% 246
\BOOKMARK [3][-]{subsubsection.8.6.2.4}{\376\377\0008\000.\0006\000.\0002\000.\0004\000\040\000m\000e\000n\000u\000\137\000i\000t\000e\000m\000s}{subsection.8.6.2}% 247
\BOOKMARK [3][-]{subsubsection.8.6.2.5}{\376\377\0008\000.\0006\000.\0002\000.\0005\000\040\000n\000a\000m\000e}{subsection.8.6.2}% 248
\BOOKMARK [3][-]{subsubsection.8.6.2.6}{\376\377\0008\000.\0006\000.\0002\000.\0006\000\040\000t\000y\000p\000e}{subsection.8.6.2}% 249
\BOOKMARK [1][-]{section.8.7}{\376\377\0008\000.\0007\000\040\000s\000c\000h\000e\000m\000a\000s\000.\000C\000a\000t\000e\000g\000o\000r\000y\000\040\000C\000l\000a\000s\000s\000\040\000R\000e\000f\000e\000r\000e\000n\000c\000e}{chapter.8}% 250
\BOOKMARK [2][-]{subsection.8.7.1}{\376\377\0008\000.\0007\000.\0001\000\040\000D\000e\000t\000a\000i\000l\000e\000d\000\040\000D\000e\000s\000c\000r\000i\000p\000t\000i\000o\000n}{section.8.7}% 251
\BOOKMARK [2][-]{subsection.8.7.2}{\376\377\0008\000.\0007\000.\0002\000\040\000M\000e\000m\000b\000e\000r\000\040\000D\000a\000t\000a\000\040\000D\000o\000c\000u\000m\000e\000n\000t\000a\000t\000i\000o\000n}{section.8.7}% 252
\BOOKMARK [3][-]{subsubsection.8.7.2.1}{\376\377\0008\000.\0007\000.\0002\000.\0001\000\040\000m\000o\000d\000e\000l\000\137\000c\000o\000n\000f\000i\000g}{subsection.8.7.2}% 253
\BOOKMARK [1][-]{section.8.8}{\376\377\0008\000.\0008\000\040\000s\000c\000h\000e\000m\000a\000s\000.\000C\000a\000t\000e\000g\000o\000r\000y\000B\000a\000s\000e\000\040\000C\000l\000a\000s\000s\000\040\000R\000e\000f\000e\000r\000e\000n\000c\000e}{chapter.8}% 254
\BOOKMARK [2][-]{subsection.8.8.1}{\376\377\0008\000.\0008\000.\0001\000\040\000D\000e\000t\000a\000i\000l\000e\000d\000\040\000D\000e\000s\000c\000r\000i\000p\000t\000i\000o\000n}{section.8.8}% 255
\BOOKMARK [2][-]{subsection.8.8.2}{\376\377\0008\000.\0008\000.\0002\000\040\000M\000e\000m\000b\000e\000r\000\040\000D\000a\000t\000a\000\040\000D\000o\000c\000u\000m\000e\000n\000t\000a\000t\000i\000o\000n}{section.8.8}% 256
\BOOKMARK [3][-]{subsubsection.8.8.2.1}{\376\377\0008\000.\0008\000.\0002\000.\0001\000\040\000d\000e\000s\000c\000r\000i\000p\000t\000i\000o\000n}{subsection.8.8.2}% 257
\BOOKMARK [3][-]{subsubsection.8.8.2.2}{\376\377\0008\000.\0008\000.\0002\000.\0002\000\040\000t\000y\000p\000e}{subsection.8.8.2}% 258
\BOOKMARK [1][-]{section.8.9}{\376\377\0008\000.\0009\000\040\000s\000c\000h\000e\000m\000a\000s\000.\000C\000a\000t\000e\000g\000o\000r\000y\000C\000r\000e\000a\000t\000e\000\040\000C\000l\000a\000s\000s\000\040\000R\000e\000f\000e\000r\000e\000n\000c\000e}{chapter.8}% 259
\BOOKMARK [2][-]{subsection.8.9.1}{\376\377\0008\000.\0009\000.\0001\000\040\000D\000e\000t\000a\000i\000l\000e\000d\000\040\000D\000e\000s\000c\000r\000i\000p\000t\000i\000o\000n}{section.8.9}% 260
\BOOKMARK [1][-]{section.8.10}{\376\377\0008\000.\0001\0000\000\040\000c\000h\000a\000t\000b\000o\000t\000\137\000s\000e\000r\000v\000i\000c\000e\000.\000C\000h\000a\000t\000B\000o\000t\000S\000e\000r\000v\000i\000c\000e\000\040\000C\000l\000a\000s\000s\000\040\000R\000e\000f\000e\000r\000e\000n\000c\000e}{chapter.8}% 261
\BOOKMARK [2][-]{subsection.8.10.1}{\376\377\0008\000.\0001\0000\000.\0001\000\040\000D\000e\000t\000a\000i\000l\000e\000d\000\040\000D\000e\000s\000c\000r\000i\000p\000t\000i\000o\000n}{section.8.10}% 262
\BOOKMARK [2][-]{subsection.8.10.2}{\376\377\0008\000.\0001\0000\000.\0002\000\040\000C\000o\000n\000s\000t\000r\000u\000c\000t\000o\000r\000\040\000\046\000\040\000D\000e\000s\000t\000r\000u\000c\000t\000o\000r\000\040\000D\000o\000c\000u\000m\000e\000n\000t\000a\000t\000i\000o\000n}{section.8.10}% 263
\BOOKMARK [3][-]{subsubsection.8.10.2.1}{\376\377\0008\000.\0001\0000\000.\0002\000.\0001\000\040\000\137\000\137\000i\000n\000i\000t\000\137\000\137\000\050\000\051}{subsection.8.10.2}% 264
\BOOKMARK [2][-]{subsection.8.10.3}{\376\377\0008\000.\0001\0000\000.\0003\000\040\000M\000e\000m\000b\000e\000r\000\040\000F\000u\000n\000c\000t\000i\000o\000n\000\040\000D\000o\000c\000u\000m\000e\000n\000t\000a\000t\000i\000o\000n}{section.8.10}% 265
\BOOKMARK [3][-]{subsubsection.8.10.3.1}{\376\377\0008\000.\0001\0000\000.\0003\000.\0001\000\040\000\137\000c\000a\000l\000l\000\137\000g\000e\000m\000i\000n\000i\000\137\000s\000d\000k\000\050\000\051}{subsection.8.10.3}% 266
\BOOKMARK [3][-]{subsubsection.8.10.3.2}{\376\377\0008\000.\0001\0000\000.\0003\000.\0002\000\040\000g\000e\000t\000\137\000a\000p\000p\000\137\000c\000o\000n\000t\000e\000x\000t\000\050\000\051}{subsection.8.10.3}% 267
\BOOKMARK [3][-]{subsubsection.8.10.3.3}{\376\377\0008\000.\0001\0000\000.\0003\000.\0003\000\040\000g\000e\000t\000\137\000r\000e\000s\000p\000o\000n\000s\000e\000\050\000\051}{subsection.8.10.3}% 268
\BOOKMARK [2][-]{subsection.8.10.4}{\376\377\0008\000.\0001\0000\000.\0004\000\040\000M\000e\000m\000b\000e\000r\000\040\000D\000a\000t\000a\000\040\000D\000o\000c\000u\000m\000e\000n\000t\000a\000t\000i\000o\000n}{section.8.10}% 269
\BOOKMARK [3][-]{subsubsection.8.10.4.1}{\376\377\0008\000.\0001\0000\000.\0004\000.\0001\000\040\000\137\000c\000a\000l\000l\000\137\000g\000e\000m\000i\000n\000i\000\137\000s\000d\000k}{subsection.8.10.4}% 270
\BOOKMARK [3][-]{subsubsection.8.10.4.2}{\376\377\0008\000.\0001\0000\000.\0004\000.\0002\000\040\000c\000l\000i\000e\000n\000t}{subsection.8.10.4}% 271
\BOOKMARK [3][-]{subsubsection.8.10.4.3}{\376\377\0008\000.\0001\0000\000.\0004\000.\0003\000\040\000d\000b}{subsection.8.10.4}% 272
\BOOKMARK [3][-]{subsubsection.8.10.4.4}{\376\377\0008\000.\0001\0000\000.\0004\000.\0004\000\040\000u\000s\000e\000r\000\137\000i\000d}{subsection.8.10.4}% 273
\BOOKMARK [1][-]{section.8.11}{\376\377\0008\000.\0001\0001\000\040\000m\000o\000d\000e\000l\000s\000.\000C\000h\000a\000t\000M\000e\000s\000s\000a\000g\000e\000\040\000C\000l\000a\000s\000s\000\040\000R\000e\000f\000e\000r\000e\000n\000c\000e}{chapter.8}% 274
\BOOKMARK [2][-]{subsection.8.11.1}{\376\377\0008\000.\0001\0001\000.\0001\000\040\000D\000e\000t\000a\000i\000l\000e\000d\000\040\000D\000e\000s\000c\000r\000i\000p\000t\000i\000o\000n}{section.8.11}% 275
\BOOKMARK [2][-]{subsection.8.11.2}{\376\377\0008\000.\0001\0001\000.\0002\000\040\000M\000e\000m\000b\000e\000r\000\040\000D\000a\000t\000a\000\040\000D\000o\000c\000u\000m\000e\000n\000t\000a\000t\000i\000o\000n}{section.8.11}% 276
\BOOKMARK [3][-]{subsubsection.8.11.2.1}{\376\377\0008\000.\0001\0001\000.\0002\000.\0001\000\040\000\137\000\137\000t\000a\000b\000l\000e\000n\000a\000m\000e\000\137\000\137}{subsection.8.11.2}% 277
\BOOKMARK [3][-]{subsubsection.8.11.2.2}{\376\377\0008\000.\0001\0001\000.\0002\000.\0002\000\040\000i\000d}{subsection.8.11.2}% 278
\BOOKMARK [3][-]{subsubsection.8.11.2.3}{\376\377\0008\000.\0001\0001\000.\0002\000.\0003\000\040\000m\000e\000s\000s\000a\000g\000e}{subsection.8.11.2}% 279
\BOOKMARK [3][-]{subsubsection.8.11.2.4}{\376\377\0008\000.\0001\0001\000.\0002\000.\0004\000\040\000s\000e\000n\000d\000e\000r\000r\000o\000l\000e}{subsection.8.11.2}% 280
\BOOKMARK [3][-]{subsubsection.8.11.2.5}{\376\377\0008\000.\0001\0001\000.\0002\000.\0005\000\040\000s\000e\000n\000t\000a\000t}{subsection.8.11.2}% 281
\BOOKMARK [3][-]{subsubsection.8.11.2.6}{\376\377\0008\000.\0001\0001\000.\0002\000.\0006\000\040\000s\000e\000s\000s\000i\000o\000n}{subsection.8.11.2}% 282
\BOOKMARK [3][-]{subsubsection.8.11.2.7}{\376\377\0008\000.\0001\0001\000.\0002\000.\0007\000\040\000s\000e\000s\000s\000i\000o\000n\000i\000d}{subsection.8.11.2}% 283
\BOOKMARK [1][-]{section.8.12}{\376\377\0008\000.\0001\0002\000\040\000s\000c\000h\000e\000m\000a\000s\000.\000C\000h\000a\000t\000M\000e\000s\000s\000a\000g\000e\000\040\000C\000l\000a\000s\000s\000\040\000R\000e\000f\000e\000r\000e\000n\000c\000e}{chapter.8}% 284
\BOOKMARK [2][-]{subsection.8.12.1}{\376\377\0008\000.\0001\0002\000.\0001\000\040\000D\000e\000t\000a\000i\000l\000e\000d\000\040\000D\000e\000s\000c\000r\000i\000p\000t\000i\000o\000n}{section.8.12}% 285
\BOOKMARK [2][-]{subsection.8.12.2}{\376\377\0008\000.\0001\0002\000.\0002\000\040\000M\000e\000m\000b\000e\000r\000\040\000D\000a\000t\000a\000\040\000D\000o\000c\000u\000m\000e\000n\000t\000a\000t\000i\000o\000n}{section.8.12}% 286
\BOOKMARK [3][-]{subsubsection.8.12.2.1}{\376\377\0008\000.\0001\0002\000.\0002\000.\0001\000\040\000m\000o\000d\000e\000l\000\137\000c\000o\000n\000f\000i\000g}{subsection.8.12.2}% 287
\BOOKMARK [1][-]{section.8.13}{\376\377\0008\000.\0001\0003\000\040\000s\000c\000h\000e\000m\000a\000s\000.\000C\000h\000a\000t\000M\000e\000s\000s\000a\000g\000e\000B\000a\000s\000e\000\040\000C\000l\000a\000s\000s\000\040\000R\000e\000f\000e\000r\000e\000n\000c\000e}{chapter.8}% 288
\BOOKMARK [2][-]{subsection.8.13.1}{\376\377\0008\000.\0001\0003\000.\0001\000\040\000D\000e\000t\000a\000i\000l\000e\000d\000\040\000D\000e\000s\000c\000r\000i\000p\000t\000i\000o\000n}{section.8.13}% 289
\BOOKMARK [1][-]{section.8.14}{\376\377\0008\000.\0001\0004\000\040\000s\000c\000h\000e\000m\000a\000s\000.\000C\000h\000a\000t\000M\000e\000s\000s\000a\000g\000e\000C\000r\000e\000a\000t\000e\000\040\000C\000l\000a\000s\000s\000\040\000R\000e\000f\000e\000r\000e\000n\000c\000e}{chapter.8}% 290
\BOOKMARK [2][-]{subsection.8.14.1}{\376\377\0008\000.\0001\0004\000.\0001\000\040\000D\000e\000t\000a\000i\000l\000e\000d\000\040\000D\000e\000s\000c\000r\000i\000p\000t\000i\000o\000n}{section.8.14}% 291
\BOOKMARK [1][-]{section.8.15}{\376\377\0008\000.\0001\0005\000\040\000m\000o\000d\000e\000l\000s\000.\000C\000h\000a\000t\000S\000e\000s\000s\000i\000o\000n\000\040\000C\000l\000a\000s\000s\000\040\000R\000e\000f\000e\000r\000e\000n\000c\000e}{chapter.8}% 292
\BOOKMARK [2][-]{subsection.8.15.1}{\376\377\0008\000.\0001\0005\000.\0001\000\040\000D\000e\000t\000a\000i\000l\000e\000d\000\040\000D\000e\000s\000c\000r\000i\000p\000t\000i\000o\000n}{section.8.15}% 293
\BOOKMARK [2][-]{subsection.8.15.2}{\376\377\0008\000.\0001\0005\000.\0002\000\040\000M\000e\000m\000b\000e\000r\000\040\000D\000a\000t\000a\000\040\000D\000o\000c\000u\000m\000e\000n\000t\000a\000t\000i\000o\000n}{section.8.15}% 294
\BOOKMARK [3][-]{subsubsection.8.15.2.1}{\376\377\0008\000.\0001\0005\000.\0002\000.\0001\000\040\000\137\000\137\000t\000a\000b\000l\000e\000n\000a\000m\000e\000\137\000\137}{subsection.8.15.2}% 295
\BOOKMARK [3][-]{subsubsection.8.15.2.2}{\376\377\0008\000.\0001\0005\000.\0002\000.\0002\000\040\000c\000r\000e\000a\000t\000e\000d\000a\000t}{subsection.8.15.2}% 296
\BOOKMARK [3][-]{subsubsection.8.15.2.3}{\376\377\0008\000.\0001\0005\000.\0002\000.\0003\000\040\000i\000d}{subsection.8.15.2}% 297
\BOOKMARK [3][-]{subsubsection.8.15.2.4}{\376\377\0008\000.\0001\0005\000.\0002\000.\0004\000\040\000m\000e\000s\000s\000a\000g\000e\000s}{subsection.8.15.2}% 298
\BOOKMARK [3][-]{subsubsection.8.15.2.5}{\376\377\0008\000.\0001\0005\000.\0002\000.\0005\000\040\000n\000o\000t\000i\000f\000i\000c\000a\000t\000i\000o\000n\000s}{subsection.8.15.2}% 299
\BOOKMARK [3][-]{subsubsection.8.15.2.6}{\376\377\0008\000.\0001\0005\000.\0002\000.\0006\000\040\000s\000t\000a\000t\000u\000s}{subsection.8.15.2}% 300
\BOOKMARK [3][-]{subsubsection.8.15.2.7}{\376\377\0008\000.\0001\0005\000.\0002\000.\0007\000\040\000u\000s\000e\000r}{subsection.8.15.2}% 301
\BOOKMARK [3][-]{subsubsection.8.15.2.8}{\376\377\0008\000.\0001\0005\000.\0002\000.\0008\000\040\000u\000s\000e\000r\000i\000d}{subsection.8.15.2}% 302
\BOOKMARK [1][-]{section.8.16}{\376\377\0008\000.\0001\0006\000\040\000s\000c\000h\000e\000m\000a\000s\000.\000C\000h\000a\000t\000S\000e\000s\000s\000i\000o\000n\000\040\000C\000l\000a\000s\000s\000\040\000R\000e\000f\000e\000r\000e\000n\000c\000e}{chapter.8}% 303
\BOOKMARK [2][-]{subsection.8.16.1}{\376\377\0008\000.\0001\0006\000.\0001\000\040\000D\000e\000t\000a\000i\000l\000e\000d\000\040\000D\000e\000s\000c\000r\000i\000p\000t\000i\000o\000n}{section.8.16}% 304
\BOOKMARK [2][-]{subsection.8.16.2}{\376\377\0008\000.\0001\0006\000.\0002\000\040\000M\000e\000m\000b\000e\000r\000\040\000D\000a\000t\000a\000\040\000D\000o\000c\000u\000m\000e\000n\000t\000a\000t\000i\000o\000n}{section.8.16}% 305
\BOOKMARK [3][-]{subsubsection.8.16.2.1}{\376\377\0008\000.\0001\0006\000.\0002\000.\0001\000\040\000m\000e\000s\000s\000a\000g\000e\000s}{subsection.8.16.2}% 306
\BOOKMARK [3][-]{subsubsection.8.16.2.2}{\376\377\0008\000.\0001\0006\000.\0002\000.\0002\000\040\000m\000o\000d\000e\000l\000\137\000c\000o\000n\000f\000i\000g}{subsection.8.16.2}% 307
\BOOKMARK [1][-]{section.8.17}{\376\377\0008\000.\0001\0007\000\040\000s\000c\000h\000e\000m\000a\000s\000.\000C\000h\000a\000t\000S\000e\000s\000s\000i\000o\000n\000C\000r\000e\000a\000t\000e\000\040\000C\000l\000a\000s\000s\000\040\000R\000e\000f\000e\000r\000e\000n\000c\000e}{chapter.8}% 308
\BOOKMARK [2][-]{subsection.8.17.1}{\376\377\0008\000.\0001\0007\000.\0001\000\040\000D\000e\000t\000a\000i\000l\000e\000d\000\040\000D\000e\000s\000c\000r\000i\000p\000t\000i\000o\000n}{section.8.17}% 309
\BOOKMARK [1][-]{section.8.18}{\376\377\0008\000.\0001\0008\000\040\000m\000o\000d\000e\000l\000s\000.\000D\000e\000l\000i\000v\000e\000r\000y\000\040\000C\000l\000a\000s\000s\000\040\000R\000e\000f\000e\000r\000e\000n\000c\000e}{chapter.8}% 310
\BOOKMARK [2][-]{subsection.8.18.1}{\376\377\0008\000.\0001\0008\000.\0001\000\040\000D\000e\000t\000a\000i\000l\000e\000d\000\040\000D\000e\000s\000c\000r\000i\000p\000t\000i\000o\000n}{section.8.18}% 311
\BOOKMARK [2][-]{subsection.8.18.2}{\376\377\0008\000.\0001\0008\000.\0002\000\040\000M\000e\000m\000b\000e\000r\000\040\000D\000a\000t\000a\000\040\000D\000o\000c\000u\000m\000e\000n\000t\000a\000t\000i\000o\000n}{section.8.18}% 312
\BOOKMARK [3][-]{subsubsection.8.18.2.1}{\376\377\0008\000.\0001\0008\000.\0002\000.\0001\000\040\000\137\000\137\000t\000a\000b\000l\000e\000n\000a\000m\000e\000\137\000\137}{subsection.8.18.2}% 313
\BOOKMARK [3][-]{subsubsection.8.18.2.2}{\376\377\0008\000.\0001\0008\000.\0002\000.\0002\000\040\000d\000e\000l\000i\000v\000e\000r\000y\000t\000i\000m\000e}{subsection.8.18.2}% 314
\BOOKMARK [3][-]{subsubsection.8.18.2.3}{\376\377\0008\000.\0001\0008\000.\0002\000.\0003\000\040\000i\000d}{subsection.8.18.2}% 315
\BOOKMARK [3][-]{subsubsection.8.18.2.4}{\376\377\0008\000.\0001\0008\000.\0002\000.\0004\000\040\000o\000r\000d\000e\000r}{subsection.8.18.2}% 316
\BOOKMARK [3][-]{subsubsection.8.18.2.5}{\376\377\0008\000.\0001\0008\000.\0002\000.\0005\000\040\000o\000r\000d\000e\000r\000i\000d}{subsection.8.18.2}% 317
\BOOKMARK [3][-]{subsubsection.8.18.2.6}{\376\377\0008\000.\0001\0008\000.\0002\000.\0006\000\040\000s\000h\000i\000p\000p\000e\000r}{subsection.8.18.2}% 318
\BOOKMARK [3][-]{subsubsection.8.18.2.7}{\376\377\0008\000.\0001\0008\000.\0002\000.\0007\000\040\000s\000h\000i\000p\000p\000e\000r\000i\000d}{subsection.8.18.2}% 319
\BOOKMARK [3][-]{subsubsection.8.18.2.8}{\376\377\0008\000.\0001\0008\000.\0002\000.\0008\000\040\000s\000t\000a\000t\000u\000s}{subsection.8.18.2}% 320
\BOOKMARK [1][-]{section.8.19}{\376\377\0008\000.\0001\0009\000\040\000s\000c\000h\000e\000m\000a\000s\000.\000D\000e\000l\000i\000v\000e\000r\000y\000\040\000C\000l\000a\000s\000s\000\040\000R\000e\000f\000e\000r\000e\000n\000c\000e}{chapter.8}% 321
\BOOKMARK [2][-]{subsection.8.19.1}{\376\377\0008\000.\0001\0009\000.\0001\000\040\000D\000e\000t\000a\000i\000l\000e\000d\000\040\000D\000e\000s\000c\000r\000i\000p\000t\000i\000o\000n}{section.8.19}% 322
\BOOKMARK [2][-]{subsection.8.19.2}{\376\377\0008\000.\0001\0009\000.\0002\000\040\000M\000e\000m\000b\000e\000r\000\040\000D\000a\000t\000a\000\040\000D\000o\000c\000u\000m\000e\000n\000t\000a\000t\000i\000o\000n}{section.8.19}% 323
\BOOKMARK [3][-]{subsubsection.8.19.2.1}{\376\377\0008\000.\0001\0009\000.\0002\000.\0001\000\040\000m\000o\000d\000e\000l\000\137\000c\000o\000n\000f\000i\000g}{subsection.8.19.2}% 324
\BOOKMARK [1][-]{section.8.20}{\376\377\0008\000.\0002\0000\000\040\000s\000c\000h\000e\000m\000a\000s\000.\000D\000e\000l\000i\000v\000e\000r\000y\000B\000a\000s\000e\000\040\000C\000l\000a\000s\000s\000\040\000R\000e\000f\000e\000r\000e\000n\000c\000e}{chapter.8}% 325
\BOOKMARK [2][-]{subsection.8.20.1}{\376\377\0008\000.\0002\0000\000.\0001\000\040\000D\000e\000t\000a\000i\000l\000e\000d\000\040\000D\000e\000s\000c\000r\000i\000p\000t\000i\000o\000n}{section.8.20}% 326
\BOOKMARK [2][-]{subsection.8.20.2}{\376\377\0008\000.\0002\0000\000.\0002\000\040\000M\000e\000m\000b\000e\000r\000\040\000D\000a\000t\000a\000\040\000D\000o\000c\000u\000m\000e\000n\000t\000a\000t\000i\000o\000n}{section.8.20}% 327
\BOOKMARK [3][-]{subsubsection.8.20.2.1}{\376\377\0008\000.\0002\0000\000.\0002\000.\0001\000\040\000d\000e\000l\000i\000v\000e\000r\000y\000t\000i\000m\000e}{subsection.8.20.2}% 328
\BOOKMARK [1][-]{section.8.21}{\376\377\0008\000.\0002\0001\000\040\000s\000c\000h\000e\000m\000a\000s\000.\000D\000e\000l\000i\000v\000e\000r\000y\000C\000r\000e\000a\000t\000e\000\040\000C\000l\000a\000s\000s\000\040\000R\000e\000f\000e\000r\000e\000n\000c\000e}{chapter.8}% 329
\BOOKMARK [2][-]{subsection.8.21.1}{\376\377\0008\000.\0002\0001\000.\0001\000\040\000D\000e\000t\000a\000i\000l\000e\000d\000\040\000D\000e\000s\000c\000r\000i\000p\000t\000i\000o\000n}{section.8.21}% 330
\BOOKMARK [1][-]{section.8.22}{\376\377\0008\000.\0002\0002\000\040\000m\000o\000d\000e\000l\000s\000.\000F\000A\000Q\000\040\000C\000l\000a\000s\000s\000\040\000R\000e\000f\000e\000r\000e\000n\000c\000e}{chapter.8}% 331
\BOOKMARK [2][-]{subsection.8.22.1}{\376\377\0008\000.\0002\0002\000.\0001\000\040\000D\000e\000t\000a\000i\000l\000e\000d\000\040\000D\000e\000s\000c\000r\000i\000p\000t\000i\000o\000n}{section.8.22}% 332
\BOOKMARK [2][-]{subsection.8.22.2}{\376\377\0008\000.\0002\0002\000.\0002\000\040\000M\000e\000m\000b\000e\000r\000\040\000D\000a\000t\000a\000\040\000D\000o\000c\000u\000m\000e\000n\000t\000a\000t\000i\000o\000n}{section.8.22}% 333
\BOOKMARK [3][-]{subsubsection.8.22.2.1}{\376\377\0008\000.\0002\0002\000.\0002\000.\0001\000\040\000\137\000\137\000t\000a\000b\000l\000e\000n\000a\000m\000e\000\137\000\137}{subsection.8.22.2}% 334
\BOOKMARK [3][-]{subsubsection.8.22.2.2}{\376\377\0008\000.\0002\0002\000.\0002\000.\0002\000\040\000a\000n\000s\000w\000e\000r}{subsection.8.22.2}% 335
\BOOKMARK [3][-]{subsubsection.8.22.2.3}{\376\377\0008\000.\0002\0002\000.\0002\000.\0003\000\040\000i\000d}{subsection.8.22.2}% 336
\BOOKMARK [3][-]{subsubsection.8.22.2.4}{\376\377\0008\000.\0002\0002\000.\0002\000.\0004\000\040\000i\000s\000a\000c\000t\000i\000v\000e}{subsection.8.22.2}% 337
\BOOKMARK [3][-]{subsubsection.8.22.2.5}{\376\377\0008\000.\0002\0002\000.\0002\000.\0005\000\040\000q\000u\000e\000s\000t\000i\000o\000n}{subsection.8.22.2}% 338
\BOOKMARK [3][-]{subsubsection.8.22.2.6}{\376\377\0008\000.\0002\0002\000.\0002\000.\0006\000\040\000u\000s\000e\000r\000\137\000f\000a\000q\000s}{subsection.8.22.2}% 339
\BOOKMARK [1][-]{section.8.23}{\376\377\0008\000.\0002\0003\000\040\000s\000c\000h\000e\000m\000a\000s\000.\000F\000A\000Q\000\040\000C\000l\000a\000s\000s\000\040\000R\000e\000f\000e\000r\000e\000n\000c\000e}{chapter.8}% 340
\BOOKMARK [2][-]{subsection.8.23.1}{\376\377\0008\000.\0002\0003\000.\0001\000\040\000D\000e\000t\000a\000i\000l\000e\000d\000\040\000D\000e\000s\000c\000r\000i\000p\000t\000i\000o\000n}{section.8.23}% 341
\BOOKMARK [2][-]{subsection.8.23.2}{\376\377\0008\000.\0002\0003\000.\0002\000\040\000M\000e\000m\000b\000e\000r\000\040\000D\000a\000t\000a\000\040\000D\000o\000c\000u\000m\000e\000n\000t\000a\000t\000i\000o\000n}{section.8.23}% 342
\BOOKMARK [3][-]{subsubsection.8.23.2.1}{\376\377\0008\000.\0002\0003\000.\0002\000.\0001\000\040\000m\000o\000d\000e\000l\000\137\000c\000o\000n\000f\000i\000g}{subsection.8.23.2}% 343
\BOOKMARK [1][-]{section.8.24}{\376\377\0008\000.\0002\0004\000\040\000s\000c\000h\000e\000m\000a\000s\000.\000F\000A\000Q\000B\000a\000s\000e\000\040\000C\000l\000a\000s\000s\000\040\000R\000e\000f\000e\000r\000e\000n\000c\000e}{chapter.8}% 344
\BOOKMARK [2][-]{subsection.8.24.1}{\376\377\0008\000.\0002\0004\000.\0001\000\040\000D\000e\000t\000a\000i\000l\000e\000d\000\040\000D\000e\000s\000c\000r\000i\000p\000t\000i\000o\000n}{section.8.24}% 345
\BOOKMARK [2][-]{subsection.8.24.2}{\376\377\0008\000.\0002\0004\000.\0002\000\040\000M\000e\000m\000b\000e\000r\000\040\000D\000a\000t\000a\000\040\000D\000o\000c\000u\000m\000e\000n\000t\000a\000t\000i\000o\000n}{section.8.24}% 346
\BOOKMARK [3][-]{subsubsection.8.24.2.1}{\376\377\0008\000.\0002\0004\000.\0002\000.\0001\000\040\000i\000s\000a\000c\000t\000i\000v\000e}{subsection.8.24.2}% 347
\BOOKMARK [1][-]{section.8.25}{\376\377\0008\000.\0002\0005\000\040\000s\000c\000h\000e\000m\000a\000s\000.\000F\000A\000Q\000C\000r\000e\000a\000t\000e\000\040\000C\000l\000a\000s\000s\000\040\000R\000e\000f\000e\000r\000e\000n\000c\000e}{chapter.8}% 348
\BOOKMARK [2][-]{subsection.8.25.1}{\376\377\0008\000.\0002\0005\000.\0001\000\040\000D\000e\000t\000a\000i\000l\000e\000d\000\040\000D\000e\000s\000c\000r\000i\000p\000t\000i\000o\000n}{section.8.25}% 349
\BOOKMARK [1][-]{section.8.26}{\376\377\0008\000.\0002\0006\000\040\000m\000o\000d\000e\000l\000s\000.\000L\000o\000y\000a\000l\000t\000y\000P\000o\000i\000n\000t\000\040\000C\000l\000a\000s\000s\000\040\000R\000e\000f\000e\000r\000e\000n\000c\000e}{chapter.8}% 350
\BOOKMARK [2][-]{subsection.8.26.1}{\376\377\0008\000.\0002\0006\000.\0001\000\040\000D\000e\000t\000a\000i\000l\000e\000d\000\040\000D\000e\000s\000c\000r\000i\000p\000t\000i\000o\000n}{section.8.26}% 351
\BOOKMARK [2][-]{subsection.8.26.2}{\376\377\0008\000.\0002\0006\000.\0002\000\040\000M\000e\000m\000b\000e\000r\000\040\000D\000a\000t\000a\000\040\000D\000o\000c\000u\000m\000e\000n\000t\000a\000t\000i\000o\000n}{section.8.26}% 352
\BOOKMARK [3][-]{subsubsection.8.26.2.1}{\376\377\0008\000.\0002\0006\000.\0002\000.\0001\000\040\000\137\000\137\000t\000a\000b\000l\000e\000n\000a\000m\000e\000\137\000\137}{subsection.8.26.2}% 353
\BOOKMARK [3][-]{subsubsection.8.26.2.2}{\376\377\0008\000.\0002\0006\000.\0002\000.\0002\000\040\000i\000d}{subsection.8.26.2}% 354
\BOOKMARK [3][-]{subsubsection.8.26.2.3}{\376\377\0008\000.\0002\0006\000.\0002\000.\0003\000\040\000m\000e\000n\000u\000\137\000i\000t\000e\000m}{subsection.8.26.2}% 355
\BOOKMARK [3][-]{subsubsection.8.26.2.4}{\376\377\0008\000.\0002\0006\000.\0002\000.\0004\000\040\000m\000e\000n\000u\000i\000t\000e\000m\000i\000d}{subsection.8.26.2}% 356
\BOOKMARK [3][-]{subsubsection.8.26.2.5}{\376\377\0008\000.\0002\0006\000.\0002\000.\0005\000\040\000p\000o\000i\000n\000t\000s}{subsection.8.26.2}% 357
\BOOKMARK [3][-]{subsubsection.8.26.2.6}{\376\377\0008\000.\0002\0006\000.\0002\000.\0006\000\040\000u\000p\000d\000a\000t\000e\000d\000a\000t}{subsection.8.26.2}% 358
\BOOKMARK [3][-]{subsubsection.8.26.2.7}{\376\377\0008\000.\0002\0006\000.\0002\000.\0007\000\040\000u\000s\000e\000r}{subsection.8.26.2}% 359
\BOOKMARK [3][-]{subsubsection.8.26.2.8}{\376\377\0008\000.\0002\0006\000.\0002\000.\0008\000\040\000u\000s\000e\000r\000i\000d}{subsection.8.26.2}% 360
\BOOKMARK [1][-]{section.8.27}{\376\377\0008\000.\0002\0007\000\040\000s\000c\000h\000e\000m\000a\000s\000.\000L\000o\000y\000a\000l\000t\000y\000P\000o\000i\000n\000t\000\040\000C\000l\000a\000s\000s\000\040\000R\000e\000f\000e\000r\000e\000n\000c\000e}{chapter.8}% 361
\BOOKMARK [2][-]{subsection.8.27.1}{\376\377\0008\000.\0002\0007\000.\0001\000\040\000D\000e\000t\000a\000i\000l\000e\000d\000\040\000D\000e\000s\000c\000r\000i\000p\000t\000i\000o\000n}{section.8.27}% 362
\BOOKMARK [2][-]{subsection.8.27.2}{\376\377\0008\000.\0002\0007\000.\0002\000\040\000M\000e\000m\000b\000e\000r\000\040\000D\000a\000t\000a\000\040\000D\000o\000c\000u\000m\000e\000n\000t\000a\000t\000i\000o\000n}{section.8.27}% 363
\BOOKMARK [3][-]{subsubsection.8.27.2.1}{\376\377\0008\000.\0002\0007\000.\0002\000.\0001\000\040\000m\000o\000d\000e\000l\000\137\000c\000o\000n\000f\000i\000g}{subsection.8.27.2}% 364
\BOOKMARK [1][-]{section.8.28}{\376\377\0008\000.\0002\0008\000\040\000s\000c\000h\000e\000m\000a\000s\000.\000L\000o\000y\000a\000l\000t\000y\000P\000o\000i\000n\000t\000B\000a\000s\000e\000\040\000C\000l\000a\000s\000s\000\040\000R\000e\000f\000e\000r\000e\000n\000c\000e}{chapter.8}% 365
\BOOKMARK [2][-]{subsection.8.28.1}{\376\377\0008\000.\0002\0008\000.\0001\000\040\000D\000e\000t\000a\000i\000l\000e\000d\000\040\000D\000e\000s\000c\000r\000i\000p\000t\000i\000o\000n}{section.8.28}% 366
\BOOKMARK [2][-]{subsection.8.28.2}{\376\377\0008\000.\0002\0008\000.\0002\000\040\000M\000e\000m\000b\000e\000r\000\040\000D\000a\000t\000a\000\040\000D\000o\000c\000u\000m\000e\000n\000t\000a\000t\000i\000o\000n}{section.8.28}% 367
\BOOKMARK [3][-]{subsubsection.8.28.2.1}{\376\377\0008\000.\0002\0008\000.\0002\000.\0001\000\040\000p\000o\000i\000n\000t\000s}{subsection.8.28.2}% 368
\BOOKMARK [1][-]{section.8.29}{\376\377\0008\000.\0002\0009\000\040\000s\000c\000h\000e\000m\000a\000s\000.\000L\000o\000y\000a\000l\000t\000y\000P\000o\000i\000n\000t\000C\000r\000e\000a\000t\000e\000\040\000C\000l\000a\000s\000s\000\040\000R\000e\000f\000e\000r\000e\000n\000c\000e}{chapter.8}% 369
\BOOKMARK [2][-]{subsection.8.29.1}{\376\377\0008\000.\0002\0009\000.\0001\000\040\000D\000e\000t\000a\000i\000l\000e\000d\000\040\000D\000e\000s\000c\000r\000i\000p\000t\000i\000o\000n}{section.8.29}% 370
\BOOKMARK [1][-]{section.8.30}{\376\377\0008\000.\0003\0000\000\040\000m\000o\000d\000e\000l\000s\000.\000M\000e\000n\000u\000I\000t\000e\000m\000\040\000C\000l\000a\000s\000s\000\040\000R\000e\000f\000e\000r\000e\000n\000c\000e}{chapter.8}% 371
\BOOKMARK [2][-]{subsection.8.30.1}{\376\377\0008\000.\0003\0000\000.\0001\000\040\000D\000e\000t\000a\000i\000l\000e\000d\000\040\000D\000e\000s\000c\000r\000i\000p\000t\000i\000o\000n}{section.8.30}% 372
\BOOKMARK [2][-]{subsection.8.30.2}{\376\377\0008\000.\0003\0000\000.\0002\000\040\000M\000e\000m\000b\000e\000r\000\040\000D\000a\000t\000a\000\040\000D\000o\000c\000u\000m\000e\000n\000t\000a\000t\000i\000o\000n}{section.8.30}% 373
\BOOKMARK [3][-]{subsubsection.8.30.2.1}{\376\377\0008\000.\0003\0000\000.\0002\000.\0001\000\040\000\137\000\137\000t\000a\000b\000l\000e\000n\000a\000m\000e\000\137\000\137}{subsection.8.30.2}% 374
\BOOKMARK [3][-]{subsubsection.8.30.2.2}{\376\377\0008\000.\0003\0000\000.\0002\000.\0002\000\040\000c\000a\000t\000e\000g\000o\000r\000y}{subsection.8.30.2}% 375
\BOOKMARK [3][-]{subsubsection.8.30.2.3}{\376\377\0008\000.\0003\0000\000.\0002\000.\0003\000\040\000c\000a\000t\000e\000g\000o\000r\000y\000i\000d}{subsection.8.30.2}% 376
\BOOKMARK [3][-]{subsubsection.8.30.2.4}{\376\377\0008\000.\0003\0000\000.\0002\000.\0004\000\040\000d\000e\000s\000c\000r\000i\000p\000t\000i\000o\000n}{subsection.8.30.2}% 377
\BOOKMARK [3][-]{subsubsection.8.30.2.5}{\376\377\0008\000.\0003\0000\000.\0002\000.\0005\000\040\000i\000d}{subsection.8.30.2}% 378
\BOOKMARK [3][-]{subsubsection.8.30.2.6}{\376\377\0008\000.\0003\0000\000.\0002\000.\0006\000\040\000i\000m\000a\000g\000e\000\137\000u\000r\000l}{subsection.8.30.2}% 379
\BOOKMARK [3][-]{subsubsection.8.30.2.7}{\376\377\0008\000.\0003\0000\000.\0002\000.\0007\000\040\000i\000s\000\137\000a\000v\000a\000i\000l\000a\000b\000l\000e}{subsection.8.30.2}% 380
\BOOKMARK [3][-]{subsubsection.8.30.2.8}{\376\377\0008\000.\0003\0000\000.\0002\000.\0008\000\040\000n\000a\000m\000e}{subsection.8.30.2}% 381
\BOOKMARK [3][-]{subsubsection.8.30.2.9}{\376\377\0008\000.\0003\0000\000.\0002\000.\0009\000\040\000o\000r\000d\000e\000r\000\137\000i\000t\000e\000m\000s}{subsection.8.30.2}% 382
\BOOKMARK [3][-]{subsubsection.8.30.2.10}{\376\377\0008\000.\0003\0000\000.\0002\000.\0001\0000\000\040\000p\000r\000i\000c\000e}{subsection.8.30.2}% 383
\BOOKMARK [3][-]{subsubsection.8.30.2.11}{\376\377\0008\000.\0003\0000\000.\0002\000.\0001\0001\000\040\000r\000e\000s\000t\000a\000u\000r\000a\000n\000t}{subsection.8.30.2}% 384
\BOOKMARK [3][-]{subsubsection.8.30.2.12}{\376\377\0008\000.\0003\0000\000.\0002\000.\0001\0002\000\040\000r\000e\000s\000t\000a\000u\000r\000a\000n\000t\000i\000d}{subsection.8.30.2}% 385
\BOOKMARK [3][-]{subsubsection.8.30.2.13}{\376\377\0008\000.\0003\0000\000.\0002\000.\0001\0003\000\040\000r\000e\000v\000i\000e\000w\000s}{subsection.8.30.2}% 386
\BOOKMARK [3][-]{subsubsection.8.30.2.14}{\376\377\0008\000.\0003\0000\000.\0002\000.\0001\0004\000\040\000s\000o\000c\000i\000a\000l\000\137\000s\000h\000a\000r\000e\000s}{subsection.8.30.2}% 387
\BOOKMARK [1][-]{section.8.31}{\376\377\0008\000.\0003\0001\000\040\000s\000c\000h\000e\000m\000a\000s\000.\000M\000e\000n\000u\000I\000t\000e\000m\000\040\000C\000l\000a\000s\000s\000\040\000R\000e\000f\000e\000r\000e\000n\000c\000e}{chapter.8}% 388
\BOOKMARK [2][-]{subsection.8.31.1}{\376\377\0008\000.\0003\0001\000.\0001\000\040\000D\000e\000t\000a\000i\000l\000e\000d\000\040\000D\000e\000s\000c\000r\000i\000p\000t\000i\000o\000n}{section.8.31}% 389
\BOOKMARK [2][-]{subsection.8.31.2}{\376\377\0008\000.\0003\0001\000.\0002\000\040\000M\000e\000m\000b\000e\000r\000\040\000D\000a\000t\000a\000\040\000D\000o\000c\000u\000m\000e\000n\000t\000a\000t\000i\000o\000n}{section.8.31}% 390
\BOOKMARK [3][-]{subsubsection.8.31.2.1}{\376\377\0008\000.\0003\0001\000.\0002\000.\0001\000\040\000m\000o\000d\000e\000l\000\137\000c\000o\000n\000f\000i\000g}{subsection.8.31.2}% 391
\BOOKMARK [1][-]{section.8.32}{\376\377\0008\000.\0003\0002\000\040\000s\000c\000h\000e\000m\000a\000s\000.\000M\000e\000n\000u\000I\000t\000e\000m\000B\000a\000s\000e\000\040\000C\000l\000a\000s\000s\000\040\000R\000e\000f\000e\000r\000e\000n\000c\000e}{chapter.8}% 392
\BOOKMARK [2][-]{subsection.8.32.1}{\376\377\0008\000.\0003\0002\000.\0001\000\040\000D\000e\000t\000a\000i\000l\000e\000d\000\040\000D\000e\000s\000c\000r\000i\000p\000t\000i\000o\000n}{section.8.32}% 393
\BOOKMARK [2][-]{subsection.8.32.2}{\376\377\0008\000.\0003\0002\000.\0002\000\040\000M\000e\000m\000b\000e\000r\000\040\000D\000a\000t\000a\000\040\000D\000o\000c\000u\000m\000e\000n\000t\000a\000t\000i\000o\000n}{section.8.32}% 394
\BOOKMARK [3][-]{subsubsection.8.32.2.1}{\376\377\0008\000.\0003\0002\000.\0002\000.\0001\000\040\000d\000e\000s\000c\000r\000i\000p\000t\000i\000o\000n}{subsection.8.32.2}% 395
\BOOKMARK [3][-]{subsubsection.8.32.2.2}{\376\377\0008\000.\0003\0002\000.\0002\000.\0002\000\040\000i\000m\000a\000g\000e\000\137\000u\000r\000l}{subsection.8.32.2}% 396
\BOOKMARK [3][-]{subsubsection.8.32.2.3}{\376\377\0008\000.\0003\0002\000.\0002\000.\0003\000\040\000i\000s\000\137\000a\000v\000a\000i\000l\000a\000b\000l\000e}{subsection.8.32.2}% 397
\BOOKMARK [1][-]{section.8.33}{\376\377\0008\000.\0003\0003\000\040\000s\000c\000h\000e\000m\000a\000s\000.\000M\000e\000n\000u\000I\000t\000e\000m\000C\000r\000e\000a\000t\000e\000\040\000C\000l\000a\000s\000s\000\040\000R\000e\000f\000e\000r\000e\000n\000c\000e}{chapter.8}% 398
\BOOKMARK [2][-]{subsection.8.33.1}{\376\377\0008\000.\0003\0003\000.\0001\000\040\000D\000e\000t\000a\000i\000l\000e\000d\000\040\000D\000e\000s\000c\000r\000i\000p\000t\000i\000o\000n}{section.8.33}% 399
\BOOKMARK [1][-]{section.8.34}{\376\377\0008\000.\0003\0004\000\040\000s\000c\000h\000e\000m\000a\000s\000.\000M\000e\000n\000u\000I\000t\000e\000m\000W\000i\000t\000h\000R\000e\000s\000t\000a\000u\000r\000a\000n\000t\000\040\000C\000l\000a\000s\000s\000\040\000R\000e\000f\000e\000r\000e\000n\000c\000e}{chapter.8}% 400
\BOOKMARK [2][-]{subsection.8.34.1}{\376\377\0008\000.\0003\0004\000.\0001\000\040\000D\000e\000t\000a\000i\000l\000e\000d\000\040\000D\000e\000s\000c\000r\000i\000p\000t\000i\000o\000n}{section.8.34}% 401
\BOOKMARK [2][-]{subsection.8.34.2}{\376\377\0008\000.\0003\0004\000.\0002\000\040\000M\000e\000m\000b\000e\000r\000\040\000D\000a\000t\000a\000\040\000D\000o\000c\000u\000m\000e\000n\000t\000a\000t\000i\000o\000n}{section.8.34}% 402
\BOOKMARK [3][-]{subsubsection.8.34.2.1}{\376\377\0008\000.\0003\0004\000.\0002\000.\0001\000\040\000m\000o\000d\000e\000l\000\137\000c\000o\000n\000f\000i\000g}{subsection.8.34.2}% 403
\BOOKMARK [3][-]{subsubsection.8.34.2.2}{\376\377\0008\000.\0003\0004\000.\0002\000.\0002\000\040\000r\000e\000s\000t\000a\000u\000r\000a\000n\000t\000\137\000n\000a\000m\000e}{subsection.8.34.2}% 404
\BOOKMARK [1][-]{section.8.35}{\376\377\0008\000.\0003\0005\000\040\000s\000c\000h\000e\000m\000a\000s\000.\000M\000e\000n\000u\000I\000t\000e\000m\000W\000i\000t\000h\000R\000e\000v\000i\000e\000w\000s\000\040\000C\000l\000a\000s\000s\000\040\000R\000e\000f\000e\000r\000e\000n\000c\000e}{chapter.8}% 405
\BOOKMARK [2][-]{subsection.8.35.1}{\376\377\0008\000.\0003\0005\000.\0001\000\040\000D\000e\000t\000a\000i\000l\000e\000d\000\040\000D\000e\000s\000c\000r\000i\000p\000t\000i\000o\000n}{section.8.35}% 406
\BOOKMARK [2][-]{subsection.8.35.2}{\376\377\0008\000.\0003\0005\000.\0002\000\040\000M\000e\000m\000b\000e\000r\000\040\000D\000a\000t\000a\000\040\000D\000o\000c\000u\000m\000e\000n\000t\000a\000t\000i\000o\000n}{section.8.35}% 407
\BOOKMARK [3][-]{subsubsection.8.35.2.1}{\376\377\0008\000.\0003\0005\000.\0002\000.\0001\000\040\000a\000v\000g\000\137\000r\000a\000t\000i\000n\000g}{subsection.8.35.2}% 408
\BOOKMARK [3][-]{subsubsection.8.35.2.2}{\376\377\0008\000.\0003\0005\000.\0002\000.\0002\000\040\000m\000o\000d\000e\000l\000\137\000c\000o\000n\000f\000i\000g}{subsection.8.35.2}% 409
\BOOKMARK [3][-]{subsubsection.8.35.2.3}{\376\377\0008\000.\0003\0005\000.\0002\000.\0003\000\040\000r\000e\000s\000t\000a\000u\000r\000a\000n\000t\000\137\000n\000a\000m\000e}{subsection.8.35.2}% 410
\BOOKMARK [3][-]{subsubsection.8.35.2.4}{\376\377\0008\000.\0003\0005\000.\0002\000.\0004\000\040\000r\000e\000v\000i\000e\000w\000s}{subsection.8.35.2}% 411
\BOOKMARK [1][-]{section.8.36}{\376\377\0008\000.\0003\0006\000\040\000m\000o\000d\000e\000l\000s\000.\000N\000o\000t\000i\000f\000i\000c\000a\000t\000i\000o\000n\000\040\000C\000l\000a\000s\000s\000\040\000R\000e\000f\000e\000r\000e\000n\000c\000e}{chapter.8}% 412
\BOOKMARK [2][-]{subsection.8.36.1}{\376\377\0008\000.\0003\0006\000.\0001\000\040\000D\000e\000t\000a\000i\000l\000e\000d\000\040\000D\000e\000s\000c\000r\000i\000p\000t\000i\000o\000n}{section.8.36}% 413
\BOOKMARK [2][-]{subsection.8.36.2}{\376\377\0008\000.\0003\0006\000.\0002\000\040\000M\000e\000m\000b\000e\000r\000\040\000D\000a\000t\000a\000\040\000D\000o\000c\000u\000m\000e\000n\000t\000a\000t\000i\000o\000n}{section.8.36}% 414
\BOOKMARK [3][-]{subsubsection.8.36.2.1}{\376\377\0008\000.\0003\0006\000.\0002\000.\0001\000\040\000\137\000\137\000t\000a\000b\000l\000e\000n\000a\000m\000e\000\137\000\137}{subsection.8.36.2}% 415
\BOOKMARK [3][-]{subsubsection.8.36.2.2}{\376\377\0008\000.\0003\0006\000.\0002\000.\0002\000\040\000c\000o\000n\000t\000e\000n\000t}{subsection.8.36.2}% 416
\BOOKMARK [3][-]{subsubsection.8.36.2.3}{\376\377\0008\000.\0003\0006\000.\0002\000.\0003\000\040\000c\000r\000e\000a\000t\000e\000d\000a\000t}{subsection.8.36.2}% 417
\BOOKMARK [3][-]{subsubsection.8.36.2.4}{\376\377\0008\000.\0003\0006\000.\0002\000.\0004\000\040\000i\000d}{subsection.8.36.2}% 418
\BOOKMARK [3][-]{subsubsection.8.36.2.5}{\376\377\0008\000.\0003\0006\000.\0002\000.\0005\000\040\000i\000s\000r\000e\000a\000d}{subsection.8.36.2}% 419
\BOOKMARK [3][-]{subsubsection.8.36.2.6}{\376\377\0008\000.\0003\0006\000.\0002\000.\0006\000\040\000o\000r\000d\000e\000r}{subsection.8.36.2}% 420
\BOOKMARK [3][-]{subsubsection.8.36.2.7}{\376\377\0008\000.\0003\0006\000.\0002\000.\0007\000\040\000o\000r\000d\000e\000r\000i\000d}{subsection.8.36.2}% 421
\BOOKMARK [3][-]{subsubsection.8.36.2.8}{\376\377\0008\000.\0003\0006\000.\0002\000.\0008\000\040\000s\000e\000s\000s\000i\000o\000n}{subsection.8.36.2}% 422
\BOOKMARK [3][-]{subsubsection.8.36.2.9}{\376\377\0008\000.\0003\0006\000.\0002\000.\0009\000\040\000s\000e\000s\000s\000i\000o\000n\000i\000d}{subsection.8.36.2}% 423
\BOOKMARK [3][-]{subsubsection.8.36.2.10}{\376\377\0008\000.\0003\0006\000.\0002\000.\0001\0000\000\040\000t\000i\000t\000l\000e}{subsection.8.36.2}% 424
\BOOKMARK [3][-]{subsubsection.8.36.2.11}{\376\377\0008\000.\0003\0006\000.\0002\000.\0001\0001\000\040\000t\000y\000p\000e}{subsection.8.36.2}% 425
\BOOKMARK [3][-]{subsubsection.8.36.2.12}{\376\377\0008\000.\0003\0006\000.\0002\000.\0001\0002\000\040\000u\000s\000e\000r}{subsection.8.36.2}% 426
\BOOKMARK [3][-]{subsubsection.8.36.2.13}{\376\377\0008\000.\0003\0006\000.\0002\000.\0001\0003\000\040\000u\000s\000e\000r\000i\000d}{subsection.8.36.2}% 427
\BOOKMARK [1][-]{section.8.37}{\376\377\0008\000.\0003\0007\000\040\000s\000c\000h\000e\000m\000a\000s\000.\000N\000o\000t\000i\000f\000i\000c\000a\000t\000i\000o\000n\000\040\000C\000l\000a\000s\000s\000\040\000R\000e\000f\000e\000r\000e\000n\000c\000e}{chapter.8}% 428
\BOOKMARK [2][-]{subsection.8.37.1}{\376\377\0008\000.\0003\0007\000.\0001\000\040\000D\000e\000t\000a\000i\000l\000e\000d\000\040\000D\000e\000s\000c\000r\000i\000p\000t\000i\000o\000n}{section.8.37}% 429
\BOOKMARK [2][-]{subsection.8.37.2}{\376\377\0008\000.\0003\0007\000.\0002\000\040\000M\000e\000m\000b\000e\000r\000\040\000D\000a\000t\000a\000\040\000D\000o\000c\000u\000m\000e\000n\000t\000a\000t\000i\000o\000n}{section.8.37}% 430
\BOOKMARK [3][-]{subsubsection.8.37.2.1}{\376\377\0008\000.\0003\0007\000.\0002\000.\0001\000\040\000m\000o\000d\000e\000l\000\137\000c\000o\000n\000f\000i\000g}{subsection.8.37.2}% 431
\BOOKMARK [1][-]{section.8.38}{\376\377\0008\000.\0003\0008\000\040\000s\000c\000h\000e\000m\000a\000s\000.\000N\000o\000t\000i\000f\000i\000c\000a\000t\000i\000o\000n\000B\000a\000s\000e\000\040\000C\000l\000a\000s\000s\000\040\000R\000e\000f\000e\000r\000e\000n\000c\000e}{chapter.8}% 432
\BOOKMARK [2][-]{subsection.8.38.1}{\376\377\0008\000.\0003\0008\000.\0001\000\040\000D\000e\000t\000a\000i\000l\000e\000d\000\040\000D\000e\000s\000c\000r\000i\000p\000t\000i\000o\000n}{section.8.38}% 433
\BOOKMARK [2][-]{subsection.8.38.2}{\376\377\0008\000.\0003\0008\000.\0002\000\040\000M\000e\000m\000b\000e\000r\000\040\000D\000a\000t\000a\000\040\000D\000o\000c\000u\000m\000e\000n\000t\000a\000t\000i\000o\000n}{section.8.38}% 434
\BOOKMARK [3][-]{subsubsection.8.38.2.1}{\376\377\0008\000.\0003\0008\000.\0002\000.\0001\000\040\000i\000s\000r\000e\000a\000d}{subsection.8.38.2}% 435
\BOOKMARK [3][-]{subsubsection.8.38.2.2}{\376\377\0008\000.\0003\0008\000.\0002\000.\0002\000\040\000o\000r\000d\000e\000r\000i\000d}{subsection.8.38.2}% 436
\BOOKMARK [3][-]{subsubsection.8.38.2.3}{\376\377\0008\000.\0003\0008\000.\0002\000.\0003\000\040\000s\000e\000s\000s\000i\000o\000n\000i\000d}{subsection.8.38.2}% 437
\BOOKMARK [1][-]{section.8.39}{\376\377\0008\000.\0003\0009\000\040\000s\000c\000h\000e\000m\000a\000s\000.\000N\000o\000t\000i\000f\000i\000c\000a\000t\000i\000o\000n\000C\000r\000e\000a\000t\000e\000\040\000C\000l\000a\000s\000s\000\040\000R\000e\000f\000e\000r\000e\000n\000c\000e}{chapter.8}% 438
\BOOKMARK [2][-]{subsection.8.39.1}{\376\377\0008\000.\0003\0009\000.\0001\000\040\000D\000e\000t\000a\000i\000l\000e\000d\000\040\000D\000e\000s\000c\000r\000i\000p\000t\000i\000o\000n}{section.8.39}% 439
\BOOKMARK [1][-]{section.8.40}{\376\377\0008\000.\0004\0000\000\040\000s\000c\000h\000e\000m\000a\000s\000.\000O\000r\000d\000e\000r\000\040\000C\000l\000a\000s\000s\000\040\000R\000e\000f\000e\000r\000e\000n\000c\000e}{chapter.8}% 440
\BOOKMARK [2][-]{subsection.8.40.1}{\376\377\0008\000.\0004\0000\000.\0001\000\040\000D\000e\000t\000a\000i\000l\000e\000d\000\040\000D\000e\000s\000c\000r\000i\000p\000t\000i\000o\000n}{section.8.40}% 441
\BOOKMARK [2][-]{subsection.8.40.2}{\376\377\0008\000.\0004\0000\000.\0002\000\040\000M\000e\000m\000b\000e\000r\000\040\000D\000a\000t\000a\000\040\000D\000o\000c\000u\000m\000e\000n\000t\000a\000t\000i\000o\000n}{section.8.40}% 442
\BOOKMARK [3][-]{subsubsection.8.40.2.1}{\376\377\0008\000.\0004\0000\000.\0002\000.\0001\000\040\000m\000o\000d\000e\000l\000\137\000c\000o\000n\000f\000i\000g}{subsection.8.40.2}% 443
\BOOKMARK [3][-]{subsubsection.8.40.2.2}{\376\377\0008\000.\0004\0000\000.\0002\000.\0002\000\040\000o\000r\000d\000e\000r\000\137\000i\000t\000e\000m\000s}{subsection.8.40.2}% 444
\BOOKMARK [1][-]{section.8.41}{\376\377\0008\000.\0004\0001\000\040\000s\000c\000h\000e\000m\000a\000s\000.\000O\000r\000d\000e\000r\000B\000a\000s\000e\000\040\000C\000l\000a\000s\000s\000\040\000R\000e\000f\000e\000r\000e\000n\000c\000e}{chapter.8}% 445
\BOOKMARK [2][-]{subsection.8.41.1}{\376\377\0008\000.\0004\0001\000.\0001\000\040\000D\000e\000t\000a\000i\000l\000e\000d\000\040\000D\000e\000s\000c\000r\000i\000p\000t\000i\000o\000n}{section.8.41}% 446
\BOOKMARK [2][-]{subsection.8.41.2}{\376\377\0008\000.\0004\0001\000.\0002\000\040\000M\000e\000m\000b\000e\000r\000\040\000D\000a\000t\000a\000\040\000D\000o\000c\000u\000m\000e\000n\000t\000a\000t\000i\000o\000n}{section.8.41}% 447
\BOOKMARK [3][-]{subsubsection.8.41.2.1}{\376\377\0008\000.\0004\0001\000.\0002\000.\0001\000\040\000p\000r\000e\000o\000r\000d\000e\000r\000d\000a\000t\000e}{subsection.8.41.2}% 448
\BOOKMARK [3][-]{subsubsection.8.41.2.2}{\376\377\0008\000.\0004\0001\000.\0002\000.\0002\000\040\000p\000r\000e\000o\000r\000d\000e\000r\000t\000i\000m\000e}{subsection.8.41.2}% 449
\BOOKMARK [1][-]{section.8.42}{\376\377\0008\000.\0004\0002\000\040\000s\000c\000h\000e\000m\000a\000s\000.\000O\000r\000d\000e\000r\000C\000r\000e\000a\000t\000e\000\040\000C\000l\000a\000s\000s\000\040\000R\000e\000f\000e\000r\000e\000n\000c\000e}{chapter.8}% 450
\BOOKMARK [2][-]{subsection.8.42.1}{\376\377\0008\000.\0004\0002\000.\0001\000\040\000D\000e\000t\000a\000i\000l\000e\000d\000\040\000D\000e\000s\000c\000r\000i\000p\000t\000i\000o\000n}{section.8.42}% 451
\BOOKMARK [2][-]{subsection.8.42.2}{\376\377\0008\000.\0004\0002\000.\0002\000\040\000M\000e\000m\000b\000e\000r\000\040\000D\000a\000t\000a\000\040\000D\000o\000c\000u\000m\000e\000n\000t\000a\000t\000i\000o\000n}{section.8.42}% 452
\BOOKMARK [3][-]{subsubsection.8.42.2.1}{\376\377\0008\000.\0004\0002\000.\0002\000.\0001\000\040\000o\000r\000d\000e\000r\000\137\000i\000t\000e\000m\000s}{subsection.8.42.2}% 453
\BOOKMARK [1][-]{section.8.43}{\376\377\0008\000.\0004\0003\000\040\000s\000c\000h\000e\000m\000a\000s\000.\000O\000r\000d\000e\000r\000D\000e\000t\000a\000i\000l\000\040\000C\000l\000a\000s\000s\000\040\000R\000e\000f\000e\000r\000e\000n\000c\000e}{chapter.8}% 454
\BOOKMARK [2][-]{subsection.8.43.1}{\376\377\0008\000.\0004\0003\000.\0001\000\040\000D\000e\000t\000a\000i\000l\000e\000d\000\040\000D\000e\000s\000c\000r\000i\000p\000t\000i\000o\000n}{section.8.43}% 455
\BOOKMARK [2][-]{subsection.8.43.2}{\376\377\0008\000.\0004\0003\000.\0002\000\040\000M\000e\000m\000b\000e\000r\000\040\000D\000a\000t\000a\000\040\000D\000o\000c\000u\000m\000e\000n\000t\000a\000t\000i\000o\000n}{section.8.43}% 456
\BOOKMARK [3][-]{subsubsection.8.43.2.1}{\376\377\0008\000.\0004\0003\000.\0002\000.\0001\000\040\000a\000d\000d\000r\000e\000s\000s\000\137\000d\000e\000t\000a\000i\000l}{subsection.8.43.2}% 457
\BOOKMARK [3][-]{subsubsection.8.43.2.2}{\376\377\0008\000.\0004\0003\000.\0002\000.\0002\000\040\000o\000r\000d\000e\000r\000\137\000i\000t\000e\000m\000s}{subsection.8.43.2}% 458
\BOOKMARK [3][-]{subsubsection.8.43.2.3}{\376\377\0008\000.\0004\0003\000.\0002\000.\0003\000\040\000r\000e\000s\000t\000a\000u\000r\000a\000n\000t\000\137\000n\000a\000m\000e}{subsection.8.43.2}% 459
\BOOKMARK [1][-]{section.8.44}{\376\377\0008\000.\0004\0004\000\040\000m\000o\000d\000e\000l\000s\000.\000O\000r\000d\000e\000r\000I\000t\000e\000m\000\040\000C\000l\000a\000s\000s\000\040\000R\000e\000f\000e\000r\000e\000n\000c\000e}{chapter.8}% 460
\BOOKMARK [2][-]{subsection.8.44.1}{\376\377\0008\000.\0004\0004\000.\0001\000\040\000D\000e\000t\000a\000i\000l\000e\000d\000\040\000D\000e\000s\000c\000r\000i\000p\000t\000i\000o\000n}{section.8.44}% 461
\BOOKMARK [2][-]{subsection.8.44.2}{\376\377\0008\000.\0004\0004\000.\0002\000\040\000M\000e\000m\000b\000e\000r\000\040\000D\000a\000t\000a\000\040\000D\000o\000c\000u\000m\000e\000n\000t\000a\000t\000i\000o\000n}{section.8.44}% 462
\BOOKMARK [3][-]{subsubsection.8.44.2.1}{\376\377\0008\000.\0004\0004\000.\0002\000.\0001\000\040\000\137\000\137\000t\000a\000b\000l\000e\000n\000a\000m\000e\000\137\000\137}{subsection.8.44.2}% 463
\BOOKMARK [3][-]{subsubsection.8.44.2.2}{\376\377\0008\000.\0004\0004\000.\0002\000.\0002\000\040\000i\000d}{subsection.8.44.2}% 464
\BOOKMARK [3][-]{subsubsection.8.44.2.3}{\376\377\0008\000.\0004\0004\000.\0002\000.\0003\000\040\000m\000e\000n\000u\000\137\000i\000t\000e\000m}{subsection.8.44.2}% 465
\BOOKMARK [3][-]{subsubsection.8.44.2.4}{\376\377\0008\000.\0004\0004\000.\0002\000.\0004\000\040\000m\000e\000n\000u\000i\000t\000e\000m\000i\000d}{subsection.8.44.2}% 466
\BOOKMARK [3][-]{subsubsection.8.44.2.5}{\376\377\0008\000.\0004\0004\000.\0002\000.\0005\000\040\000o\000r\000d\000e\000r}{subsection.8.44.2}% 467
\BOOKMARK [3][-]{subsubsection.8.44.2.6}{\376\377\0008\000.\0004\0004\000.\0002\000.\0006\000\040\000o\000r\000d\000e\000r\000i\000d}{subsection.8.44.2}% 468
\BOOKMARK [3][-]{subsubsection.8.44.2.7}{\376\377\0008\000.\0004\0004\000.\0002\000.\0007\000\040\000p\000r\000i\000c\000e}{subsection.8.44.2}% 469
\BOOKMARK [3][-]{subsubsection.8.44.2.8}{\376\377\0008\000.\0004\0004\000.\0002\000.\0008\000\040\000q\000u\000a\000n\000t\000i\000t\000y}{subsection.8.44.2}% 470
\BOOKMARK [1][-]{section.8.45}{\376\377\0008\000.\0004\0005\000\040\000s\000c\000h\000e\000m\000a\000s\000.\000O\000r\000d\000e\000r\000I\000t\000e\000m\000\040\000C\000l\000a\000s\000s\000\040\000R\000e\000f\000e\000r\000e\000n\000c\000e}{chapter.8}% 471
\BOOKMARK [2][-]{subsection.8.45.1}{\376\377\0008\000.\0004\0005\000.\0001\000\040\000D\000e\000t\000a\000i\000l\000e\000d\000\040\000D\000e\000s\000c\000r\000i\000p\000t\000i\000o\000n}{section.8.45}% 472
\BOOKMARK [2][-]{subsection.8.45.2}{\376\377\0008\000.\0004\0005\000.\0002\000\040\000M\000e\000m\000b\000e\000r\000\040\000D\000a\000t\000a\000\040\000D\000o\000c\000u\000m\000e\000n\000t\000a\000t\000i\000o\000n}{section.8.45}% 473
\BOOKMARK [3][-]{subsubsection.8.45.2.1}{\376\377\0008\000.\0004\0005\000.\0002\000.\0001\000\040\000m\000o\000d\000e\000l\000\137\000c\000o\000n\000f\000i\000g}{subsection.8.45.2}% 474
\BOOKMARK [1][-]{section.8.46}{\376\377\0008\000.\0004\0006\000\040\000s\000c\000h\000e\000m\000a\000s\000.\000O\000r\000d\000e\000r\000I\000t\000e\000m\000B\000a\000s\000e\000\040\000C\000l\000a\000s\000s\000\040\000R\000e\000f\000e\000r\000e\000n\000c\000e}{chapter.8}% 475
\BOOKMARK [2][-]{subsection.8.46.1}{\376\377\0008\000.\0004\0006\000.\0001\000\040\000D\000e\000t\000a\000i\000l\000e\000d\000\040\000D\000e\000s\000c\000r\000i\000p\000t\000i\000o\000n}{section.8.46}% 476
\BOOKMARK [1][-]{section.8.47}{\376\377\0008\000.\0004\0007\000\040\000s\000c\000h\000e\000m\000a\000s\000.\000O\000r\000d\000e\000r\000I\000t\000e\000m\000C\000r\000e\000a\000t\000e\000\040\000C\000l\000a\000s\000s\000\040\000R\000e\000f\000e\000r\000e\000n\000c\000e}{chapter.8}% 477
\BOOKMARK [2][-]{subsection.8.47.1}{\376\377\0008\000.\0004\0007\000.\0001\000\040\000D\000e\000t\000a\000i\000l\000e\000d\000\040\000D\000e\000s\000c\000r\000i\000p\000t\000i\000o\000n}{section.8.47}% 478
\BOOKMARK [1][-]{section.8.48}{\376\377\0008\000.\0004\0008\000\040\000s\000c\000h\000e\000m\000a\000s\000.\000O\000r\000d\000e\000r\000I\000t\000e\000m\000D\000e\000t\000a\000i\000l\000\040\000C\000l\000a\000s\000s\000\040\000R\000e\000f\000e\000r\000e\000n\000c\000e}{chapter.8}% 479
\BOOKMARK [2][-]{subsection.8.48.1}{\376\377\0008\000.\0004\0008\000.\0001\000\040\000D\000e\000t\000a\000i\000l\000e\000d\000\040\000D\000e\000s\000c\000r\000i\000p\000t\000i\000o\000n}{section.8.48}% 480
\BOOKMARK [2][-]{subsection.8.48.2}{\376\377\0008\000.\0004\0008\000.\0002\000\040\000M\000e\000m\000b\000e\000r\000\040\000D\000a\000t\000a\000\040\000D\000o\000c\000u\000m\000e\000n\000t\000a\000t\000i\000o\000n}{section.8.48}% 481
\BOOKMARK [3][-]{subsubsection.8.48.2.1}{\376\377\0008\000.\0004\0008\000.\0002\000.\0001\000\040\000i\000m\000a\000g\000e\000\137\000u\000r\000l}{subsection.8.48.2}% 482
\BOOKMARK [3][-]{subsubsection.8.48.2.2}{\376\377\0008\000.\0004\0008\000.\0002\000.\0002\000\040\000m\000e\000n\000u\000i\000t\000e\000m\000\137\000n\000a\000m\000e}{subsection.8.48.2}% 483
\BOOKMARK [1][-]{section.8.49}{\376\377\0008\000.\0004\0009\000\040\000m\000o\000d\000e\000l\000s\000.\000O\000r\000d\000e\000r\000s\000\040\000C\000l\000a\000s\000s\000\040\000R\000e\000f\000e\000r\000e\000n\000c\000e}{chapter.8}% 484
\BOOKMARK [2][-]{subsection.8.49.1}{\376\377\0008\000.\0004\0009\000.\0001\000\040\000D\000e\000t\000a\000i\000l\000e\000d\000\040\000D\000e\000s\000c\000r\000i\000p\000t\000i\000o\000n}{section.8.49}% 485
\BOOKMARK [2][-]{subsection.8.49.2}{\376\377\0008\000.\0004\0009\000.\0002\000\040\000M\000e\000m\000b\000e\000r\000\040\000D\000a\000t\000a\000\040\000D\000o\000c\000u\000m\000e\000n\000t\000a\000t\000i\000o\000n}{section.8.49}% 486
\BOOKMARK [3][-]{subsubsection.8.49.2.1}{\376\377\0008\000.\0004\0009\000.\0002\000.\0001\000\040\000\137\000\137\000t\000a\000b\000l\000e\000n\000a\000m\000e\000\137\000\137}{subsection.8.49.2}% 487
\BOOKMARK [3][-]{subsubsection.8.49.2.2}{\376\377\0008\000.\0004\0009\000.\0002\000.\0002\000\040\000a\000d\000d\000r\000e\000s\000s}{subsection.8.49.2}% 488
\BOOKMARK [3][-]{subsubsection.8.49.2.3}{\376\377\0008\000.\0004\0009\000.\0002\000.\0003\000\040\000a\000d\000d\000r\000e\000s\000s\000i\000d}{subsection.8.49.2}% 489
\BOOKMARK [3][-]{subsubsection.8.49.2.4}{\376\377\0008\000.\0004\0009\000.\0002\000.\0004\000\040\000c\000r\000e\000a\000t\000e\000d\000a\000t}{subsection.8.49.2}% 490
\BOOKMARK [3][-]{subsubsection.8.49.2.5}{\376\377\0008\000.\0004\0009\000.\0002\000.\0005\000\040\000d\000e\000l\000i\000v\000e\000r\000y}{subsection.8.49.2}% 491
\BOOKMARK [3][-]{subsubsection.8.49.2.6}{\376\377\0008\000.\0004\0009\000.\0002\000.\0006\000\040\000i\000d}{subsection.8.49.2}% 492
\BOOKMARK [3][-]{subsubsection.8.49.2.7}{\376\377\0008\000.\0004\0009\000.\0002\000.\0007\000\040\000n\000o\000t\000i\000f\000i\000c\000a\000t\000i\000o\000n\000s}{subsection.8.49.2}% 493
\BOOKMARK [3][-]{subsubsection.8.49.2.8}{\376\377\0008\000.\0004\0009\000.\0002\000.\0008\000\040\000o\000r\000d\000e\000r\000\137\000i\000t\000e\000m\000s}{subsection.8.49.2}% 494
\BOOKMARK [3][-]{subsubsection.8.49.2.9}{\376\377\0008\000.\0004\0009\000.\0002\000.\0009\000\040\000p\000a\000y\000m\000e\000n\000t\000s}{subsection.8.49.2}% 495
\BOOKMARK [3][-]{subsubsection.8.49.2.10}{\376\377\0008\000.\0004\0009\000.\0002\000.\0001\0000\000\040\000p\000r\000e\000o\000r\000d\000e\000r\000d\000a\000t\000e}{subsection.8.49.2}% 496
\BOOKMARK [3][-]{subsubsection.8.49.2.11}{\376\377\0008\000.\0004\0009\000.\0002\000.\0001\0001\000\040\000p\000r\000e\000o\000r\000d\000e\000r\000t\000i\000m\000e}{subsection.8.49.2}% 497
\BOOKMARK [3][-]{subsubsection.8.49.2.12}{\376\377\0008\000.\0004\0009\000.\0002\000.\0001\0002\000\040\000r\000e\000s\000t\000a\000u\000r\000a\000n\000t}{subsection.8.49.2}% 498
\BOOKMARK [3][-]{subsubsection.8.49.2.13}{\376\377\0008\000.\0004\0009\000.\0002\000.\0001\0003\000\040\000r\000e\000s\000t\000a\000u\000r\000a\000n\000t\000i\000d}{subsection.8.49.2}% 499
\BOOKMARK [3][-]{subsubsection.8.49.2.14}{\376\377\0008\000.\0004\0009\000.\0002\000.\0001\0004\000\040\000s\000t\000a\000t\000u\000s}{subsection.8.49.2}% 500
\BOOKMARK [3][-]{subsubsection.8.49.2.15}{\376\377\0008\000.\0004\0009\000.\0002\000.\0001\0005\000\040\000t\000o\000t\000a\000l\000p\000r\000i\000c\000e}{subsection.8.49.2}% 501
\BOOKMARK [3][-]{subsubsection.8.49.2.16}{\376\377\0008\000.\0004\0009\000.\0002\000.\0001\0006\000\040\000u\000s\000e\000d\000\137\000p\000r\000o\000m\000o\000t\000i\000o\000n\000s}{subsection.8.49.2}% 502
\BOOKMARK [3][-]{subsubsection.8.49.2.17}{\376\377\0008\000.\0004\0009\000.\0002\000.\0001\0007\000\040\000u\000s\000e\000r}{subsection.8.49.2}% 503
\BOOKMARK [3][-]{subsubsection.8.49.2.18}{\376\377\0008\000.\0004\0009\000.\0002\000.\0001\0008\000\040\000u\000s\000e\000r\000i\000d}{subsection.8.49.2}% 504
\BOOKMARK [1][-]{section.8.50}{\376\377\0008\000.\0005\0000\000\040\000s\000c\000h\000e\000m\000a\000s\000.\000O\000r\000d\000e\000r\000S\000t\000a\000t\000u\000s\000U\000p\000d\000a\000t\000e\000\040\000C\000l\000a\000s\000s\000\040\000R\000e\000f\000e\000r\000e\000n\000c\000e}{chapter.8}% 505
\BOOKMARK [2][-]{subsection.8.50.1}{\376\377\0008\000.\0005\0000\000.\0001\000\040\000D\000e\000t\000a\000i\000l\000e\000d\000\040\000D\000e\000s\000c\000r\000i\000p\000t\000i\000o\000n}{section.8.50}% 506
\BOOKMARK [1][-]{section.8.51}{\376\377\0008\000.\0005\0001\000\040\000m\000o\000d\000e\000l\000s\000.\000P\000a\000y\000m\000e\000n\000t\000\040\000C\000l\000a\000s\000s\000\040\000R\000e\000f\000e\000r\000e\000n\000c\000e}{chapter.8}% 507
\BOOKMARK [2][-]{subsection.8.51.1}{\376\377\0008\000.\0005\0001\000.\0001\000\040\000D\000e\000t\000a\000i\000l\000e\000d\000\040\000D\000e\000s\000c\000r\000i\000p\000t\000i\000o\000n}{section.8.51}% 508
\BOOKMARK [2][-]{subsection.8.51.2}{\376\377\0008\000.\0005\0001\000.\0002\000\040\000M\000e\000m\000b\000e\000r\000\040\000D\000a\000t\000a\000\040\000D\000o\000c\000u\000m\000e\000n\000t\000a\000t\000i\000o\000n}{section.8.51}% 509
\BOOKMARK [3][-]{subsubsection.8.51.2.1}{\376\377\0008\000.\0005\0001\000.\0002\000.\0001\000\040\000\137\000\137\000t\000a\000b\000l\000e\000n\000a\000m\000e\000\137\000\137}{subsection.8.51.2}% 510
\BOOKMARK [3][-]{subsubsection.8.51.2.2}{\376\377\0008\000.\0005\0001\000.\0002\000.\0002\000\040\000i\000d}{subsection.8.51.2}% 511
\BOOKMARK [3][-]{subsubsection.8.51.2.3}{\376\377\0008\000.\0005\0001\000.\0002\000.\0003\000\040\000m\000e\000t\000h\000o\000d}{subsection.8.51.2}% 512
\BOOKMARK [3][-]{subsubsection.8.51.2.4}{\376\377\0008\000.\0005\0001\000.\0002\000.\0004\000\040\000o\000r\000d\000e\000r}{subsection.8.51.2}% 513
\BOOKMARK [3][-]{subsubsection.8.51.2.5}{\376\377\0008\000.\0005\0001\000.\0002\000.\0005\000\040\000o\000r\000d\000e\000r\000i\000d}{subsection.8.51.2}% 514
\BOOKMARK [3][-]{subsubsection.8.51.2.6}{\376\377\0008\000.\0005\0001\000.\0002\000.\0006\000\040\000s\000t\000a\000t\000u\000s}{subsection.8.51.2}% 515
\BOOKMARK [1][-]{section.8.52}{\376\377\0008\000.\0005\0002\000\040\000s\000c\000h\000e\000m\000a\000s\000.\000P\000a\000y\000m\000e\000n\000t\000\040\000C\000l\000a\000s\000s\000\040\000R\000e\000f\000e\000r\000e\000n\000c\000e}{chapter.8}% 516
\BOOKMARK [2][-]{subsection.8.52.1}{\376\377\0008\000.\0005\0002\000.\0001\000\040\000D\000e\000t\000a\000i\000l\000e\000d\000\040\000D\000e\000s\000c\000r\000i\000p\000t\000i\000o\000n}{section.8.52}% 517
\BOOKMARK [2][-]{subsection.8.52.2}{\376\377\0008\000.\0005\0002\000.\0002\000\040\000M\000e\000m\000b\000e\000r\000\040\000D\000a\000t\000a\000\040\000D\000o\000c\000u\000m\000e\000n\000t\000a\000t\000i\000o\000n}{section.8.52}% 518
\BOOKMARK [3][-]{subsubsection.8.52.2.1}{\376\377\0008\000.\0005\0002\000.\0002\000.\0001\000\040\000m\000o\000d\000e\000l\000\137\000c\000o\000n\000f\000i\000g}{subsection.8.52.2}% 519
\BOOKMARK [1][-]{section.8.53}{\376\377\0008\000.\0005\0003\000\040\000s\000c\000h\000e\000m\000a\000s\000.\000P\000a\000y\000m\000e\000n\000t\000B\000a\000s\000e\000\040\000C\000l\000a\000s\000s\000\040\000R\000e\000f\000e\000r\000e\000n\000c\000e}{chapter.8}% 520
\BOOKMARK [2][-]{subsection.8.53.1}{\376\377\0008\000.\0005\0003\000.\0001\000\040\000D\000e\000t\000a\000i\000l\000e\000d\000\040\000D\000e\000s\000c\000r\000i\000p\000t\000i\000o\000n}{section.8.53}% 521
\BOOKMARK [1][-]{section.8.54}{\376\377\0008\000.\0005\0004\000\040\000s\000c\000h\000e\000m\000a\000s\000.\000P\000a\000y\000m\000e\000n\000t\000C\000r\000e\000a\000t\000e\000\040\000C\000l\000a\000s\000s\000\040\000R\000e\000f\000e\000r\000e\000n\000c\000e}{chapter.8}% 522
\BOOKMARK [2][-]{subsection.8.54.1}{\376\377\0008\000.\0005\0004\000.\0001\000\040\000D\000e\000t\000a\000i\000l\000e\000d\000\040\000D\000e\000s\000c\000r\000i\000p\000t\000i\000o\000n}{section.8.54}% 523
\BOOKMARK [1][-]{section.8.55}{\376\377\0008\000.\0005\0005\000\040\000m\000o\000d\000e\000l\000s\000.\000P\000r\000o\000m\000o\000t\000i\000o\000n\000\040\000C\000l\000a\000s\000s\000\040\000R\000e\000f\000e\000r\000e\000n\000c\000e}{chapter.8}% 524
\BOOKMARK [2][-]{subsection.8.55.1}{\376\377\0008\000.\0005\0005\000.\0001\000\040\000D\000e\000t\000a\000i\000l\000e\000d\000\040\000D\000e\000s\000c\000r\000i\000p\000t\000i\000o\000n}{section.8.55}% 525
\BOOKMARK [2][-]{subsection.8.55.2}{\376\377\0008\000.\0005\0005\000.\0002\000\040\000M\000e\000m\000b\000e\000r\000\040\000D\000a\000t\000a\000\040\000D\000o\000c\000u\000m\000e\000n\000t\000a\000t\000i\000o\000n}{section.8.55}% 526
\BOOKMARK [3][-]{subsubsection.8.55.2.1}{\376\377\0008\000.\0005\0005\000.\0002\000.\0001\000\040\000\137\000\137\000t\000a\000b\000l\000e\000n\000a\000m\000e\000\137\000\137}{subsection.8.55.2}% 527
\BOOKMARK [3][-]{subsubsection.8.55.2.2}{\376\377\0008\000.\0005\0005\000.\0002\000.\0002\000\040\000c\000o\000d\000e}{subsection.8.55.2}% 528
\BOOKMARK [3][-]{subsubsection.8.55.2.3}{\376\377\0008\000.\0005\0005\000.\0002\000.\0003\000\040\000d\000i\000s\000c\000o\000u\000n\000t\000t\000y\000p\000e}{subsection.8.55.2}% 529
\BOOKMARK [3][-]{subsubsection.8.55.2.4}{\376\377\0008\000.\0005\0005\000.\0002\000.\0004\000\040\000d\000i\000s\000c\000o\000u\000n\000t\000v\000a\000l\000u\000e}{subsection.8.55.2}% 530
\BOOKMARK [3][-]{subsubsection.8.55.2.5}{\376\377\0008\000.\0005\0005\000.\0002\000.\0005\000\040\000e\000x\000p\000i\000r\000e\000d\000a\000t\000e}{subsection.8.55.2}% 531
\BOOKMARK [3][-]{subsubsection.8.55.2.6}{\376\377\0008\000.\0005\0005\000.\0002\000.\0006\000\040\000i\000d}{subsection.8.55.2}% 532
\BOOKMARK [3][-]{subsubsection.8.55.2.7}{\376\377\0008\000.\0005\0005\000.\0002\000.\0007\000\040\000m\000i\000n\000o\000r\000d\000e\000r\000v\000a\000l\000u\000e}{subsection.8.55.2}% 533
\BOOKMARK [3][-]{subsubsection.8.55.2.8}{\376\377\0008\000.\0005\0005\000.\0002\000.\0008\000\040\000s\000t\000a\000t\000u\000s}{subsection.8.55.2}% 534
\BOOKMARK [3][-]{subsubsection.8.55.2.9}{\376\377\0008\000.\0005\0005\000.\0002\000.\0009\000\040\000u\000s\000e\000d\000\137\000p\000r\000o\000m\000o\000t\000i\000o\000n\000s}{subsection.8.55.2}% 535
\BOOKMARK [1][-]{section.8.56}{\376\377\0008\000.\0005\0006\000\040\000s\000c\000h\000e\000m\000a\000s\000.\000P\000r\000o\000m\000o\000t\000i\000o\000n\000\040\000C\000l\000a\000s\000s\000\040\000R\000e\000f\000e\000r\000e\000n\000c\000e}{chapter.8}% 536
\BOOKMARK [2][-]{subsection.8.56.1}{\376\377\0008\000.\0005\0006\000.\0001\000\040\000D\000e\000t\000a\000i\000l\000e\000d\000\040\000D\000e\000s\000c\000r\000i\000p\000t\000i\000o\000n}{section.8.56}% 537
\BOOKMARK [2][-]{subsection.8.56.2}{\376\377\0008\000.\0005\0006\000.\0002\000\040\000M\000e\000m\000b\000e\000r\000\040\000D\000a\000t\000a\000\040\000D\000o\000c\000u\000m\000e\000n\000t\000a\000t\000i\000o\000n}{section.8.56}% 538
\BOOKMARK [3][-]{subsubsection.8.56.2.1}{\376\377\0008\000.\0005\0006\000.\0002\000.\0001\000\040\000m\000o\000d\000e\000l\000\137\000c\000o\000n\000f\000i\000g}{subsection.8.56.2}% 539
\BOOKMARK [1][-]{section.8.57}{\376\377\0008\000.\0005\0007\000\040\000s\000c\000h\000e\000m\000a\000s\000.\000P\000r\000o\000m\000o\000t\000i\000o\000n\000B\000a\000s\000e\000\040\000C\000l\000a\000s\000s\000\040\000R\000e\000f\000e\000r\000e\000n\000c\000e}{chapter.8}% 540
\BOOKMARK [2][-]{subsection.8.57.1}{\376\377\0008\000.\0005\0007\000.\0001\000\040\000D\000e\000t\000a\000i\000l\000e\000d\000\040\000D\000e\000s\000c\000r\000i\000p\000t\000i\000o\000n}{section.8.57}% 541
\BOOKMARK [1][-]{section.8.58}{\376\377\0008\000.\0005\0008\000\040\000s\000c\000h\000e\000m\000a\000s\000.\000P\000r\000o\000m\000o\000t\000i\000o\000n\000C\000r\000e\000a\000t\000e\000\040\000C\000l\000a\000s\000s\000\040\000R\000e\000f\000e\000r\000e\000n\000c\000e}{chapter.8}% 542
\BOOKMARK [2][-]{subsection.8.58.1}{\376\377\0008\000.\0005\0008\000.\0001\000\040\000D\000e\000t\000a\000i\000l\000e\000d\000\040\000D\000e\000s\000c\000r\000i\000p\000t\000i\000o\000n}{section.8.58}% 543
\BOOKMARK [1][-]{section.8.59}{\376\377\0008\000.\0005\0009\000\040\000m\000o\000d\000e\000l\000s\000.\000R\000e\000s\000t\000a\000u\000r\000a\000n\000t\000\040\000C\000l\000a\000s\000s\000\040\000R\000e\000f\000e\000r\000e\000n\000c\000e}{chapter.8}% 544
\BOOKMARK [2][-]{subsection.8.59.1}{\376\377\0008\000.\0005\0009\000.\0001\000\040\000D\000e\000t\000a\000i\000l\000e\000d\000\040\000D\000e\000s\000c\000r\000i\000p\000t\000i\000o\000n}{section.8.59}% 545
\BOOKMARK [2][-]{subsection.8.59.2}{\376\377\0008\000.\0005\0009\000.\0002\000\040\000M\000e\000m\000b\000e\000r\000\040\000D\000a\000t\000a\000\040\000D\000o\000c\000u\000m\000e\000n\000t\000a\000t\000i\000o\000n}{section.8.59}% 546
\BOOKMARK [3][-]{subsubsection.8.59.2.1}{\376\377\0008\000.\0005\0009\000.\0002\000.\0001\000\040\000\137\000\137\000t\000a\000b\000l\000e\000n\000a\000m\000e\000\137\000\137}{subsection.8.59.2}% 547
\BOOKMARK [3][-]{subsubsection.8.59.2.2}{\376\377\0008\000.\0005\0009\000.\0002\000.\0002\000\040\000a\000d\000d\000r\000e\000s\000s}{subsection.8.59.2}% 548
\BOOKMARK [3][-]{subsubsection.8.59.2.3}{\376\377\0008\000.\0005\0009\000.\0002\000.\0003\000\040\000c\000l\000o\000s\000e\000\137\000t\000i\000m\000e}{subsection.8.59.2}% 549
\BOOKMARK [3][-]{subsubsection.8.59.2.4}{\376\377\0008\000.\0005\0009\000.\0002\000.\0004\000\040\000d\000e\000s\000c\000r\000i\000p\000t\000i\000o\000n}{subsection.8.59.2}% 550
\BOOKMARK [3][-]{subsubsection.8.59.2.5}{\376\377\0008\000.\0005\0009\000.\0002\000.\0005\000\040\000i\000d}{subsection.8.59.2}% 551
\BOOKMARK [3][-]{subsubsection.8.59.2.6}{\376\377\0008\000.\0005\0009\000.\0002\000.\0006\000\040\000i\000m\000a\000g\000e\000\137\000u\000r\000l}{subsection.8.59.2}% 552
\BOOKMARK [3][-]{subsubsection.8.59.2.7}{\376\377\0008\000.\0005\0009\000.\0002\000.\0007\000\040\000m\000e\000n\000u\000\137\000i\000t\000e\000m\000s}{subsection.8.59.2}% 553
\BOOKMARK [3][-]{subsubsection.8.59.2.8}{\376\377\0008\000.\0005\0009\000.\0002\000.\0008\000\040\000n\000a\000m\000e}{subsection.8.59.2}% 554
\BOOKMARK [3][-]{subsubsection.8.59.2.9}{\376\377\0008\000.\0005\0009\000.\0002\000.\0009\000\040\000o\000p\000e\000n\000\137\000t\000i\000m\000e}{subsection.8.59.2}% 555
\BOOKMARK [3][-]{subsubsection.8.59.2.10}{\376\377\0008\000.\0005\0009\000.\0002\000.\0001\0000\000\040\000o\000r\000d\000e\000r\000s}{subsection.8.59.2}% 556
\BOOKMARK [3][-]{subsubsection.8.59.2.11}{\376\377\0008\000.\0005\0009\000.\0002\000.\0001\0001\000\040\000p\000h\000o\000n\000e\000\137\000n\000u\000m\000b\000e\000r}{subsection.8.59.2}% 557
\BOOKMARK [3][-]{subsubsection.8.59.2.12}{\376\377\0008\000.\0005\0009\000.\0002\000.\0001\0002\000\040\000r\000a\000t\000i\000n\000g}{subsection.8.59.2}% 558
\BOOKMARK [3][-]{subsubsection.8.59.2.13}{\376\377\0008\000.\0005\0009\000.\0002\000.\0001\0003\000\040\000r\000e\000v\000i\000e\000w\000s}{subsection.8.59.2}% 559
\BOOKMARK [3][-]{subsubsection.8.59.2.14}{\376\377\0008\000.\0005\0009\000.\0002\000.\0001\0004\000\040\000s\000o\000c\000i\000a\000l\000\137\000s\000h\000a\000r\000e\000s}{subsection.8.59.2}% 560
\BOOKMARK [3][-]{subsubsection.8.59.2.15}{\376\377\0008\000.\0005\0009\000.\0002\000.\0001\0005\000\040\000s\000t\000a\000t\000u\000s}{subsection.8.59.2}% 561
\BOOKMARK [1][-]{section.8.60}{\376\377\0008\000.\0006\0000\000\040\000s\000c\000h\000e\000m\000a\000s\000.\000R\000e\000s\000t\000a\000u\000r\000a\000n\000t\000\040\000C\000l\000a\000s\000s\000\040\000R\000e\000f\000e\000r\000e\000n\000c\000e}{chapter.8}% 562
\BOOKMARK [2][-]{subsection.8.60.1}{\376\377\0008\000.\0006\0000\000.\0001\000\040\000D\000e\000t\000a\000i\000l\000e\000d\000\040\000D\000e\000s\000c\000r\000i\000p\000t\000i\000o\000n}{section.8.60}% 563
\BOOKMARK [2][-]{subsection.8.60.2}{\376\377\0008\000.\0006\0000\000.\0002\000\040\000M\000e\000m\000b\000e\000r\000\040\000D\000a\000t\000a\000\040\000D\000o\000c\000u\000m\000e\000n\000t\000a\000t\000i\000o\000n}{section.8.60}% 564
\BOOKMARK [3][-]{subsubsection.8.60.2.1}{\376\377\0008\000.\0006\0000\000.\0002\000.\0001\000\040\000m\000e\000n\000u\000\137\000i\000t\000e\000m\000s}{subsection.8.60.2}% 565
\BOOKMARK [3][-]{subsubsection.8.60.2.2}{\376\377\0008\000.\0006\0000\000.\0002\000.\0002\000\040\000m\000o\000d\000e\000l\000\137\000c\000o\000n\000f\000i\000g}{subsection.8.60.2}% 566
\BOOKMARK [1][-]{section.8.61}{\376\377\0008\000.\0006\0001\000\040\000s\000c\000h\000e\000m\000a\000s\000.\000R\000e\000s\000t\000a\000u\000r\000a\000n\000t\000B\000a\000s\000e\000\040\000C\000l\000a\000s\000s\000\040\000R\000e\000f\000e\000r\000e\000n\000c\000e}{chapter.8}% 567
\BOOKMARK [2][-]{subsection.8.61.1}{\376\377\0008\000.\0006\0001\000.\0001\000\040\000D\000e\000t\000a\000i\000l\000e\000d\000\040\000D\000e\000s\000c\000r\000i\000p\000t\000i\000o\000n}{section.8.61}% 568
\BOOKMARK [2][-]{subsection.8.61.2}{\376\377\0008\000.\0006\0001\000.\0002\000\040\000M\000e\000m\000b\000e\000r\000\040\000D\000a\000t\000a\000\040\000D\000o\000c\000u\000m\000e\000n\000t\000a\000t\000i\000o\000n}{section.8.61}% 569
\BOOKMARK [3][-]{subsubsection.8.61.2.1}{\376\377\0008\000.\0006\0001\000.\0002\000.\0001\000\040\000a\000d\000d\000r\000e\000s\000s}{subsection.8.61.2}% 570
\BOOKMARK [3][-]{subsubsection.8.61.2.2}{\376\377\0008\000.\0006\0001\000.\0002\000.\0002\000\040\000c\000l\000o\000s\000e\000\137\000t\000i\000m\000e}{subsection.8.61.2}% 571
\BOOKMARK [3][-]{subsubsection.8.61.2.3}{\376\377\0008\000.\0006\0001\000.\0002\000.\0003\000\040\000d\000e\000s\000c\000r\000i\000p\000t\000i\000o\000n}{subsection.8.61.2}% 572
\BOOKMARK [3][-]{subsubsection.8.61.2.4}{\376\377\0008\000.\0006\0001\000.\0002\000.\0004\000\040\000i\000m\000a\000g\000e\000\137\000u\000r\000l}{subsection.8.61.2}% 573
\BOOKMARK [3][-]{subsubsection.8.61.2.5}{\376\377\0008\000.\0006\0001\000.\0002\000.\0005\000\040\000o\000p\000e\000n\000\137\000t\000i\000m\000e}{subsection.8.61.2}% 574
\BOOKMARK [3][-]{subsubsection.8.61.2.6}{\376\377\0008\000.\0006\0001\000.\0002\000.\0006\000\040\000r\000a\000t\000i\000n\000g}{subsection.8.61.2}% 575
\BOOKMARK [1][-]{section.8.62}{\376\377\0008\000.\0006\0002\000\040\000s\000c\000h\000e\000m\000a\000s\000.\000R\000e\000s\000t\000a\000u\000r\000a\000n\000t\000C\000r\000e\000a\000t\000e\000\040\000C\000l\000a\000s\000s\000\040\000R\000e\000f\000e\000r\000e\000n\000c\000e}{chapter.8}% 576
\BOOKMARK [2][-]{subsection.8.62.1}{\376\377\0008\000.\0006\0002\000.\0001\000\040\000D\000e\000t\000a\000i\000l\000e\000d\000\040\000D\000e\000s\000c\000r\000i\000p\000t\000i\000o\000n}{section.8.62}% 577
\BOOKMARK [1][-]{section.8.63}{\376\377\0008\000.\0006\0003\000\040\000m\000o\000d\000e\000l\000s\000.\000R\000e\000v\000i\000e\000w\000\040\000C\000l\000a\000s\000s\000\040\000R\000e\000f\000e\000r\000e\000n\000c\000e}{chapter.8}% 578
\BOOKMARK [2][-]{subsection.8.63.1}{\376\377\0008\000.\0006\0003\000.\0001\000\040\000D\000e\000t\000a\000i\000l\000e\000d\000\040\000D\000e\000s\000c\000r\000i\000p\000t\000i\000o\000n}{section.8.63}% 579
\BOOKMARK [2][-]{subsection.8.63.2}{\376\377\0008\000.\0006\0003\000.\0002\000\040\000M\000e\000m\000b\000e\000r\000\040\000D\000a\000t\000a\000\040\000D\000o\000c\000u\000m\000e\000n\000t\000a\000t\000i\000o\000n}{section.8.63}% 580
\BOOKMARK [3][-]{subsubsection.8.63.2.1}{\376\377\0008\000.\0006\0003\000.\0002\000.\0001\000\040\000\137\000\137\000t\000a\000b\000l\000e\000n\000a\000m\000e\000\137\000\137}{subsection.8.63.2}% 581
\BOOKMARK [3][-]{subsubsection.8.63.2.2}{\376\377\0008\000.\0006\0003\000.\0002\000.\0002\000\040\000c\000o\000m\000m\000e\000n\000t}{subsection.8.63.2}% 582
\BOOKMARK [3][-]{subsubsection.8.63.2.3}{\376\377\0008\000.\0006\0003\000.\0002\000.\0003\000\040\000i\000d}{subsection.8.63.2}% 583
\BOOKMARK [3][-]{subsubsection.8.63.2.4}{\376\377\0008\000.\0006\0003\000.\0002\000.\0004\000\040\000m\000e\000n\000u\000\137\000i\000t\000e\000m}{subsection.8.63.2}% 584
\BOOKMARK [3][-]{subsubsection.8.63.2.5}{\376\377\0008\000.\0006\0003\000.\0002\000.\0005\000\040\000m\000e\000n\000u\000i\000t\000e\000m\000i\000d}{subsection.8.63.2}% 585
\BOOKMARK [3][-]{subsubsection.8.63.2.6}{\376\377\0008\000.\0006\0003\000.\0002\000.\0006\000\040\000o\000r\000d\000e\000r}{subsection.8.63.2}% 586
\BOOKMARK [3][-]{subsubsection.8.63.2.7}{\376\377\0008\000.\0006\0003\000.\0002\000.\0007\000\040\000o\000r\000d\000e\000r\000i\000d}{subsection.8.63.2}% 587
\BOOKMARK [3][-]{subsubsection.8.63.2.8}{\376\377\0008\000.\0006\0003\000.\0002\000.\0008\000\040\000r\000a\000t\000i\000n\000g}{subsection.8.63.2}% 588
\BOOKMARK [3][-]{subsubsection.8.63.2.9}{\376\377\0008\000.\0006\0003\000.\0002\000.\0009\000\040\000r\000e\000s\000t\000a\000u\000r\000a\000n\000t}{subsection.8.63.2}% 589
\BOOKMARK [3][-]{subsubsection.8.63.2.10}{\376\377\0008\000.\0006\0003\000.\0002\000.\0001\0000\000\040\000r\000e\000s\000t\000a\000u\000r\000a\000n\000t\000i\000d}{subsection.8.63.2}% 590
\BOOKMARK [3][-]{subsubsection.8.63.2.11}{\376\377\0008\000.\0006\0003\000.\0002\000.\0001\0001\000\040\000u\000s\000e\000r}{subsection.8.63.2}% 591
\BOOKMARK [3][-]{subsubsection.8.63.2.12}{\376\377\0008\000.\0006\0003\000.\0002\000.\0001\0002\000\040\000u\000s\000e\000r\000i\000d}{subsection.8.63.2}% 592
\BOOKMARK [1][-]{section.8.64}{\376\377\0008\000.\0006\0004\000\040\000s\000c\000h\000e\000m\000a\000s\000.\000R\000e\000v\000i\000e\000w\000\040\000C\000l\000a\000s\000s\000\040\000R\000e\000f\000e\000r\000e\000n\000c\000e}{chapter.8}% 593
\BOOKMARK [2][-]{subsection.8.64.1}{\376\377\0008\000.\0006\0004\000.\0001\000\040\000D\000e\000t\000a\000i\000l\000e\000d\000\040\000D\000e\000s\000c\000r\000i\000p\000t\000i\000o\000n}{section.8.64}% 594
\BOOKMARK [2][-]{subsection.8.64.2}{\376\377\0008\000.\0006\0004\000.\0002\000\040\000M\000e\000m\000b\000e\000r\000\040\000D\000a\000t\000a\000\040\000D\000o\000c\000u\000m\000e\000n\000t\000a\000t\000i\000o\000n}{section.8.64}% 595
\BOOKMARK [3][-]{subsubsection.8.64.2.1}{\376\377\0008\000.\0006\0004\000.\0002\000.\0001\000\040\000m\000o\000d\000e\000l\000\137\000c\000o\000n\000f\000i\000g}{subsection.8.64.2}% 596
\BOOKMARK [1][-]{section.8.65}{\376\377\0008\000.\0006\0005\000\040\000s\000c\000h\000e\000m\000a\000s\000.\000R\000e\000v\000i\000e\000w\000B\000a\000s\000e\000\040\000C\000l\000a\000s\000s\000\040\000R\000e\000f\000e\000r\000e\000n\000c\000e}{chapter.8}% 597
\BOOKMARK [2][-]{subsection.8.65.1}{\376\377\0008\000.\0006\0005\000.\0001\000\040\000D\000e\000t\000a\000i\000l\000e\000d\000\040\000D\000e\000s\000c\000r\000i\000p\000t\000i\000o\000n}{section.8.65}% 598
\BOOKMARK [2][-]{subsection.8.65.2}{\376\377\0008\000.\0006\0005\000.\0002\000\040\000M\000e\000m\000b\000e\000r\000\040\000D\000a\000t\000a\000\040\000D\000o\000c\000u\000m\000e\000n\000t\000a\000t\000i\000o\000n}{section.8.65}% 599
\BOOKMARK [3][-]{subsubsection.8.65.2.1}{\376\377\0008\000.\0006\0005\000.\0002\000.\0001\000\040\000c\000o\000m\000m\000e\000n\000t}{subsection.8.65.2}% 600
\BOOKMARK [3][-]{subsubsection.8.65.2.2}{\376\377\0008\000.\0006\0005\000.\0002\000.\0002\000\040\000m\000e\000n\000u\000i\000t\000e\000m\000i\000d}{subsection.8.65.2}% 601
\BOOKMARK [3][-]{subsubsection.8.65.2.3}{\376\377\0008\000.\0006\0005\000.\0002\000.\0003\000\040\000r\000e\000s\000t\000a\000u\000r\000a\000n\000t\000i\000d}{subsection.8.65.2}% 602
\BOOKMARK [1][-]{section.8.66}{\376\377\0008\000.\0006\0006\000\040\000s\000c\000h\000e\000m\000a\000s\000.\000R\000e\000v\000i\000e\000w\000C\000r\000e\000a\000t\000e\000\040\000C\000l\000a\000s\000s\000\040\000R\000e\000f\000e\000r\000e\000n\000c\000e}{chapter.8}% 603
\BOOKMARK [2][-]{subsection.8.66.1}{\376\377\0008\000.\0006\0006\000.\0001\000\040\000D\000e\000t\000a\000i\000l\000e\000d\000\040\000D\000e\000s\000c\000r\000i\000p\000t\000i\000o\000n}{section.8.66}% 604
\BOOKMARK [1][-]{section.8.67}{\376\377\0008\000.\0006\0007\000\040\000s\000c\000h\000e\000m\000a\000s\000.\000R\000e\000v\000i\000e\000w\000R\000e\000s\000p\000o\000n\000s\000e\000\040\000C\000l\000a\000s\000s\000\040\000R\000e\000f\000e\000r\000e\000n\000c\000e}{chapter.8}% 605
\BOOKMARK [2][-]{subsection.8.67.1}{\376\377\0008\000.\0006\0007\000.\0001\000\040\000D\000e\000t\000a\000i\000l\000e\000d\000\040\000D\000e\000s\000c\000r\000i\000p\000t\000i\000o\000n}{section.8.67}% 606
\BOOKMARK [2][-]{subsection.8.67.2}{\376\377\0008\000.\0006\0007\000.\0002\000\040\000M\000e\000m\000b\000e\000r\000\040\000D\000a\000t\000a\000\040\000D\000o\000c\000u\000m\000e\000n\000t\000a\000t\000i\000o\000n}{section.8.67}% 607
\BOOKMARK [3][-]{subsubsection.8.67.2.1}{\376\377\0008\000.\0006\0007\000.\0002\000.\0001\000\040\000c\000o\000m\000m\000e\000n\000t}{subsection.8.67.2}% 608
\BOOKMARK [3][-]{subsubsection.8.67.2.2}{\376\377\0008\000.\0006\0007\000.\0002\000.\0002\000\040\000m\000o\000d\000e\000l\000\137\000c\000o\000n\000f\000i\000g}{subsection.8.67.2}% 609
\BOOKMARK [3][-]{subsubsection.8.67.2.3}{\376\377\0008\000.\0006\0007\000.\0002\000.\0003\000\040\000u\000s\000e\000r\000\137\000n\000a\000m\000e}{subsection.8.67.2}% 610
\BOOKMARK [1][-]{section.8.68}{\376\377\0008\000.\0006\0008\000\040\000m\000o\000d\000e\000l\000s\000.\000S\000h\000i\000p\000p\000e\000r\000\040\000C\000l\000a\000s\000s\000\040\000R\000e\000f\000e\000r\000e\000n\000c\000e}{chapter.8}% 611
\BOOKMARK [2][-]{subsection.8.68.1}{\376\377\0008\000.\0006\0008\000.\0001\000\040\000D\000e\000t\000a\000i\000l\000e\000d\000\040\000D\000e\000s\000c\000r\000i\000p\000t\000i\000o\000n}{section.8.68}% 612
\BOOKMARK [2][-]{subsection.8.68.2}{\376\377\0008\000.\0006\0008\000.\0002\000\040\000M\000e\000m\000b\000e\000r\000\040\000D\000a\000t\000a\000\040\000D\000o\000c\000u\000m\000e\000n\000t\000a\000t\000i\000o\000n}{section.8.68}% 613
\BOOKMARK [3][-]{subsubsection.8.68.2.1}{\376\377\0008\000.\0006\0008\000.\0002\000.\0001\000\040\000\137\000\137\000t\000a\000b\000l\000e\000n\000a\000m\000e\000\137\000\137}{subsection.8.68.2}% 614
\BOOKMARK [3][-]{subsubsection.8.68.2.2}{\376\377\0008\000.\0006\0008\000.\0002\000.\0002\000\040\000d\000e\000l\000i\000v\000e\000r\000i\000e\000s}{subsection.8.68.2}% 615
\BOOKMARK [3][-]{subsubsection.8.68.2.3}{\376\377\0008\000.\0006\0008\000.\0002\000.\0003\000\040\000d\000e\000s\000c\000r\000i\000p\000t\000i\000o\000n}{subsection.8.68.2}% 616
\BOOKMARK [3][-]{subsubsection.8.68.2.4}{\376\377\0008\000.\0006\0008\000.\0002\000.\0004\000\040\000i\000d}{subsection.8.68.2}% 617
\BOOKMARK [3][-]{subsubsection.8.68.2.5}{\376\377\0008\000.\0006\0008\000.\0002\000.\0005\000\040\000n\000a\000m\000e}{subsection.8.68.2}% 618
\BOOKMARK [3][-]{subsubsection.8.68.2.6}{\376\377\0008\000.\0006\0008\000.\0002\000.\0006\000\040\000p\000h\000o\000n\000e}{subsection.8.68.2}% 619
\BOOKMARK [3][-]{subsubsection.8.68.2.7}{\376\377\0008\000.\0006\0008\000.\0002\000.\0007\000\040\000r\000a\000t\000i\000n\000g}{subsection.8.68.2}% 620
\BOOKMARK [3][-]{subsubsection.8.68.2.8}{\376\377\0008\000.\0006\0008\000.\0002\000.\0008\000\040\000s\000t\000a\000t\000u\000s}{subsection.8.68.2}% 621
\BOOKMARK [1][-]{section.8.69}{\376\377\0008\000.\0006\0009\000\040\000s\000c\000h\000e\000m\000a\000s\000.\000S\000h\000i\000p\000p\000e\000r\000\040\000C\000l\000a\000s\000s\000\040\000R\000e\000f\000e\000r\000e\000n\000c\000e}{chapter.8}% 622
\BOOKMARK [2][-]{subsection.8.69.1}{\376\377\0008\000.\0006\0009\000.\0001\000\040\000D\000e\000t\000a\000i\000l\000e\000d\000\040\000D\000e\000s\000c\000r\000i\000p\000t\000i\000o\000n}{section.8.69}% 623
\BOOKMARK [2][-]{subsection.8.69.2}{\376\377\0008\000.\0006\0009\000.\0002\000\040\000M\000e\000m\000b\000e\000r\000\040\000D\000a\000t\000a\000\040\000D\000o\000c\000u\000m\000e\000n\000t\000a\000t\000i\000o\000n}{section.8.69}% 624
\BOOKMARK [3][-]{subsubsection.8.69.2.1}{\376\377\0008\000.\0006\0009\000.\0002\000.\0001\000\040\000m\000o\000d\000e\000l\000\137\000c\000o\000n\000f\000i\000g}{subsection.8.69.2}% 625
\BOOKMARK [1][-]{section.8.70}{\376\377\0008\000.\0007\0000\000\040\000s\000c\000h\000e\000m\000a\000s\000.\000S\000h\000i\000p\000p\000e\000r\000B\000a\000s\000e\000\040\000C\000l\000a\000s\000s\000\040\000R\000e\000f\000e\000r\000e\000n\000c\000e}{chapter.8}% 626
\BOOKMARK [2][-]{subsection.8.70.1}{\376\377\0008\000.\0007\0000\000.\0001\000\040\000D\000e\000t\000a\000i\000l\000e\000d\000\040\000D\000e\000s\000c\000r\000i\000p\000t\000i\000o\000n}{section.8.70}% 627
\BOOKMARK [2][-]{subsection.8.70.2}{\376\377\0008\000.\0007\0000\000.\0002\000\040\000M\000e\000m\000b\000e\000r\000\040\000D\000a\000t\000a\000\040\000D\000o\000c\000u\000m\000e\000n\000t\000a\000t\000i\000o\000n}{section.8.70}% 628
\BOOKMARK [3][-]{subsubsection.8.70.2.1}{\376\377\0008\000.\0007\0000\000.\0002\000.\0001\000\040\000d\000e\000s\000c\000r\000i\000p\000t\000i\000o\000n}{subsection.8.70.2}% 629
\BOOKMARK [3][-]{subsubsection.8.70.2.2}{\376\377\0008\000.\0007\0000\000.\0002\000.\0002\000\040\000r\000a\000t\000i\000n\000g}{subsection.8.70.2}% 630
\BOOKMARK [1][-]{section.8.71}{\376\377\0008\000.\0007\0001\000\040\000s\000c\000h\000e\000m\000a\000s\000.\000S\000h\000i\000p\000p\000e\000r\000C\000r\000e\000a\000t\000e\000\040\000C\000l\000a\000s\000s\000\040\000R\000e\000f\000e\000r\000e\000n\000c\000e}{chapter.8}% 631
\BOOKMARK [2][-]{subsection.8.71.1}{\376\377\0008\000.\0007\0001\000.\0001\000\040\000D\000e\000t\000a\000i\000l\000e\000d\000\040\000D\000e\000s\000c\000r\000i\000p\000t\000i\000o\000n}{section.8.71}% 632
\BOOKMARK [1][-]{section.8.72}{\376\377\0008\000.\0007\0002\000\040\000m\000o\000d\000e\000l\000s\000.\000S\000o\000c\000i\000a\000l\000S\000h\000a\000r\000e\000\040\000C\000l\000a\000s\000s\000\040\000R\000e\000f\000e\000r\000e\000n\000c\000e}{chapter.8}% 633
\BOOKMARK [2][-]{subsection.8.72.1}{\376\377\0008\000.\0007\0002\000.\0001\000\040\000D\000e\000t\000a\000i\000l\000e\000d\000\040\000D\000e\000s\000c\000r\000i\000p\000t\000i\000o\000n}{section.8.72}% 634
\BOOKMARK [2][-]{subsection.8.72.2}{\376\377\0008\000.\0007\0002\000.\0002\000\040\000M\000e\000m\000b\000e\000r\000\040\000D\000a\000t\000a\000\040\000D\000o\000c\000u\000m\000e\000n\000t\000a\000t\000i\000o\000n}{section.8.72}% 635
\BOOKMARK [3][-]{subsubsection.8.72.2.1}{\376\377\0008\000.\0007\0002\000.\0002\000.\0001\000\040\000\137\000\137\000t\000a\000b\000l\000e\000n\000a\000m\000e\000\137\000\137}{subsection.8.72.2}% 636
\BOOKMARK [3][-]{subsubsection.8.72.2.2}{\376\377\0008\000.\0007\0002\000.\0002\000.\0002\000\040\000c\000o\000n\000t\000e\000x\000t}{subsection.8.72.2}% 637
\BOOKMARK [3][-]{subsubsection.8.72.2.3}{\376\377\0008\000.\0007\0002\000.\0002\000.\0003\000\040\000c\000r\000e\000a\000t\000e\000d\000a\000t}{subsection.8.72.2}% 638
\BOOKMARK [3][-]{subsubsection.8.72.2.4}{\376\377\0008\000.\0007\0002\000.\0002\000.\0004\000\040\000i\000d}{subsection.8.72.2}% 639
\BOOKMARK [3][-]{subsubsection.8.72.2.5}{\376\377\0008\000.\0007\0002\000.\0002\000.\0005\000\040\000m\000e\000n\000u\000\137\000i\000t\000e\000m}{subsection.8.72.2}% 640
\BOOKMARK [3][-]{subsubsection.8.72.2.6}{\376\377\0008\000.\0007\0002\000.\0002\000.\0006\000\040\000m\000e\000n\000u\000i\000t\000e\000m\000i\000d}{subsection.8.72.2}% 641
\BOOKMARK [3][-]{subsubsection.8.72.2.7}{\376\377\0008\000.\0007\0002\000.\0002\000.\0007\000\040\000p\000l\000a\000t\000f\000o\000r\000m}{subsection.8.72.2}% 642
\BOOKMARK [3][-]{subsubsection.8.72.2.8}{\376\377\0008\000.\0007\0002\000.\0002\000.\0008\000\040\000r\000e\000s\000t\000a\000u\000r\000a\000n\000t}{subsection.8.72.2}% 643
\BOOKMARK [3][-]{subsubsection.8.72.2.9}{\376\377\0008\000.\0007\0002\000.\0002\000.\0009\000\040\000r\000e\000s\000t\000a\000u\000r\000a\000n\000t\000i\000d}{subsection.8.72.2}% 644
\BOOKMARK [3][-]{subsubsection.8.72.2.10}{\376\377\0008\000.\0007\0002\000.\0002\000.\0001\0000\000\040\000s\000h\000a\000r\000e\000t\000y\000p\000e}{subsection.8.72.2}% 645
\BOOKMARK [3][-]{subsubsection.8.72.2.11}{\376\377\0008\000.\0007\0002\000.\0002\000.\0001\0001\000\040\000u\000s\000e\000r}{subsection.8.72.2}% 646
\BOOKMARK [3][-]{subsubsection.8.72.2.12}{\376\377\0008\000.\0007\0002\000.\0002\000.\0001\0002\000\040\000u\000s\000e\000r\000i\000d}{subsection.8.72.2}% 647
\BOOKMARK [1][-]{section.8.73}{\376\377\0008\000.\0007\0003\000\040\000s\000c\000h\000e\000m\000a\000s\000.\000S\000o\000c\000i\000a\000l\000S\000h\000a\000r\000e\000\040\000C\000l\000a\000s\000s\000\040\000R\000e\000f\000e\000r\000e\000n\000c\000e}{chapter.8}% 648
\BOOKMARK [2][-]{subsection.8.73.1}{\376\377\0008\000.\0007\0003\000.\0001\000\040\000D\000e\000t\000a\000i\000l\000e\000d\000\040\000D\000e\000s\000c\000r\000i\000p\000t\000i\000o\000n}{section.8.73}% 649
\BOOKMARK [2][-]{subsection.8.73.2}{\376\377\0008\000.\0007\0003\000.\0002\000\040\000M\000e\000m\000b\000e\000r\000\040\000D\000a\000t\000a\000\040\000D\000o\000c\000u\000m\000e\000n\000t\000a\000t\000i\000o\000n}{section.8.73}% 650
\BOOKMARK [3][-]{subsubsection.8.73.2.1}{\376\377\0008\000.\0007\0003\000.\0002\000.\0001\000\040\000m\000o\000d\000e\000l\000\137\000c\000o\000n\000f\000i\000g}{subsection.8.73.2}% 651
\BOOKMARK [1][-]{section.8.74}{\376\377\0008\000.\0007\0004\000\040\000s\000c\000h\000e\000m\000a\000s\000.\000S\000o\000c\000i\000a\000l\000S\000h\000a\000r\000e\000B\000a\000s\000e\000\040\000C\000l\000a\000s\000s\000\040\000R\000e\000f\000e\000r\000e\000n\000c\000e}{chapter.8}% 652
\BOOKMARK [2][-]{subsection.8.74.1}{\376\377\0008\000.\0007\0004\000.\0001\000\040\000D\000e\000t\000a\000i\000l\000e\000d\000\040\000D\000e\000s\000c\000r\000i\000p\000t\000i\000o\000n}{section.8.74}% 653
\BOOKMARK [2][-]{subsection.8.74.2}{\376\377\0008\000.\0007\0004\000.\0002\000\040\000M\000e\000m\000b\000e\000r\000\040\000D\000a\000t\000a\000\040\000D\000o\000c\000u\000m\000e\000n\000t\000a\000t\000i\000o\000n}{section.8.74}% 654
\BOOKMARK [3][-]{subsubsection.8.74.2.1}{\376\377\0008\000.\0007\0004\000.\0002\000.\0001\000\040\000c\000o\000n\000t\000e\000x\000t}{subsection.8.74.2}% 655
\BOOKMARK [1][-]{section.8.75}{\376\377\0008\000.\0007\0005\000\040\000s\000c\000h\000e\000m\000a\000s\000.\000S\000o\000c\000i\000a\000l\000S\000h\000a\000r\000e\000C\000r\000e\000a\000t\000e\000\040\000C\000l\000a\000s\000s\000\040\000R\000e\000f\000e\000r\000e\000n\000c\000e}{chapter.8}% 656
\BOOKMARK [2][-]{subsection.8.75.1}{\376\377\0008\000.\0007\0005\000.\0001\000\040\000D\000e\000t\000a\000i\000l\000e\000d\000\040\000D\000e\000s\000c\000r\000i\000p\000t\000i\000o\000n}{section.8.75}% 657
\BOOKMARK [1][-]{section.8.76}{\376\377\0008\000.\0007\0006\000\040\000s\000c\000h\000e\000m\000a\000s\000.\000T\000o\000k\000e\000n\000\040\000C\000l\000a\000s\000s\000\040\000R\000e\000f\000e\000r\000e\000n\000c\000e}{chapter.8}% 658
\BOOKMARK [2][-]{subsection.8.76.1}{\376\377\0008\000.\0007\0006\000.\0001\000\040\000D\000e\000t\000a\000i\000l\000e\000d\000\040\000D\000e\000s\000c\000r\000i\000p\000t\000i\000o\000n}{section.8.76}% 659
\BOOKMARK [1][-]{section.8.77}{\376\377\0008\000.\0007\0007\000\040\000s\000c\000h\000e\000m\000a\000s\000.\000T\000o\000k\000e\000n\000D\000a\000t\000a\000\040\000C\000l\000a\000s\000s\000\040\000R\000e\000f\000e\000r\000e\000n\000c\000e}{chapter.8}% 660
\BOOKMARK [2][-]{subsection.8.77.1}{\376\377\0008\000.\0007\0007\000.\0001\000\040\000D\000e\000t\000a\000i\000l\000e\000d\000\040\000D\000e\000s\000c\000r\000i\000p\000t\000i\000o\000n}{section.8.77}% 661
\BOOKMARK [2][-]{subsection.8.77.2}{\376\377\0008\000.\0007\0007\000.\0002\000\040\000M\000e\000m\000b\000e\000r\000\040\000D\000a\000t\000a\000\040\000D\000o\000c\000u\000m\000e\000n\000t\000a\000t\000i\000o\000n}{section.8.77}% 662
\BOOKMARK [3][-]{subsubsection.8.77.2.1}{\376\377\0008\000.\0007\0007\000.\0002\000.\0001\000\040\000e\000m\000a\000i\000l}{subsection.8.77.2}% 663
\BOOKMARK [1][-]{section.8.78}{\376\377\0008\000.\0007\0008\000\040\000m\000o\000d\000e\000l\000s\000.\000U\000s\000e\000d\000P\000r\000o\000m\000o\000t\000i\000o\000n\000\040\000C\000l\000a\000s\000s\000\040\000R\000e\000f\000e\000r\000e\000n\000c\000e}{chapter.8}% 664
\BOOKMARK [2][-]{subsection.8.78.1}{\376\377\0008\000.\0007\0008\000.\0001\000\040\000D\000e\000t\000a\000i\000l\000e\000d\000\040\000D\000e\000s\000c\000r\000i\000p\000t\000i\000o\000n}{section.8.78}% 665
\BOOKMARK [2][-]{subsection.8.78.2}{\376\377\0008\000.\0007\0008\000.\0002\000\040\000M\000e\000m\000b\000e\000r\000\040\000D\000a\000t\000a\000\040\000D\000o\000c\000u\000m\000e\000n\000t\000a\000t\000i\000o\000n}{section.8.78}% 666
\BOOKMARK [3][-]{subsubsection.8.78.2.1}{\376\377\0008\000.\0007\0008\000.\0002\000.\0001\000\040\000\137\000\137\000t\000a\000b\000l\000e\000n\000a\000m\000e\000\137\000\137}{subsection.8.78.2}% 667
\BOOKMARK [3][-]{subsubsection.8.78.2.2}{\376\377\0008\000.\0007\0008\000.\0002\000.\0002\000\040\000i\000d}{subsection.8.78.2}% 668
\BOOKMARK [3][-]{subsubsection.8.78.2.3}{\376\377\0008\000.\0007\0008\000.\0002\000.\0003\000\040\000o\000r\000d\000e\000r}{subsection.8.78.2}% 669
\BOOKMARK [3][-]{subsubsection.8.78.2.4}{\376\377\0008\000.\0007\0008\000.\0002\000.\0004\000\040\000o\000r\000d\000e\000r\000i\000d}{subsection.8.78.2}% 670
\BOOKMARK [3][-]{subsubsection.8.78.2.5}{\376\377\0008\000.\0007\0008\000.\0002\000.\0005\000\040\000p\000r\000o\000m\000o\000t\000i\000o\000n}{subsection.8.78.2}% 671
\BOOKMARK [3][-]{subsubsection.8.78.2.6}{\376\377\0008\000.\0007\0008\000.\0002\000.\0006\000\040\000p\000r\000o\000m\000o\000t\000i\000o\000n\000i\000d}{subsection.8.78.2}% 672
\BOOKMARK [3][-]{subsubsection.8.78.2.7}{\376\377\0008\000.\0007\0008\000.\0002\000.\0007\000\040\000u\000s\000e\000d\000a\000t}{subsection.8.78.2}% 673
\BOOKMARK [1][-]{section.8.79}{\376\377\0008\000.\0007\0009\000\040\000s\000c\000h\000e\000m\000a\000s\000.\000U\000s\000e\000d\000P\000r\000o\000m\000o\000t\000i\000o\000n\000\040\000C\000l\000a\000s\000s\000\040\000R\000e\000f\000e\000r\000e\000n\000c\000e}{chapter.8}% 674
\BOOKMARK [2][-]{subsection.8.79.1}{\376\377\0008\000.\0007\0009\000.\0001\000\040\000D\000e\000t\000a\000i\000l\000e\000d\000\040\000D\000e\000s\000c\000r\000i\000p\000t\000i\000o\000n}{section.8.79}% 675
\BOOKMARK [2][-]{subsection.8.79.2}{\376\377\0008\000.\0007\0009\000.\0002\000\040\000M\000e\000m\000b\000e\000r\000\040\000D\000a\000t\000a\000\040\000D\000o\000c\000u\000m\000e\000n\000t\000a\000t\000i\000o\000n}{section.8.79}% 676
\BOOKMARK [3][-]{subsubsection.8.79.2.1}{\376\377\0008\000.\0007\0009\000.\0002\000.\0001\000\040\000m\000o\000d\000e\000l\000\137\000c\000o\000n\000f\000i\000g}{subsection.8.79.2}% 677
\BOOKMARK [1][-]{section.8.80}{\376\377\0008\000.\0008\0000\000\040\000s\000c\000h\000e\000m\000a\000s\000.\000U\000s\000e\000d\000P\000r\000o\000m\000o\000t\000i\000o\000n\000B\000a\000s\000e\000\040\000C\000l\000a\000s\000s\000\040\000R\000e\000f\000e\000r\000e\000n\000c\000e}{chapter.8}% 678
\BOOKMARK [2][-]{subsection.8.80.1}{\376\377\0008\000.\0008\0000\000.\0001\000\040\000D\000e\000t\000a\000i\000l\000e\000d\000\040\000D\000e\000s\000c\000r\000i\000p\000t\000i\000o\000n}{section.8.80}% 679
\BOOKMARK [1][-]{section.8.81}{\376\377\0008\000.\0008\0001\000\040\000s\000c\000h\000e\000m\000a\000s\000.\000U\000s\000e\000d\000P\000r\000o\000m\000o\000t\000i\000o\000n\000C\000r\000e\000a\000t\000e\000\040\000C\000l\000a\000s\000s\000\040\000R\000e\000f\000e\000r\000e\000n\000c\000e}{chapter.8}% 680
\BOOKMARK [2][-]{subsection.8.81.1}{\376\377\0008\000.\0008\0001\000.\0001\000\040\000D\000e\000t\000a\000i\000l\000e\000d\000\040\000D\000e\000s\000c\000r\000i\000p\000t\000i\000o\000n}{section.8.81}% 681
\BOOKMARK [1][-]{section.8.82}{\376\377\0008\000.\0008\0002\000\040\000m\000o\000d\000e\000l\000s\000.\000U\000s\000e\000r\000\040\000C\000l\000a\000s\000s\000\040\000R\000e\000f\000e\000r\000e\000n\000c\000e}{chapter.8}% 682
\BOOKMARK [2][-]{subsection.8.82.1}{\376\377\0008\000.\0008\0002\000.\0001\000\040\000D\000e\000t\000a\000i\000l\000e\000d\000\040\000D\000e\000s\000c\000r\000i\000p\000t\000i\000o\000n}{section.8.82}% 683
\BOOKMARK [2][-]{subsection.8.82.2}{\376\377\0008\000.\0008\0002\000.\0002\000\040\000M\000e\000m\000b\000e\000r\000\040\000D\000a\000t\000a\000\040\000D\000o\000c\000u\000m\000e\000n\000t\000a\000t\000i\000o\000n}{section.8.82}% 684
\BOOKMARK [3][-]{subsubsection.8.82.2.1}{\376\377\0008\000.\0008\0002\000.\0002\000.\0001\000\040\000\137\000\137\000t\000a\000b\000l\000e\000n\000a\000m\000e\000\137\000\137}{subsection.8.82.2}% 685
\BOOKMARK [3][-]{subsubsection.8.82.2.2}{\376\377\0008\000.\0008\0002\000.\0002\000.\0002\000\040\000a\000d\000d\000r\000e\000s\000s\000e\000s}{subsection.8.82.2}% 686
\BOOKMARK [3][-]{subsubsection.8.82.2.3}{\376\377\0008\000.\0008\0002\000.\0002\000.\0003\000\040\000c\000h\000a\000t\000\137\000s\000e\000s\000s\000i\000o\000n\000s}{subsection.8.82.2}% 687
\BOOKMARK [3][-]{subsubsection.8.82.2.4}{\376\377\0008\000.\0008\0002\000.\0002\000.\0004\000\040\000e\000m\000a\000i\000l}{subsection.8.82.2}% 688
\BOOKMARK [3][-]{subsubsection.8.82.2.5}{\376\377\0008\000.\0008\0002\000.\0002\000.\0005\000\040\000i\000d}{subsection.8.82.2}% 689
\BOOKMARK [3][-]{subsubsection.8.82.2.6}{\376\377\0008\000.\0008\0002\000.\0002\000.\0006\000\040\000l\000o\000y\000a\000l\000t\000y\000\137\000p\000o\000i\000n\000t\000s}{subsection.8.82.2}% 690
\BOOKMARK [3][-]{subsubsection.8.82.2.7}{\376\377\0008\000.\0008\0002\000.\0002\000.\0007\000\040\000n\000a\000m\000e}{subsection.8.82.2}% 691
\BOOKMARK [3][-]{subsubsection.8.82.2.8}{\376\377\0008\000.\0008\0002\000.\0002\000.\0008\000\040\000n\000o\000t\000i\000f\000i\000c\000a\000t\000i\000o\000n\000s}{subsection.8.82.2}% 692
\BOOKMARK [3][-]{subsubsection.8.82.2.9}{\376\377\0008\000.\0008\0002\000.\0002\000.\0009\000\040\000o\000r\000d\000e\000r\000s}{subsection.8.82.2}% 693
\BOOKMARK [3][-]{subsubsection.8.82.2.10}{\376\377\0008\000.\0008\0002\000.\0002\000.\0001\0000\000\040\000p\000a\000s\000s\000w\000o\000r\000d}{subsection.8.82.2}% 694
\BOOKMARK [3][-]{subsubsection.8.82.2.11}{\376\377\0008\000.\0008\0002\000.\0002\000.\0001\0001\000\040\000p\000h\000o\000n\000e}{subsection.8.82.2}% 695
\BOOKMARK [3][-]{subsubsection.8.82.2.12}{\376\377\0008\000.\0008\0002\000.\0002\000.\0001\0002\000\040\000r\000e\000v\000i\000e\000w\000s}{subsection.8.82.2}% 696
\BOOKMARK [3][-]{subsubsection.8.82.2.13}{\376\377\0008\000.\0008\0002\000.\0002\000.\0001\0003\000\040\000r\000o\000l\000e}{subsection.8.82.2}% 697
\BOOKMARK [3][-]{subsubsection.8.82.2.14}{\376\377\0008\000.\0008\0002\000.\0002\000.\0001\0004\000\040\000s\000o\000c\000i\000a\000l\000\137\000s\000h\000a\000r\000e\000s}{subsection.8.82.2}% 698
\BOOKMARK [3][-]{subsubsection.8.82.2.15}{\376\377\0008\000.\0008\0002\000.\0002\000.\0001\0005\000\040\000u\000s\000e\000r\000\137\000d\000e\000v\000i\000c\000e\000s}{subsection.8.82.2}% 699
\BOOKMARK [3][-]{subsubsection.8.82.2.16}{\376\377\0008\000.\0008\0002\000.\0002\000.\0001\0006\000\040\000u\000s\000e\000r\000\137\000f\000a\000q\000s}{subsection.8.82.2}% 700
\BOOKMARK [3][-]{subsubsection.8.82.2.17}{\376\377\0008\000.\0008\0002\000.\0002\000.\0001\0007\000\040\000u\000s\000e\000r\000n\000a\000m\000e}{subsection.8.82.2}% 701
\BOOKMARK [1][-]{section.8.83}{\376\377\0008\000.\0008\0003\000\040\000s\000c\000h\000e\000m\000a\000s\000.\000U\000s\000e\000r\000\040\000C\000l\000a\000s\000s\000\040\000R\000e\000f\000e\000r\000e\000n\000c\000e}{chapter.8}% 702
\BOOKMARK [2][-]{subsection.8.83.1}{\376\377\0008\000.\0008\0003\000.\0001\000\040\000D\000e\000t\000a\000i\000l\000e\000d\000\040\000D\000e\000s\000c\000r\000i\000p\000t\000i\000o\000n}{section.8.83}% 703
\BOOKMARK [2][-]{subsection.8.83.2}{\376\377\0008\000.\0008\0003\000.\0002\000\040\000M\000e\000m\000b\000e\000r\000\040\000D\000a\000t\000a\000\040\000D\000o\000c\000u\000m\000e\000n\000t\000a\000t\000i\000o\000n}{section.8.83}% 704
\BOOKMARK [3][-]{subsubsection.8.83.2.1}{\376\377\0008\000.\0008\0003\000.\0002\000.\0001\000\040\000m\000o\000d\000e\000l\000\137\000c\000o\000n\000f\000i\000g}{subsection.8.83.2}% 705
\BOOKMARK [1][-]{section.8.84}{\376\377\0008\000.\0008\0004\000\040\000s\000c\000h\000e\000m\000a\000s\000.\000U\000s\000e\000r\000B\000a\000s\000e\000\040\000C\000l\000a\000s\000s\000\040\000R\000e\000f\000e\000r\000e\000n\000c\000e}{chapter.8}% 706
\BOOKMARK [2][-]{subsection.8.84.1}{\376\377\0008\000.\0008\0004\000.\0001\000\040\000D\000e\000t\000a\000i\000l\000e\000d\000\040\000D\000e\000s\000c\000r\000i\000p\000t\000i\000o\000n}{section.8.84}% 707
\BOOKMARK [1][-]{section.8.85}{\376\377\0008\000.\0008\0005\000\040\000s\000c\000h\000e\000m\000a\000s\000.\000U\000s\000e\000r\000C\000r\000e\000a\000t\000e\000\040\000C\000l\000a\000s\000s\000\040\000R\000e\000f\000e\000r\000e\000n\000c\000e}{chapter.8}% 708
\BOOKMARK [2][-]{subsection.8.85.1}{\376\377\0008\000.\0008\0005\000.\0001\000\040\000D\000e\000t\000a\000i\000l\000e\000d\000\040\000D\000e\000s\000c\000r\000i\000p\000t\000i\000o\000n}{section.8.85}% 709
\BOOKMARK [1][-]{section.8.86}{\376\377\0008\000.\0008\0006\000\040\000m\000o\000d\000e\000l\000s\000.\000U\000s\000e\000r\000D\000e\000v\000i\000c\000e\000\040\000C\000l\000a\000s\000s\000\040\000R\000e\000f\000e\000r\000e\000n\000c\000e}{chapter.8}% 710
\BOOKMARK [2][-]{subsection.8.86.1}{\376\377\0008\000.\0008\0006\000.\0001\000\040\000D\000e\000t\000a\000i\000l\000e\000d\000\040\000D\000e\000s\000c\000r\000i\000p\000t\000i\000o\000n}{section.8.86}% 711
\BOOKMARK [2][-]{subsection.8.86.2}{\376\377\0008\000.\0008\0006\000.\0002\000\040\000M\000e\000m\000b\000e\000r\000\040\000D\000a\000t\000a\000\040\000D\000o\000c\000u\000m\000e\000n\000t\000a\000t\000i\000o\000n}{section.8.86}% 712
\BOOKMARK [3][-]{subsubsection.8.86.2.1}{\376\377\0008\000.\0008\0006\000.\0002\000.\0001\000\040\000\137\000\137\000t\000a\000b\000l\000e\000n\000a\000m\000e\000\137\000\137}{subsection.8.86.2}% 713
\BOOKMARK [3][-]{subsubsection.8.86.2.2}{\376\377\0008\000.\0008\0006\000.\0002\000.\0002\000\040\000d\000e\000v\000i\000c\000e\000\137\000t\000o\000k\000e\000n}{subsection.8.86.2}% 714
\BOOKMARK [3][-]{subsubsection.8.86.2.3}{\376\377\0008\000.\0008\0006\000.\0002\000.\0003\000\040\000d\000e\000v\000i\000c\000e\000\137\000t\000y\000p\000e}{subsection.8.86.2}% 715
\BOOKMARK [3][-]{subsubsection.8.86.2.4}{\376\377\0008\000.\0008\0006\000.\0002\000.\0004\000\040\000i\000d}{subsection.8.86.2}% 716
\BOOKMARK [3][-]{subsubsection.8.86.2.5}{\376\377\0008\000.\0008\0006\000.\0002\000.\0005\000\040\000l\000a\000s\000t\000\137\000a\000c\000t\000i\000v\000e}{subsection.8.86.2}% 717
\BOOKMARK [3][-]{subsubsection.8.86.2.6}{\376\377\0008\000.\0008\0006\000.\0002\000.\0006\000\040\000u\000s\000e\000r}{subsection.8.86.2}% 718
\BOOKMARK [3][-]{subsubsection.8.86.2.7}{\376\377\0008\000.\0008\0006\000.\0002\000.\0007\000\040\000u\000s\000e\000r\000i\000d}{subsection.8.86.2}% 719
\BOOKMARK [1][-]{section.8.87}{\376\377\0008\000.\0008\0007\000\040\000s\000c\000h\000e\000m\000a\000s\000.\000U\000s\000e\000r\000D\000e\000v\000i\000c\000e\000\040\000C\000l\000a\000s\000s\000\040\000R\000e\000f\000e\000r\000e\000n\000c\000e}{chapter.8}% 720
\BOOKMARK [2][-]{subsection.8.87.1}{\376\377\0008\000.\0008\0007\000.\0001\000\040\000D\000e\000t\000a\000i\000l\000e\000d\000\040\000D\000e\000s\000c\000r\000i\000p\000t\000i\000o\000n}{section.8.87}% 721
\BOOKMARK [2][-]{subsection.8.87.2}{\376\377\0008\000.\0008\0007\000.\0002\000\040\000M\000e\000m\000b\000e\000r\000\040\000D\000a\000t\000a\000\040\000D\000o\000c\000u\000m\000e\000n\000t\000a\000t\000i\000o\000n}{section.8.87}% 722
\BOOKMARK [3][-]{subsubsection.8.87.2.1}{\376\377\0008\000.\0008\0007\000.\0002\000.\0001\000\040\000m\000o\000d\000e\000l\000\137\000c\000o\000n\000f\000i\000g}{subsection.8.87.2}% 723
\BOOKMARK [1][-]{section.8.88}{\376\377\0008\000.\0008\0008\000\040\000s\000c\000h\000e\000m\000a\000s\000.\000U\000s\000e\000r\000D\000e\000v\000i\000c\000e\000B\000a\000s\000e\000\040\000C\000l\000a\000s\000s\000\040\000R\000e\000f\000e\000r\000e\000n\000c\000e}{chapter.8}% 724
\BOOKMARK [2][-]{subsection.8.88.1}{\376\377\0008\000.\0008\0008\000.\0001\000\040\000D\000e\000t\000a\000i\000l\000e\000d\000\040\000D\000e\000s\000c\000r\000i\000p\000t\000i\000o\000n}{section.8.88}% 725
\BOOKMARK [2][-]{subsection.8.88.2}{\376\377\0008\000.\0008\0008\000.\0002\000\040\000M\000e\000m\000b\000e\000r\000\040\000D\000a\000t\000a\000\040\000D\000o\000c\000u\000m\000e\000n\000t\000a\000t\000i\000o\000n}{section.8.88}% 726
\BOOKMARK [3][-]{subsubsection.8.88.2.1}{\376\377\0008\000.\0008\0008\000.\0002\000.\0001\000\040\000d\000e\000v\000i\000c\000e\000\137\000t\000y\000p\000e}{subsection.8.88.2}% 727
\BOOKMARK [1][-]{section.8.89}{\376\377\0008\000.\0008\0009\000\040\000s\000c\000h\000e\000m\000a\000s\000.\000U\000s\000e\000r\000D\000e\000v\000i\000c\000e\000C\000r\000e\000a\000t\000e\000\040\000C\000l\000a\000s\000s\000\040\000R\000e\000f\000e\000r\000e\000n\000c\000e}{chapter.8}% 728
\BOOKMARK [2][-]{subsection.8.89.1}{\376\377\0008\000.\0008\0009\000.\0001\000\040\000D\000e\000t\000a\000i\000l\000e\000d\000\040\000D\000e\000s\000c\000r\000i\000p\000t\000i\000o\000n}{section.8.89}% 729
\BOOKMARK [1][-]{section.8.90}{\376\377\0008\000.\0009\0000\000\040\000m\000o\000d\000e\000l\000s\000.\000U\000s\000e\000r\000F\000A\000Q\000\040\000C\000l\000a\000s\000s\000\040\000R\000e\000f\000e\000r\000e\000n\000c\000e}{chapter.8}% 730
\BOOKMARK [2][-]{subsection.8.90.1}{\376\377\0008\000.\0009\0000\000.\0001\000\040\000D\000e\000t\000a\000i\000l\000e\000d\000\040\000D\000e\000s\000c\000r\000i\000p\000t\000i\000o\000n}{section.8.90}% 731
\BOOKMARK [2][-]{subsection.8.90.2}{\376\377\0008\000.\0009\0000\000.\0002\000\040\000M\000e\000m\000b\000e\000r\000\040\000D\000a\000t\000a\000\040\000D\000o\000c\000u\000m\000e\000n\000t\000a\000t\000i\000o\000n}{section.8.90}% 732
\BOOKMARK [3][-]{subsubsection.8.90.2.1}{\376\377\0008\000.\0009\0000\000.\0002\000.\0001\000\040\000\137\000\137\000t\000a\000b\000l\000e\000n\000a\000m\000e\000\137\000\137}{subsection.8.90.2}% 733
\BOOKMARK [3][-]{subsubsection.8.90.2.2}{\376\377\0008\000.\0009\0000\000.\0002\000.\0002\000\040\000f\000a\000q}{subsection.8.90.2}% 734
\BOOKMARK [3][-]{subsubsection.8.90.2.3}{\376\377\0008\000.\0009\0000\000.\0002\000.\0003\000\040\000f\000a\000q\000i\000d}{subsection.8.90.2}% 735
\BOOKMARK [3][-]{subsubsection.8.90.2.4}{\376\377\0008\000.\0009\0000\000.\0002\000.\0004\000\040\000i\000d}{subsection.8.90.2}% 736
\BOOKMARK [3][-]{subsubsection.8.90.2.5}{\376\377\0008\000.\0009\0000\000.\0002\000.\0005\000\040\000u\000s\000e\000r}{subsection.8.90.2}% 737
\BOOKMARK [3][-]{subsubsection.8.90.2.6}{\376\377\0008\000.\0009\0000\000.\0002\000.\0006\000\040\000u\000s\000e\000r\000i\000d}{subsection.8.90.2}% 738
\BOOKMARK [3][-]{subsubsection.8.90.2.7}{\376\377\0008\000.\0009\0000\000.\0002\000.\0007\000\040\000v\000i\000e\000w\000e\000d\000a\000t}{subsection.8.90.2}% 739
\BOOKMARK [1][-]{section.8.91}{\376\377\0008\000.\0009\0001\000\040\000s\000c\000h\000e\000m\000a\000s\000.\000U\000s\000e\000r\000F\000A\000Q\000\040\000C\000l\000a\000s\000s\000\040\000R\000e\000f\000e\000r\000e\000n\000c\000e}{chapter.8}% 740
\BOOKMARK [2][-]{subsection.8.91.1}{\376\377\0008\000.\0009\0001\000.\0001\000\040\000D\000e\000t\000a\000i\000l\000e\000d\000\040\000D\000e\000s\000c\000r\000i\000p\000t\000i\000o\000n}{section.8.91}% 741
\BOOKMARK [2][-]{subsection.8.91.2}{\376\377\0008\000.\0009\0001\000.\0002\000\040\000M\000e\000m\000b\000e\000r\000\040\000D\000a\000t\000a\000\040\000D\000o\000c\000u\000m\000e\000n\000t\000a\000t\000i\000o\000n}{section.8.91}% 742
\BOOKMARK [3][-]{subsubsection.8.91.2.1}{\376\377\0008\000.\0009\0001\000.\0002\000.\0001\000\040\000m\000o\000d\000e\000l\000\137\000c\000o\000n\000f\000i\000g}{subsection.8.91.2}% 743
\BOOKMARK [1][-]{section.8.92}{\376\377\0008\000.\0009\0002\000\040\000s\000c\000h\000e\000m\000a\000s\000.\000U\000s\000e\000r\000F\000A\000Q\000B\000a\000s\000e\000\040\000C\000l\000a\000s\000s\000\040\000R\000e\000f\000e\000r\000e\000n\000c\000e}{chapter.8}% 744
\BOOKMARK [2][-]{subsection.8.92.1}{\376\377\0008\000.\0009\0002\000.\0001\000\040\000D\000e\000t\000a\000i\000l\000e\000d\000\040\000D\000e\000s\000c\000r\000i\000p\000t\000i\000o\000n}{section.8.92}% 745
\BOOKMARK [1][-]{section.8.93}{\376\377\0008\000.\0009\0003\000\040\000s\000c\000h\000e\000m\000a\000s\000.\000U\000s\000e\000r\000F\000A\000Q\000C\000r\000e\000a\000t\000e\000\040\000C\000l\000a\000s\000s\000\040\000R\000e\000f\000e\000r\000e\000n\000c\000e}{chapter.8}% 746
\BOOKMARK [2][-]{subsection.8.93.1}{\376\377\0008\000.\0009\0003\000.\0001\000\040\000D\000e\000t\000a\000i\000l\000e\000d\000\040\000D\000e\000s\000c\000r\000i\000p\000t\000i\000o\000n}{section.8.93}% 747
\BOOKMARK [1][-]{section.8.94}{\376\377\0008\000.\0009\0004\000\040\000s\000c\000h\000e\000m\000a\000s\000.\000U\000s\000e\000r\000P\000r\000o\000f\000i\000l\000e\000S\000u\000m\000m\000a\000r\000y\000\040\000C\000l\000a\000s\000s\000\040\000R\000e\000f\000e\000r\000e\000n\000c\000e}{chapter.8}% 748
\BOOKMARK [2][-]{subsection.8.94.1}{\376\377\0008\000.\0009\0004\000.\0001\000\040\000D\000e\000t\000a\000i\000l\000e\000d\000\040\000D\000e\000s\000c\000r\000i\000p\000t\000i\000o\000n}{section.8.94}% 749
\BOOKMARK [0][-]{chapter.9}{\376\377\0009\000\040\000F\000i\000l\000e\000\040\000D\000o\000c\000u\000m\000e\000n\000t\000a\000t\000i\000o\000n}{}% 750
\BOOKMARK [1][-]{section.9.1}{\376\377\0009\000.\0001\000\040\000a\000p\000p\000/\000a\000p\000p\000/\000s\000r\000c\000/\000m\000a\000i\000n\000/\000j\000a\000v\000a\000/\000c\000o\000m\000/\000e\000x\000a\000m\000p\000l\000e\000/\000m\000y\000a\000p\000p\000/\000a\000d\000a\000p\000t\000e\000r\000s\000/\000A\000d\000d\000r\000e\000s\000s\000A\000d\000a\000p\000t\000e\000r\000.\000k\000t\000\040\000F\000i\000l\000e\000\040\000R\000e\000f\000e\000r\000e\000n\000c\000e}{chapter.9}% 751
\BOOKMARK [1][-]{section.9.2}{\376\377\0009\000.\0002\000\040\000A\000d\000d\000r\000e\000s\000s\000A\000d\000a\000p\000t\000e\000r\000.\000k\000t}{chapter.9}% 752
\BOOKMARK [1][-]{section.9.3}{\376\377\0009\000.\0003\000\040\000a\000p\000p\000/\000a\000p\000p\000/\000s\000r\000c\000/\000m\000a\000i\000n\000/\000j\000a\000v\000a\000/\000c\000o\000m\000/\000e\000x\000a\000m\000p\000l\000e\000/\000m\000y\000a\000p\000p\000/\000a\000d\000a\000p\000t\000e\000r\000s\000/\000C\000h\000a\000t\000M\000e\000s\000s\000a\000g\000e\000A\000d\000a\000p\000t\000e\000r\000.\000k\000t\000\040\000F\000i\000l\000e\000\040\000R\000e\000f\000e\000r\000e\000n\000c\000e}{chapter.9}% 753
\BOOKMARK [1][-]{section.9.4}{\376\377\0009\000.\0004\000\040\000C\000h\000a\000t\000M\000e\000s\000s\000a\000g\000e\000A\000d\000a\000p\000t\000e\000r\000.\000k\000t}{chapter.9}% 754
\BOOKMARK [1][-]{section.9.5}{\376\377\0009\000.\0005\000\040\000a\000p\000p\000/\000a\000p\000p\000/\000s\000r\000c\000/\000m\000a\000i\000n\000/\000j\000a\000v\000a\000/\000c\000o\000m\000/\000e\000x\000a\000m\000p\000l\000e\000/\000m\000y\000a\000p\000p\000/\000a\000d\000a\000p\000t\000e\000r\000s\000/\000F\000A\000Q\000A\000d\000a\000p\000t\000e\000r\000.\000k\000t\000\040\000F\000i\000l\000e\000\040\000R\000e\000f\000e\000r\000e\000n\000c\000e}{chapter.9}% 755
\BOOKMARK [1][-]{section.9.6}{\376\377\0009\000.\0006\000\040\000F\000A\000Q\000A\000d\000a\000p\000t\000e\000r\000.\000k\000t}{chapter.9}% 756
\BOOKMARK [1][-]{section.9.7}{\376\377\0009\000.\0007\000\040\000a\000p\000p\000/\000a\000p\000p\000/\000s\000r\000c\000/\000m\000a\000i\000n\000/\000j\000a\000v\000a\000/\000c\000o\000m\000/\000e\000x\000a\000m\000p\000l\000e\000/\000m\000y\000a\000p\000p\000/\000a\000d\000a\000p\000t\000e\000r\000s\000/\000M\000e\000n\000u\000I\000t\000e\000m\000A\000d\000a\000p\000t\000e\000r\000.\000k\000t\000\040\000F\000i\000l\000e\000\040\000R\000e\000f\000e\000r\000e\000n\000c\000e}{chapter.9}% 757
\BOOKMARK [1][-]{section.9.8}{\376\377\0009\000.\0008\000\040\000M\000e\000n\000u\000I\000t\000e\000m\000A\000d\000a\000p\000t\000e\000r\000.\000k\000t}{chapter.9}% 758
\BOOKMARK [1][-]{section.9.9}{\376\377\0009\000.\0009\000\040\000a\000p\000p\000/\000a\000p\000p\000/\000s\000r\000c\000/\000m\000a\000i\000n\000/\000j\000a\000v\000a\000/\000c\000o\000m\000/\000e\000x\000a\000m\000p\000l\000e\000/\000m\000y\000a\000p\000p\000/\000a\000d\000a\000p\000t\000e\000r\000s\000/\000M\000e\000n\000u\000I\000t\000e\000m\000A\000d\000a\000p\000t\000e\000r\000S\000m\000a\000l\000l\000.\000k\000t\000\040\000F\000i\000l\000e\000\040\000R\000e\000f\000e\000r\000e\000n\000c\000e}{chapter.9}% 759
\BOOKMARK [1][-]{section.9.10}{\376\377\0009\000.\0001\0000\000\040\000M\000e\000n\000u\000I\000t\000e\000m\000A\000d\000a\000p\000t\000e\000r\000S\000m\000a\000l\000l\000.\000k\000t}{chapter.9}% 760
\BOOKMARK [1][-]{section.9.11}{\376\377\0009\000.\0001\0001\000\040\000a\000p\000p\000/\000a\000p\000p\000/\000s\000r\000c\000/\000m\000a\000i\000n\000/\000j\000a\000v\000a\000/\000c\000o\000m\000/\000e\000x\000a\000m\000p\000l\000e\000/\000m\000y\000a\000p\000p\000/\000a\000d\000a\000p\000t\000e\000r\000s\000/\000M\000y\000F\000i\000r\000e\000b\000a\000s\000e\000M\000e\000s\000s\000a\000g\000i\000n\000g\000S\000e\000r\000v\000i\000c\000e\000.\000k\000t\000\040\000F\000i\000l\000e\000\040\000R\000e\000f\000e\000r\000e\000n\000c\000e}{chapter.9}% 761
\BOOKMARK [1][-]{section.9.12}{\376\377\0009\000.\0001\0002\000\040\000M\000y\000F\000i\000r\000e\000b\000a\000s\000e\000M\000e\000s\000s\000a\000g\000i\000n\000g\000S\000e\000r\000v\000i\000c\000e\000.\000k\000t}{chapter.9}% 762
\BOOKMARK [1][-]{section.9.13}{\376\377\0009\000.\0001\0003\000\040\000a\000p\000p\000/\000a\000p\000p\000/\000s\000r\000c\000/\000m\000a\000i\000n\000/\000j\000a\000v\000a\000/\000c\000o\000m\000/\000e\000x\000a\000m\000p\000l\000e\000/\000m\000y\000a\000p\000p\000/\000a\000d\000a\000p\000t\000e\000r\000s\000/\000N\000o\000t\000i\000f\000i\000c\000a\000t\000i\000o\000n\000A\000d\000a\000p\000t\000e\000r\000.\000k\000t\000\040\000F\000i\000l\000e\000\040\000R\000e\000f\000e\000r\000e\000n\000c\000e}{chapter.9}% 763
\BOOKMARK [1][-]{section.9.14}{\376\377\0009\000.\0001\0004\000\040\000N\000o\000t\000i\000f\000i\000c\000a\000t\000i\000o\000n\000A\000d\000a\000p\000t\000e\000r\000.\000k\000t}{chapter.9}% 764
\BOOKMARK [1][-]{section.9.15}{\376\377\0009\000.\0001\0005\000\040\000a\000p\000p\000/\000a\000p\000p\000/\000s\000r\000c\000/\000m\000a\000i\000n\000/\000j\000a\000v\000a\000/\000c\000o\000m\000/\000e\000x\000a\000m\000p\000l\000e\000/\000m\000y\000a\000p\000p\000/\000a\000d\000a\000p\000t\000e\000r\000s\000/\000R\000e\000s\000t\000a\000u\000r\000a\000n\000t\000A\000d\000a\000p\000t\000e\000r\000.\000k\000t\000\040\000F\000i\000l\000e\000\040\000R\000e\000f\000e\000r\000e\000n\000c\000e}{chapter.9}% 765
\BOOKMARK [1][-]{section.9.16}{\376\377\0009\000.\0001\0006\000\040\000R\000e\000s\000t\000a\000u\000r\000a\000n\000t\000A\000d\000a\000p\000t\000e\000r\000.\000k\000t}{chapter.9}% 766
\BOOKMARK [1][-]{section.9.17}{\376\377\0009\000.\0001\0007\000\040\000a\000p\000p\000/\000a\000p\000p\000/\000s\000r\000c\000/\000m\000a\000i\000n\000/\000j\000a\000v\000a\000/\000c\000o\000m\000/\000e\000x\000a\000m\000p\000l\000e\000/\000m\000y\000a\000p\000p\000/\000a\000p\000i\000/\000A\000p\000i\000S\000e\000r\000v\000i\000c\000e\000.\000k\000t\000\040\000F\000i\000l\000e\000\040\000R\000e\000f\000e\000r\000e\000n\000c\000e}{chapter.9}% 767
\BOOKMARK [1][-]{section.9.18}{\376\377\0009\000.\0001\0008\000\040\000A\000p\000i\000S\000e\000r\000v\000i\000c\000e\000.\000k\000t}{chapter.9}% 768
\BOOKMARK [1][-]{section.9.19}{\376\377\0009\000.\0001\0009\000\040\000a\000p\000p\000/\000a\000p\000p\000/\000s\000r\000c\000/\000m\000a\000i\000n\000/\000j\000a\000v\000a\000/\000c\000o\000m\000/\000e\000x\000a\000m\000p\000l\000e\000/\000m\000y\000a\000p\000p\000/\000a\000p\000i\000/\000F\000c\000m\000T\000o\000k\000e\000n\000R\000e\000g\000i\000s\000t\000r\000a\000r\000.\000k\000t\000\040\000F\000i\000l\000e\000\040\000R\000e\000f\000e\000r\000e\000n\000c\000e}{chapter.9}% 769
\BOOKMARK [1][-]{section.9.20}{\376\377\0009\000.\0002\0000\000\040\000F\000c\000m\000T\000o\000k\000e\000n\000R\000e\000g\000i\000s\000t\000r\000a\000r\000.\000k\000t}{chapter.9}% 770
\BOOKMARK [1][-]{section.9.21}{\376\377\0009\000.\0002\0001\000\040\000a\000p\000p\000/\000a\000p\000p\000/\000s\000r\000c\000/\000m\000a\000i\000n\000/\000j\000a\000v\000a\000/\000c\000o\000m\000/\000e\000x\000a\000m\000p\000l\000e\000/\000m\000y\000a\000p\000p\000/\000a\000p\000i\000/\000N\000e\000t\000w\000o\000r\000k\000C\000o\000n\000f\000i\000g\000.\000k\000t\000\040\000F\000i\000l\000e\000\040\000R\000e\000f\000e\000r\000e\000n\000c\000e}{chapter.9}% 771
\BOOKMARK [1][-]{section.9.22}{\376\377\0009\000.\0002\0002\000\040\000N\000e\000t\000w\000o\000r\000k\000C\000o\000n\000f\000i\000g\000.\000k\000t}{chapter.9}% 772
\BOOKMARK [1][-]{section.9.23}{\376\377\0009\000.\0002\0003\000\040\000a\000p\000p\000/\000a\000p\000p\000/\000s\000r\000c\000/\000m\000a\000i\000n\000/\000j\000a\000v\000a\000/\000c\000o\000m\000/\000e\000x\000a\000m\000p\000l\000e\000/\000m\000y\000a\000p\000p\000/\000a\000p\000i\000/\000R\000e\000t\000r\000o\000f\000i\000t\000C\000l\000i\000e\000n\000t\000.\000k\000t\000\040\000F\000i\000l\000e\000\040\000R\000e\000f\000e\000r\000e\000n\000c\000e}{chapter.9}% 773
\BOOKMARK [1][-]{section.9.24}{\376\377\0009\000.\0002\0004\000\040\000R\000e\000t\000r\000o\000f\000i\000t\000C\000l\000i\000e\000n\000t\000.\000k\000t}{chapter.9}% 774
\BOOKMARK [1][-]{section.9.25}{\376\377\0009\000.\0002\0005\000\040\000a\000p\000p\000/\000a\000p\000p\000/\000s\000r\000c\000/\000m\000a\000i\000n\000/\000j\000a\000v\000a\000/\000c\000o\000m\000/\000e\000x\000a\000m\000p\000l\000e\000/\000m\000y\000a\000p\000p\000/\000s\000c\000r\000e\000e\000n\000s\000/\000a\000c\000t\000i\000v\000i\000t\000y\000\137\000c\000a\000r\000t\000.\000k\000t\000\040\000F\000i\000l\000e\000\040\000R\000e\000f\000e\000r\000e\000n\000c\000e}{chapter.9}% 775
\BOOKMARK [1][-]{section.9.26}{\376\377\0009\000.\0002\0006\000\040\000a\000c\000t\000i\000v\000i\000t\000y\000\137\000c\000a\000r\000t\000.\000k\000t}{chapter.9}% 776
\BOOKMARK [1][-]{section.9.27}{\376\377\0009\000.\0002\0007\000\040\000a\000p\000p\000/\000a\000p\000p\000/\000s\000r\000c\000/\000m\000a\000i\000n\000/\000j\000a\000v\000a\000/\000c\000o\000m\000/\000e\000x\000a\000m\000p\000l\000e\000/\000m\000y\000a\000p\000p\000/\000s\000c\000r\000e\000e\000n\000s\000/\000a\000d\000d\000\137\000s\000h\000i\000p\000p\000i\000n\000g\000\137\000a\000d\000d\000r\000e\000s\000s\000.\000k\000t\000\040\000F\000i\000l\000e\000\040\000R\000e\000f\000e\000r\000e\000n\000c\000e}{chapter.9}% 777
\BOOKMARK [1][-]{section.9.28}{\376\377\0009\000.\0002\0008\000\040\000a\000d\000d\000\137\000s\000h\000i\000p\000p\000i\000n\000g\000\137\000a\000d\000d\000r\000e\000s\000s\000.\000k\000t}{chapter.9}% 778
\BOOKMARK [1][-]{section.9.29}{\376\377\0009\000.\0002\0009\000\040\000a\000p\000p\000/\000a\000p\000p\000/\000s\000r\000c\000/\000m\000a\000i\000n\000/\000j\000a\000v\000a\000/\000c\000o\000m\000/\000e\000x\000a\000m\000p\000l\000e\000/\000m\000y\000a\000p\000p\000/\000s\000c\000r\000e\000e\000n\000s\000/\000c\000a\000r\000t\000.\000k\000t\000\040\000F\000i\000l\000e\000\040\000R\000e\000f\000e\000r\000e\000n\000c\000e}{chapter.9}% 779
\BOOKMARK [1][-]{section.9.30}{\376\377\0009\000.\0003\0000\000\040\000c\000a\000r\000t\000.\000k\000t}{chapter.9}% 780
\BOOKMARK [1][-]{section.9.31}{\376\377\0009\000.\0003\0001\000\040\000a\000p\000p\000/\000a\000p\000p\000/\000s\000r\000c\000/\000m\000a\000i\000n\000/\000j\000a\000v\000a\000/\000c\000o\000m\000/\000e\000x\000a\000m\000p\000l\000e\000/\000m\000y\000a\000p\000p\000/\000s\000c\000r\000e\000e\000n\000s\000/\000C\000a\000r\000t\000I\000t\000e\000m\000A\000d\000a\000p\000t\000e\000r\000.\000k\000t\000\040\000F\000i\000l\000e\000\040\000R\000e\000f\000e\000r\000e\000n\000c\000e}{chapter.9}% 781
\BOOKMARK [1][-]{section.9.32}{\376\377\0009\000.\0003\0002\000\040\000C\000a\000r\000t\000I\000t\000e\000m\000A\000d\000a\000p\000t\000e\000r\000.\000k\000t}{chapter.9}% 782
\BOOKMARK [1][-]{section.9.33}{\376\377\0009\000.\0003\0003\000\040\000a\000p\000p\000/\000a\000p\000p\000/\000s\000r\000c\000/\000m\000a\000i\000n\000/\000j\000a\000v\000a\000/\000c\000o\000m\000/\000e\000x\000a\000m\000p\000l\000e\000/\000m\000y\000a\000p\000p\000/\000s\000c\000r\000e\000e\000n\000s\000/\000c\000h\000a\000t\000b\000o\000t\000.\000k\000t\000\040\000F\000i\000l\000e\000\040\000R\000e\000f\000e\000r\000e\000n\000c\000e}{chapter.9}% 783
\BOOKMARK [1][-]{section.9.34}{\376\377\0009\000.\0003\0004\000\040\000c\000h\000a\000t\000b\000o\000t\000.\000k\000t}{chapter.9}% 784
\BOOKMARK [1][-]{section.9.35}{\376\377\0009\000.\0003\0005\000\040\000a\000p\000p\000/\000a\000p\000p\000/\000s\000r\000c\000/\000m\000a\000i\000n\000/\000j\000a\000v\000a\000/\000c\000o\000m\000/\000e\000x\000a\000m\000p\000l\000e\000/\000m\000y\000a\000p\000p\000/\000s\000c\000r\000e\000e\000n\000s\000/\000c\000u\000s\000t\000o\000m\000e\000r\000\137\000s\000u\000p\000p\000o\000r\000t\000.\000k\000t\000\040\000F\000i\000l\000e\000\040\000R\000e\000f\000e\000r\000e\000n\000c\000e}{chapter.9}% 785
\BOOKMARK [1][-]{section.9.36}{\376\377\0009\000.\0003\0006\000\040\000c\000u\000s\000t\000o\000m\000e\000r\000\137\000s\000u\000p\000p\000o\000r\000t\000.\000k\000t}{chapter.9}% 786
\BOOKMARK [1][-]{section.9.37}{\376\377\0009\000.\0003\0007\000\040\000a\000p\000p\000/\000a\000p\000p\000/\000s\000r\000c\000/\000m\000a\000i\000n\000/\000j\000a\000v\000a\000/\000c\000o\000m\000/\000e\000x\000a\000m\000p\000l\000e\000/\000m\000y\000a\000p\000p\000/\000s\000c\000r\000e\000e\000n\000s\000/\000d\000e\000l\000i\000v\000e\000r\000e\000d\000\137\000o\000r\000d\000e\000r\000\137\000d\000e\000t\000a\000i\000l\000s\000.\000k\000t\000\040\000F\000i\000l\000e\000\040\000R\000e\000f\000e\000r\000e\000n\000c\000e}{chapter.9}% 787
\BOOKMARK [1][-]{section.9.38}{\376\377\0009\000.\0003\0008\000\040\000d\000e\000l\000i\000v\000e\000r\000e\000d\000\137\000o\000r\000d\000e\000r\000\137\000d\000e\000t\000a\000i\000l\000s\000.\000k\000t}{chapter.9}% 788
\BOOKMARK [1][-]{section.9.39}{\376\377\0009\000.\0003\0009\000\040\000a\000p\000p\000/\000a\000p\000p\000/\000s\000r\000c\000/\000m\000a\000i\000n\000/\000j\000a\000v\000a\000/\000c\000o\000m\000/\000e\000x\000a\000m\000p\000l\000e\000/\000m\000y\000a\000p\000p\000/\000s\000c\000r\000e\000e\000n\000s\000/\000d\000e\000t\000a\000i\000l\000\137\000s\000u\000p\000p\000o\000r\000t\000.\000k\000t\000\040\000F\000i\000l\000e\000\040\000R\000e\000f\000e\000r\000e\000n\000c\000e}{chapter.9}% 789
\BOOKMARK [1][-]{section.9.40}{\376\377\0009\000.\0004\0000\000\040\000d\000e\000t\000a\000i\000l\000\137\000s\000u\000p\000p\000o\000r\000t\000.\000k\000t}{chapter.9}% 790
\BOOKMARK [1][-]{section.9.41}{\376\377\0009\000.\0004\0001\000\040\000a\000p\000p\000/\000a\000p\000p\000/\000s\000r\000c\000/\000m\000a\000i\000n\000/\000j\000a\000v\000a\000/\000c\000o\000m\000/\000e\000x\000a\000m\000p\000l\000e\000/\000m\000y\000a\000p\000p\000/\000s\000c\000r\000e\000e\000n\000s\000/\000d\000i\000s\000c\000o\000u\000t\000s\000.\000k\000t\000\040\000F\000i\000l\000e\000\040\000R\000e\000f\000e\000r\000e\000n\000c\000e}{chapter.9}% 791
\BOOKMARK [1][-]{section.9.42}{\376\377\0009\000.\0004\0002\000\040\000d\000i\000s\000c\000o\000u\000t\000s\000.\000k\000t}{chapter.9}% 792
\BOOKMARK [1][-]{section.9.43}{\376\377\0009\000.\0004\0003\000\040\000a\000p\000p\000/\000a\000p\000p\000/\000s\000r\000c\000/\000m\000a\000i\000n\000/\000j\000a\000v\000a\000/\000c\000o\000m\000/\000e\000x\000a\000m\000p\000l\000e\000/\000m\000y\000a\000p\000p\000/\000s\000c\000r\000e\000e\000n\000s\000/\000e\000d\000i\000t\000\137\000s\000h\000i\000p\000p\000i\000n\000g\000\137\000a\000d\000d\000r\000e\000s\000s\000.\000k\000t\000\040\000F\000i\000l\000e\000\040\000R\000e\000f\000e\000r\000e\000n\000c\000e}{chapter.9}% 793
\BOOKMARK [1][-]{section.9.44}{\376\377\0009\000.\0004\0004\000\040\000e\000d\000i\000t\000\137\000s\000h\000i\000p\000p\000i\000n\000g\000\137\000a\000d\000d\000r\000e\000s\000s\000.\000k\000t}{chapter.9}% 794
\BOOKMARK [1][-]{section.9.45}{\376\377\0009\000.\0004\0005\000\040\000a\000p\000p\000/\000a\000p\000p\000/\000s\000r\000c\000/\000m\000a\000i\000n\000/\000j\000a\000v\000a\000/\000c\000o\000m\000/\000e\000x\000a\000m\000p\000l\000e\000/\000m\000y\000a\000p\000p\000/\000s\000c\000r\000e\000e\000n\000s\000/\000f\000o\000o\000d\000\137\000d\000e\000t\000a\000i\000l\000.\000k\000t\000\040\000F\000i\000l\000e\000\040\000R\000e\000f\000e\000r\000e\000n\000c\000e}{chapter.9}% 795
\BOOKMARK [1][-]{section.9.46}{\376\377\0009\000.\0004\0006\000\040\000f\000o\000o\000d\000\137\000d\000e\000t\000a\000i\000l\000.\000k\000t}{chapter.9}% 796
\BOOKMARK [1][-]{section.9.47}{\376\377\0009\000.\0004\0007\000\040\000a\000p\000p\000/\000a\000p\000p\000/\000s\000r\000c\000/\000m\000a\000i\000n\000/\000j\000a\000v\000a\000/\000c\000o\000m\000/\000e\000x\000a\000m\000p\000l\000e\000/\000m\000y\000a\000p\000p\000/\000s\000c\000r\000e\000e\000n\000s\000/\000h\000o\000m\000e\000.\000k\000t\000\040\000F\000i\000l\000e\000\040\000R\000e\000f\000e\000r\000e\000n\000c\000e}{chapter.9}% 797
\BOOKMARK [1][-]{section.9.48}{\376\377\0009\000.\0004\0008\000\040\000h\000o\000m\000e\000.\000k\000t}{chapter.9}% 798
\BOOKMARK [1][-]{section.9.49}{\376\377\0009\000.\0004\0009\000\040\000a\000p\000p\000/\000a\000p\000p\000/\000s\000r\000c\000/\000m\000a\000i\000n\000/\000j\000a\000v\000a\000/\000c\000o\000m\000/\000e\000x\000a\000m\000p\000l\000e\000/\000m\000y\000a\000p\000p\000/\000s\000c\000r\000e\000e\000n\000s\000/\000l\000i\000s\000t\000\137\000r\000e\000s\000t\000a\000u\000r\000a\000n\000t\000.\000k\000t\000\040\000F\000i\000l\000e\000\040\000R\000e\000f\000e\000r\000e\000n\000c\000e}{chapter.9}% 799
\BOOKMARK [1][-]{section.9.50}{\376\377\0009\000.\0005\0000\000\040\000l\000i\000s\000t\000\137\000r\000e\000s\000t\000a\000u\000r\000a\000n\000t\000.\000k\000t}{chapter.9}% 800
\BOOKMARK [1][-]{section.9.51}{\376\377\0009\000.\0005\0001\000\040\000a\000p\000p\000/\000a\000p\000p\000/\000s\000r\000c\000/\000m\000a\000i\000n\000/\000j\000a\000v\000a\000/\000c\000o\000m\000/\000e\000x\000a\000m\000p\000l\000e\000/\000m\000y\000a\000p\000p\000/\000s\000c\000r\000e\000e\000n\000s\000/\000n\000o\000t\000i\000f\000i\000c\000a\000t\000i\000o\000n\000.\000k\000t\000\040\000F\000i\000l\000e\000\040\000R\000e\000f\000e\000r\000e\000n\000c\000e}{chapter.9}% 801
\BOOKMARK [1][-]{section.9.52}{\376\377\0009\000.\0005\0002\000\040\000n\000o\000t\000i\000f\000i\000c\000a\000t\000i\000o\000n\000.\000k\000t}{chapter.9}% 802
\BOOKMARK [1][-]{section.9.53}{\376\377\0009\000.\0005\0003\000\040\000a\000p\000p\000/\000a\000p\000p\000/\000s\000r\000c\000/\000m\000a\000i\000n\000/\000j\000a\000v\000a\000/\000c\000o\000m\000/\000e\000x\000a\000m\000p\000l\000e\000/\000m\000y\000a\000p\000p\000/\000s\000c\000r\000e\000e\000n\000s\000/\000o\000r\000d\000e\000r\000.\000k\000t\000\040\000F\000i\000l\000e\000\040\000R\000e\000f\000e\000r\000e\000n\000c\000e}{chapter.9}% 803
\BOOKMARK [1][-]{section.9.54}{\376\377\0009\000.\0005\0004\000\040\000o\000r\000d\000e\000r\000.\000k\000t}{chapter.9}% 804
\BOOKMARK [1][-]{section.9.55}{\376\377\0009\000.\0005\0005\000\040\000a\000p\000p\000/\000a\000p\000p\000/\000s\000r\000c\000/\000m\000a\000i\000n\000/\000j\000a\000v\000a\000/\000c\000o\000m\000/\000e\000x\000a\000m\000p\000l\000e\000/\000m\000y\000a\000p\000p\000/\000s\000c\000r\000e\000e\000n\000s\000/\000o\000r\000d\000e\000r\000\137\000h\000i\000s\000t\000o\000r\000y\000.\000k\000t\000\040\000F\000i\000l\000e\000\040\000R\000e\000f\000e\000r\000e\000n\000c\000e}{chapter.9}% 805
\BOOKMARK [1][-]{section.9.56}{\376\377\0009\000.\0005\0006\000\040\000o\000r\000d\000e\000r\000\137\000h\000i\000s\000t\000o\000r\000y\000.\000k\000t}{chapter.9}% 806
\BOOKMARK [1][-]{section.9.57}{\376\377\0009\000.\0005\0007\000\040\000a\000p\000p\000/\000a\000p\000p\000/\000s\000r\000c\000/\000m\000a\000i\000n\000/\000j\000a\000v\000a\000/\000c\000o\000m\000/\000e\000x\000a\000m\000p\000l\000e\000/\000m\000y\000a\000p\000p\000/\000s\000c\000r\000e\000e\000n\000s\000/\000O\000r\000d\000e\000r\000T\000r\000a\000c\000k\000i\000n\000g\000.\000k\000t\000\040\000F\000i\000l\000e\000\040\000R\000e\000f\000e\000r\000e\000n\000c\000e}{chapter.9}% 807
\BOOKMARK [1][-]{section.9.58}{\376\377\0009\000.\0005\0008\000\040\000O\000r\000d\000e\000r\000T\000r\000a\000c\000k\000i\000n\000g\000.\000k\000t}{chapter.9}% 808
\BOOKMARK [1][-]{section.9.59}{\376\377\0009\000.\0005\0009\000\040\000a\000p\000p\000/\000a\000p\000p\000/\000s\000r\000c\000/\000m\000a\000i\000n\000/\000j\000a\000v\000a\000/\000c\000o\000m\000/\000e\000x\000a\000m\000p\000l\000e\000/\000m\000y\000a\000p\000p\000/\000s\000c\000r\000e\000e\000n\000s\000/\000O\000r\000d\000e\000r\000T\000r\000a\000c\000k\000i\000n\000g\000D\000e\000t\000a\000i\000l\000.\000k\000t\000\040\000F\000i\000l\000e\000\040\000R\000e\000f\000e\000r\000e\000n\000c\000e}{chapter.9}% 809
\BOOKMARK [1][-]{section.9.60}{\376\377\0009\000.\0006\0000\000\040\000O\000r\000d\000e\000r\000T\000r\000a\000c\000k\000i\000n\000g\000D\000e\000t\000a\000i\000l\000.\000k\000t}{chapter.9}% 810
\BOOKMARK [1][-]{section.9.61}{\376\377\0009\000.\0006\0001\000\040\000a\000p\000p\000/\000a\000p\000p\000/\000s\000r\000c\000/\000m\000a\000i\000n\000/\000j\000a\000v\000a\000/\000c\000o\000m\000/\000e\000x\000a\000m\000p\000l\000e\000/\000m\000y\000a\000p\000p\000/\000s\000c\000r\000e\000e\000n\000s\000/\000p\000a\000y\000m\000e\000n\000t\000\137\000m\000e\000t\000h\000o\000d\000s\000.\000k\000t\000\040\000F\000i\000l\000e\000\040\000R\000e\000f\000e\000r\000e\000n\000c\000e}{chapter.9}% 811
\BOOKMARK [1][-]{section.9.62}{\376\377\0009\000.\0006\0002\000\040\000p\000a\000y\000m\000e\000n\000t\000\137\000m\000e\000t\000h\000o\000d\000s\000.\000k\000t}{chapter.9}% 812
\BOOKMARK [1][-]{section.9.63}{\376\377\0009\000.\0006\0003\000\040\000a\000p\000p\000/\000a\000p\000p\000/\000s\000r\000c\000/\000m\000a\000i\000n\000/\000j\000a\000v\000a\000/\000c\000o\000m\000/\000e\000x\000a\000m\000p\000l\000e\000/\000m\000y\000a\000p\000p\000/\000s\000c\000r\000e\000e\000n\000s\000/\000p\000a\000y\000m\000e\000n\000t\000\137\000s\000u\000c\000c\000e\000s\000s\000f\000u\000l\000.\000k\000t\000\040\000F\000i\000l\000e\000\040\000R\000e\000f\000e\000r\000e\000n\000c\000e}{chapter.9}% 813
\BOOKMARK [1][-]{section.9.64}{\376\377\0009\000.\0006\0004\000\040\000p\000a\000y\000m\000e\000n\000t\000\137\000s\000u\000c\000c\000e\000s\000s\000f\000u\000l\000.\000k\000t}{chapter.9}% 814
\BOOKMARK [1][-]{section.9.65}{\376\377\0009\000.\0006\0005\000\040\000a\000p\000p\000/\000a\000p\000p\000/\000s\000r\000c\000/\000m\000a\000i\000n\000/\000j\000a\000v\000a\000/\000c\000o\000m\000/\000e\000x\000a\000m\000p\000l\000e\000/\000m\000y\000a\000p\000p\000/\000s\000c\000r\000e\000e\000n\000s\000/\000P\000o\000i\000n\000t\000s\000D\000e\000t\000a\000i\000l\000.\000k\000t\000\040\000F\000i\000l\000e\000\040\000R\000e\000f\000e\000r\000e\000n\000c\000e}{chapter.9}% 815
\BOOKMARK [1][-]{section.9.66}{\376\377\0009\000.\0006\0006\000\040\000P\000o\000i\000n\000t\000s\000D\000e\000t\000a\000i\000l\000.\000k\000t}{chapter.9}% 816
\BOOKMARK [1][-]{section.9.67}{\376\377\0009\000.\0006\0007\000\040\000a\000p\000p\000/\000a\000p\000p\000/\000s\000r\000c\000/\000m\000a\000i\000n\000/\000j\000a\000v\000a\000/\000c\000o\000m\000/\000e\000x\000a\000m\000p\000l\000e\000/\000m\000y\000a\000p\000p\000/\000s\000c\000r\000e\000e\000n\000s\000/\000p\000r\000e\000\137\000o\000r\000d\000e\000r\000.\000k\000t\000\040\000F\000i\000l\000e\000\040\000R\000e\000f\000e\000r\000e\000n\000c\000e}{chapter.9}% 817
\BOOKMARK [1][-]{section.9.68}{\376\377\0009\000.\0006\0008\000\040\000p\000r\000e\000\137\000o\000r\000d\000e\000r\000.\000k\000t}{chapter.9}% 818
\BOOKMARK [1][-]{section.9.69}{\376\377\0009\000.\0006\0009\000\040\000a\000p\000p\000/\000a\000p\000p\000/\000s\000r\000c\000/\000m\000a\000i\000n\000/\000j\000a\000v\000a\000/\000c\000o\000m\000/\000e\000x\000a\000m\000p\000l\000e\000/\000m\000y\000a\000p\000p\000/\000s\000c\000r\000e\000e\000n\000s\000/\000p\000r\000e\000\137\000o\000r\000d\000e\000r\000\137\000c\000a\000r\000t\000.\000k\000t\000\040\000F\000i\000l\000e\000\040\000R\000e\000f\000e\000r\000e\000n\000c\000e}{chapter.9}% 819
\BOOKMARK [1][-]{section.9.70}{\376\377\0009\000.\0007\0000\000\040\000p\000r\000e\000\137\000o\000r\000d\000e\000r\000\137\000c\000a\000r\000t\000.\000k\000t}{chapter.9}% 820
\BOOKMARK [1][-]{section.9.71}{\376\377\0009\000.\0007\0001\000\040\000a\000p\000p\000/\000a\000p\000p\000/\000s\000r\000c\000/\000m\000a\000i\000n\000/\000j\000a\000v\000a\000/\000c\000o\000m\000/\000e\000x\000a\000m\000p\000l\000e\000/\000m\000y\000a\000p\000p\000/\000s\000c\000r\000e\000e\000n\000s\000/\000p\000r\000o\000f\000i\000l\000e\000.\000k\000t\000\040\000F\000i\000l\000e\000\040\000R\000e\000f\000e\000r\000e\000n\000c\000e}{chapter.9}% 821
\BOOKMARK [1][-]{section.9.72}{\376\377\0009\000.\0007\0002\000\040\000p\000r\000o\000f\000i\000l\000e\000.\000k\000t}{chapter.9}% 822
\BOOKMARK [1][-]{section.9.73}{\376\377\0009\000.\0007\0003\000\040\000a\000p\000p\000/\000a\000p\000p\000/\000s\000r\000c\000/\000m\000a\000i\000n\000/\000j\000a\000v\000a\000/\000c\000o\000m\000/\000e\000x\000a\000m\000p\000l\000e\000/\000m\000y\000a\000p\000p\000/\000s\000c\000r\000e\000e\000n\000s\000/\000r\000e\000s\000t\000a\000u\000r\000a\000n\000t\000\137\000p\000r\000o\000f\000i\000l\000e\000.\000k\000t\000\040\000F\000i\000l\000e\000\040\000R\000e\000f\000e\000r\000e\000n\000c\000e}{chapter.9}% 823
\BOOKMARK [1][-]{section.9.74}{\376\377\0009\000.\0007\0004\000\040\000r\000e\000s\000t\000a\000u\000r\000a\000n\000t\000\137\000p\000r\000o\000f\000i\000l\000e\000.\000k\000t}{chapter.9}% 824
\BOOKMARK [1][-]{section.9.75}{\376\377\0009\000.\0007\0005\000\040\000a\000p\000p\000/\000a\000p\000p\000/\000s\000r\000c\000/\000m\000a\000i\000n\000/\000j\000a\000v\000a\000/\000c\000o\000m\000/\000e\000x\000a\000m\000p\000l\000e\000/\000m\000y\000a\000p\000p\000/\000s\000c\000r\000e\000e\000n\000s\000/\000s\000a\000v\000e\000d\000e\000l\000i\000v\000e\000r\000y\000a\000d\000d\000r\000e\000s\000s\000.\000k\000t\000\040\000F\000i\000l\000e\000\040\000R\000e\000f\000e\000r\000e\000n\000c\000e}{chapter.9}% 825
\BOOKMARK [1][-]{section.9.76}{\376\377\0009\000.\0007\0006\000\040\000s\000a\000v\000e\000d\000e\000l\000i\000v\000e\000r\000y\000a\000d\000d\000r\000e\000s\000s\000.\000k\000t}{chapter.9}% 826
\BOOKMARK [1][-]{section.9.77}{\376\377\0009\000.\0007\0007\000\040\000a\000p\000p\000/\000a\000p\000p\000/\000s\000r\000c\000/\000m\000a\000i\000n\000/\000j\000a\000v\000a\000/\000c\000o\000m\000/\000e\000x\000a\000m\000p\000l\000e\000/\000m\000y\000a\000p\000p\000/\000s\000c\000r\000e\000e\000n\000s\000/\000s\000h\000a\000r\000e\000.\000k\000t\000\040\000F\000i\000l\000e\000\040\000R\000e\000f\000e\000r\000e\000n\000c\000e}{chapter.9}% 827
\BOOKMARK [1][-]{section.9.78}{\376\377\0009\000.\0007\0008\000\040\000s\000h\000a\000r\000e\000.\000k\000t}{chapter.9}% 828
\BOOKMARK [1][-]{section.9.79}{\376\377\0009\000.\0007\0009\000\040\000a\000p\000p\000/\000a\000p\000p\000/\000s\000r\000c\000/\000m\000a\000i\000n\000/\000j\000a\000v\000a\000/\000c\000o\000m\000/\000e\000x\000a\000m\000p\000l\000e\000/\000m\000y\000a\000p\000p\000/\000s\000c\000r\000e\000e\000n\000s\000/\000s\000h\000a\000r\000e\000\137\000r\000e\000s\000t\000a\000u\000r\000a\000n\000t\000.\000k\000t\000\040\000F\000i\000l\000e\000\040\000R\000e\000f\000e\000r\000e\000n\000c\000e}{chapter.9}% 829
\BOOKMARK [1][-]{section.9.80}{\376\377\0009\000.\0008\0000\000\040\000s\000h\000a\000r\000e\000\137\000r\000e\000s\000t\000a\000u\000r\000a\000n\000t\000.\000k\000t}{chapter.9}% 830
\BOOKMARK [1][-]{section.9.81}{\376\377\0009\000.\0008\0001\000\040\000a\000p\000p\000/\000a\000p\000p\000/\000s\000r\000c\000/\000m\000a\000i\000n\000/\000j\000a\000v\000a\000/\000c\000o\000m\000/\000e\000x\000a\000m\000p\000l\000e\000/\000m\000y\000a\000p\000p\000/\000s\000c\000r\000e\000e\000n\000s\000/\000s\000h\000i\000p\000p\000i\000n\000g\000\137\000a\000d\000d\000r\000e\000s\000s\000\137\000a\000d\000d\000e\000d\000\137\000s\000u\000c\000c\000e\000s\000s\000f\000u\000l\000l\000y\000.\000k\000t\000\040\000F\000i\000l\000e\000\040\000R\000e\000f\000e\000r\000e\000n\000c\000e}{chapter.9}% 831
\BOOKMARK [1][-]{section.9.82}{\376\377\0009\000.\0008\0002\000\040\000s\000h\000i\000p\000p\000i\000n\000g\000\137\000a\000d\000d\000r\000e\000s\000s\000\137\000a\000d\000d\000e\000d\000\137\000s\000u\000c\000c\000e\000s\000s\000f\000u\000l\000l\000y\000.\000k\000t}{chapter.9}% 832
\BOOKMARK [1][-]{section.9.83}{\376\377\0009\000.\0008\0003\000\040\000a\000p\000p\000/\000a\000p\000p\000/\000s\000r\000c\000/\000m\000a\000i\000n\000/\000j\000a\000v\000a\000/\000c\000o\000m\000/\000e\000x\000a\000m\000p\000l\000e\000/\000m\000y\000a\000p\000p\000/\000s\000c\000r\000e\000e\000n\000s\000/\000s\000h\000i\000p\000p\000i\000n\000g\000\137\000a\000d\000d\000r\000e\000s\000s\000\137\000f\000i\000x\000e\000d\000\137\000s\000u\000c\000c\000e\000s\000s\000f\000u\000l\000l\000y\000.\000k\000t\000\040\000F\000i\000l\000e\000\040\000R\000e\000f\000e\000r\000e\000n\000c\000e}{chapter.9}% 833
\BOOKMARK [1][-]{section.9.84}{\376\377\0009\000.\0008\0004\000\040\000s\000h\000i\000p\000p\000i\000n\000g\000\137\000a\000d\000d\000r\000e\000s\000s\000\137\000f\000i\000x\000e\000d\000\137\000s\000u\000c\000c\000e\000s\000s\000f\000u\000l\000l\000y\000.\000k\000t}{chapter.9}% 834
\BOOKMARK [1][-]{section.9.85}{\376\377\0009\000.\0008\0005\000\040\000a\000p\000p\000/\000a\000p\000p\000/\000s\000r\000c\000/\000m\000a\000i\000n\000/\000j\000a\000v\000a\000/\000c\000o\000m\000/\000e\000x\000a\000m\000p\000l\000e\000/\000m\000y\000a\000p\000p\000/\000s\000c\000r\000e\000e\000n\000s\000/\000s\000i\000g\000n\000i\000n\000.\000k\000t\000\040\000F\000i\000l\000e\000\040\000R\000e\000f\000e\000r\000e\000n\000c\000e}{chapter.9}% 835
\BOOKMARK [1][-]{section.9.86}{\376\377\0009\000.\0008\0006\000\040\000s\000i\000g\000n\000i\000n\000.\000k\000t}{chapter.9}% 836
\BOOKMARK [1][-]{section.9.87}{\376\377\0009\000.\0008\0007\000\040\000a\000p\000p\000/\000a\000p\000p\000/\000s\000r\000c\000/\000m\000a\000i\000n\000/\000j\000a\000v\000a\000/\000c\000o\000m\000/\000e\000x\000a\000m\000p\000l\000e\000/\000m\000y\000a\000p\000p\000/\000s\000c\000r\000e\000e\000n\000s\000/\000s\000i\000g\000n\000u\000p\000.\000k\000t\000\040\000F\000i\000l\000e\000\040\000R\000e\000f\000e\000r\000e\000n\000c\000e}{chapter.9}% 837
\BOOKMARK [1][-]{section.9.88}{\376\377\0009\000.\0008\0008\000\040\000s\000i\000g\000n\000u\000p\000.\000k\000t}{chapter.9}% 838
\BOOKMARK [1][-]{section.9.89}{\376\377\0009\000.\0008\0009\000\040\000a\000p\000p\000/\000a\000p\000p\000/\000s\000r\000c\000/\000m\000a\000i\000n\000/\000j\000a\000v\000a\000/\000c\000o\000m\000/\000e\000x\000a\000m\000p\000l\000e\000/\000m\000y\000a\000p\000p\000/\000s\000c\000r\000e\000e\000n\000s\000/\000s\000t\000a\000r\000t\000.\000k\000t\000\040\000F\000i\000l\000e\000\040\000R\000e\000f\000e\000r\000e\000n\000c\000e}{chapter.9}% 839
\BOOKMARK [1][-]{section.9.90}{\376\377\0009\000.\0009\0000\000\040\000s\000t\000a\000r\000t\000.\000k\000t}{chapter.9}% 840
\BOOKMARK [1][-]{section.9.91}{\376\377\0009\000.\0009\0001\000\040\000a\000p\000p\000/\000a\000p\000p\000/\000s\000r\000c\000/\000m\000a\000i\000n\000/\000j\000a\000v\000a\000/\000c\000o\000m\000/\000e\000x\000a\000m\000p\000l\000e\000/\000m\000y\000a\000p\000p\000/\000s\000c\000r\000e\000e\000n\000s\000/\000V\000N\000P\000a\000y\000A\000c\000t\000i\000v\000i\000t\000y\000.\000k\000t\000\040\000F\000i\000l\000e\000\040\000R\000e\000f\000e\000r\000e\000n\000c\000e}{chapter.9}% 841
\BOOKMARK [1][-]{section.9.92}{\376\377\0009\000.\0009\0002\000\040\000V\000N\000P\000a\000y\000A\000c\000t\000i\000v\000i\000t\000y\000.\000k\000t}{chapter.9}% 842
\BOOKMARK [1][-]{section.9.93}{\376\377\0009\000.\0009\0003\000\040\000b\000a\000c\000k\000e\000n\000d\000/\000a\000u\000t\000h\000.\000p\000y\000\040\000F\000i\000l\000e\000\040\000R\000e\000f\000e\000r\000e\000n\000c\000e}{chapter.9}% 843
\BOOKMARK [1][-]{section.9.94}{\376\377\0009\000.\0009\0004\000\040\000a\000u\000t\000h\000.\000p\000y}{chapter.9}% 844
\BOOKMARK [1][-]{section.9.95}{\376\377\0009\000.\0009\0005\000\040\000b\000a\000c\000k\000e\000n\000d\000/\000c\000h\000a\000t\000b\000o\000t\000\137\000s\000e\000r\000v\000i\000c\000e\000.\000p\000y\000\040\000F\000i\000l\000e\000\040\000R\000e\000f\000e\000r\000e\000n\000c\000e}{chapter.9}% 845
\BOOKMARK [1][-]{section.9.96}{\376\377\0009\000.\0009\0006\000\040\000c\000h\000a\000t\000b\000o\000t\000\137\000s\000e\000r\000v\000i\000c\000e\000.\000p\000y}{chapter.9}% 846
\BOOKMARK [1][-]{section.9.97}{\376\377\0009\000.\0009\0007\000\040\000b\000a\000c\000k\000e\000n\000d\000/\000c\000h\000e\000c\000k\000\137\000d\000b\000.\000p\000y\000\040\000F\000i\000l\000e\000\040\000R\000e\000f\000e\000r\000e\000n\000c\000e}{chapter.9}% 847
\BOOKMARK [1][-]{section.9.98}{\376\377\0009\000.\0009\0008\000\040\000c\000h\000e\000c\000k\000\137\000d\000b\000.\000p\000y}{chapter.9}% 848
\BOOKMARK [1][-]{section.9.99}{\376\377\0009\000.\0009\0009\000\040\000b\000a\000c\000k\000e\000n\000d\000/\000d\000a\000t\000a\000b\000a\000s\000e\000.\000p\000y\000\040\000F\000i\000l\000e\000\040\000R\000e\000f\000e\000r\000e\000n\000c\000e}{chapter.9}% 849
\BOOKMARK [1][-]{section.9.100}{\376\377\0009\000.\0001\0000\0000\000\040\000d\000a\000t\000a\000b\000a\000s\000e\000.\000p\000y}{chapter.9}% 850
\BOOKMARK [1][-]{section.9.101}{\376\377\0009\000.\0001\0000\0001\000\040\000b\000a\000c\000k\000e\000n\000d\000/\000f\000i\000r\000e\000b\000a\000s\000e\000\137\000u\000t\000i\000l\000s\000.\000p\000y\000\040\000F\000i\000l\000e\000\040\000R\000e\000f\000e\000r\000e\000n\000c\000e}{chapter.9}% 851
\BOOKMARK [1][-]{section.9.102}{\376\377\0009\000.\0001\0000\0002\000\040\000f\000i\000r\000e\000b\000a\000s\000e\000\137\000u\000t\000i\000l\000s\000.\000p\000y}{chapter.9}% 852
\BOOKMARK [1][-]{section.9.103}{\376\377\0009\000.\0001\0000\0003\000\040\000b\000a\000c\000k\000e\000n\000d\000/\000m\000a\000i\000n\000.\000p\000y\000\040\000F\000i\000l\000e\000\040\000R\000e\000f\000e\000r\000e\000n\000c\000e}{chapter.9}% 853
\BOOKMARK [1][-]{section.9.104}{\376\377\0009\000.\0001\0000\0004\000\040\000m\000a\000i\000n\000.\000p\000y}{chapter.9}% 854
\BOOKMARK [1][-]{section.9.105}{\376\377\0009\000.\0001\0000\0005\000\040\000b\000a\000c\000k\000e\000n\000d\000/\000m\000o\000d\000e\000l\000s\000.\000p\000y\000\040\000F\000i\000l\000e\000\040\000R\000e\000f\000e\000r\000e\000n\000c\000e}{chapter.9}% 855
\BOOKMARK [1][-]{section.9.106}{\376\377\0009\000.\0001\0000\0006\000\040\000m\000o\000d\000e\000l\000s\000.\000p\000y}{chapter.9}% 856
\BOOKMARK [1][-]{section.9.107}{\376\377\0009\000.\0001\0000\0007\000\040\000b\000a\000c\000k\000e\000n\000d\000/\000n\000o\000t\000i\000f\000i\000c\000a\000t\000i\000o\000n\000\137\000s\000e\000r\000v\000i\000c\000e\000.\000p\000y\000\040\000F\000i\000l\000e\000\040\000R\000e\000f\000e\000r\000e\000n\000c\000e}{chapter.9}% 857
\BOOKMARK [1][-]{section.9.108}{\376\377\0009\000.\0001\0000\0008\000\040\000n\000o\000t\000i\000f\000i\000c\000a\000t\000i\000o\000n\000\137\000s\000e\000r\000v\000i\000c\000e\000.\000p\000y}{chapter.9}% 858
\BOOKMARK [1][-]{section.9.109}{\376\377\0009\000.\0001\0000\0009\000\040\000b\000a\000c\000k\000e\000n\000d\000/\000p\000a\000y\000m\000e\000n\000t\000\137\000s\000e\000r\000v\000i\000c\000e\000.\000p\000y\000\040\000F\000i\000l\000e\000\040\000R\000e\000f\000e\000r\000e\000n\000c\000e}{chapter.9}% 859
\BOOKMARK [1][-]{section.9.110}{\376\377\0009\000.\0001\0001\0000\000\040\000p\000a\000y\000m\000e\000n\000t\000\137\000s\000e\000r\000v\000i\000c\000e\000.\000p\000y}{chapter.9}% 860
\BOOKMARK [1][-]{section.9.111}{\376\377\0009\000.\0001\0001\0001\000\040\000b\000a\000c\000k\000e\000n\000d\000/\000s\000c\000h\000e\000m\000a\000s\000.\000p\000y\000\040\000F\000i\000l\000e\000\040\000R\000e\000f\000e\000r\000e\000n\000c\000e}{chapter.9}% 861
\BOOKMARK [1][-]{section.9.112}{\376\377\0009\000.\0001\0001\0002\000\040\000s\000c\000h\000e\000m\000a\000s\000.\000p\000y}{chapter.9}% 862
\BOOKMARK [1][-]{section.9.113}{\376\377\0009\000.\0001\0001\0003\000\040\000b\000a\000c\000k\000e\000n\000d\000/\000v\000i\000e\000w\000\137\000d\000a\000t\000a\000.\000p\000y\000\040\000F\000i\000l\000e\000\040\000R\000e\000f\000e\000r\000e\000n\000c\000e}{chapter.9}% 863
\BOOKMARK [1][-]{section.9.114}{\376\377\0009\000.\0001\0001\0004\000\040\000v\000i\000e\000w\000\137\000d\000a\000t\000a\000.\000p\000y}{chapter.9}% 864
\BOOKMARK [0][-]{section*.500}{\376\377\000I\000n\000d\000e\000x}{}% 865
