This is XeTeX, Version 3.141592653-2.6-0.999998 (TeX Live 2026/Arch Linux) (preloaded format=xelatex 2026.5.29)  29 MAY 2026 15:03
entering extended mode
 restricted \write18 enabled.
 %&-line parsing enabled.
**refman
(./refman.tex
LaTeX2e <2025-11-01>
L3 programming layer <2026-01-19>
(/usr/share/texmf-dist/tex/generic/iftex/iftex.sty
Package: iftex 2024/12/12 v1.0g TeX engine tests
)
(/usr/share/texmf-dist/tex/latex/base/book.cls
Document Class: book 2025/01/22 v1.4n Standard LaTeX document class
(/usr/share/texmf-dist/tex/latex/base/bk10.clo
File: bk10.clo 2025/01/22 v1.4n Standard LaTeX file (size option)
)
\c@part=\count271
\c@chapter=\count272
\c@section=\count273
\c@subsection=\count274
\c@subsubsection=\count275
\c@paragraph=\count276
\c@subparagraph=\count277
\c@figure=\count278
\c@table=\count279
\abovecaptionskip=\skip49
\belowcaptionskip=\skip50
\bibindent=\dimen148
)
(/usr/share/texmf-dist/tex/generic/infwarerr/infwarerr.sty
package info suppressed
) (./doxygen.sty
Package: doxygen 

(/usr/share/texmf-dist/tex/latex/base/alltt.sty
Package: alltt 2024/07/07 v2.0g defines alltt environment
)
(/usr/share/texmf-dist/tex/latex/tools/array.sty
Package: array 2025/09/25 v2.6n Tabular extension package (FMi)
\col@sep=\dimen149
\ar@mcellbox=\box53
\extrarowheight=\dimen150
\NC@list=\toks17
\extratabsurround=\skip51
\backup@length=\skip52
\ar@cellbox=\box54
)
(/usr/share/texmf-dist/tex/latex/tools/calc.sty
Package: calc 2025/03/01 v4.3b Infix arithmetic (KKT,FJ)
\calc@Acount=\count280
\calc@Bcount=\count281
\calc@Adimen=\dimen151
\calc@Bdimen=\dimen152
\calc@Askip=\skip53
\calc@Bskip=\skip54
LaTeX Info: Redefining \setlength on input line 86.
LaTeX Info: Redefining \addtolength on input line 87.
\calc@Ccount=\count282
\calc@Cskip=\skip55
)
(/usr/share/texmf-dist/tex/latex/float/float.sty
Package: float 2001/11/08 v1.3d Float enhancements (AL)
\c@float@type=\count283
\float@exts=\toks18
\float@box=\box55
\@float@everytoks=\toks19
\@floatcapt=\box56
)
(/usr/share/texmf-dist/tex/latex/base/ifthen.sty
Package: ifthen 2024/03/16 v1.1e Standard LaTeX ifthen package (DPC)
)
(/usr/share/texmf-dist/tex/latex/tools/verbatim.sty
Package: verbatim 2024-01-22 v1.5x LaTeX2e package for verbatim enhancements
\every@verbatim=\toks20
\verbatim@line=\toks21
\verbatim@in@stream=\read2
)
(/usr/share/texmf-dist/tex/latex/varwidth/varwidth.sty
Package: varwidth 2009/03/30 ver 0.92;  Variable-width minipages
\@vwid@box=\box57
\sift@deathcycles=\count284
\@vwid@loff=\dimen153
\@vwid@roff=\dimen154
)
==> First Aid for varwidth.sty applied!
(/usr/share/texmf-dist/tex/latex/xcolor/xcolor.sty
Package: xcolor 2024/09/29 v3.02 LaTeX color extensions (UK)

(/usr/share/texmf-dist/tex/latex/graphics-cfg/color.cfg
File: color.cfg 2016/01/02 v1.6 sample color configuration
)
Package xcolor Info: Driver file: xetex.def on input line 274.

(/usr/share/texmf-dist/tex/latex/graphics-def/xetex.def
File: xetex.def 2025/11/01 v5.0p Graphics/color driver for xetex
)
(/usr/share/texmf-dist/tex/latex/graphics/mathcolor.ltx)
Package xcolor Info: Model `cmy' substituted by `cmy0' on input line 1349.
Package xcolor Info: Model `RGB' extended on input line 1365.
Package xcolor Info: Model `HTML' substituted by `rgb' on input line 1367.
Package xcolor Info: Model `Hsb' substituted by `hsb' on input line 1368.
Package xcolor Info: Model `tHsb' substituted by `hsb' on input line 1369.
Package xcolor Info: Model `HSB' substituted by `hsb' on input line 1370.
Package xcolor Info: Model `Gray' substituted by `gray' on input line 1371.
Package xcolor Info: Model `wave' substituted by `hsb' on input line 1372.
)
(/usr/share/texmf-dist/tex/latex/colortbl/colortbl.sty
Package: colortbl 2024/10/29 v1.0k Color table columns (DPC)
\everycr=\toks22
\minrowclearance=\skip56
\rownum=\count285
)
(/usr/share/texmf-dist/tex/latex/tools/longtable.sty
Package: longtable 2025-10-13 v4.24 Multi-page Table package (DPC)
\LTleft=\skip57
\LTright=\skip58
\LTpre=\skip59
\LTpost=\skip60
\LTchunksize=\count286
\LTcapwidth=\dimen155
\LT@head=\box58
\LT@firsthead=\box59
\LT@foot=\box60
\LT@lastfoot=\box61
\LT@gbox=\box62
\LT@cols=\count287
\LT@rows=\count288
\c@LT@tables=\count289
\c@LT@chunks=\count290
\LT@p@ftn=\toks23
)
(/usr/share/texmf-dist/tex/latex/xltabular/xltabular.sty
Package: xltabular 2025/02/28 v0.2i `xltabular' package (hv,RN)

(/usr/share/texmf-dist/tex/latex/tools/tabularx.sty
Package: tabularx 2023/12/11 v2.12a `tabularx' package (DPC)
\TX@col@width=\dimen156
\TX@old@table=\dimen157
\TX@old@col=\dimen158
\TX@target=\dimen159
\TX@delta=\dimen160
\TX@cols=\count291
\TX@ftn=\toks24
)
(/usr/share/texmf-dist/tex/latex/etoolbox/etoolbox.sty
Package: etoolbox 2025/10/02 v2.5m e-TeX tools for LaTeX (JAW)
\etb@tempcnta=\count292
)
(/usr/share/texmf-dist/tex/latex/ltablex/ltablex.sty
Package: ltablex 2014/08/13 v1.1 Modified tabularx
))
(/usr/share/texmf-dist/tex/latex/tabularray/tabularray.sty
Package: tabularray 2025-11-27 v2025C Typeset tabulars and arrays with LaTeX3

(/usr/share/texmf-dist/tex/latex/ninecolors/ninecolors.sty
Package: ninecolors 2022-02-13 v2022D Select colors with proper color contrast

(/usr/share/texmf-dist/tex/latex/l3packages/xparse/xparse.sty
(/usr/share/texmf-dist/tex/latex/l3kernel/expl3.sty
Package: expl3 2026-01-19 L3 programming layer (loader) 

(/usr/share/texmf-dist/tex/latex/l3backend/l3backend-xetex.def
File: l3backend-xetex.def 2025-10-09 L3 backend support: XeTeX
\g__graphics_track_int=\count293
\g__pdfannot_backend_int=\count294
\g__pdfannot_backend_link_int=\count295
))
Package: xparse 2025-10-09 L3 Experimental document command parser
))
\g__tblr_nohyper_int=\count296
\l__tblr_a_int=\count297
\l__tblr_c_int=\count298
\l__tblr_r_int=\count299
\l__tblr_d_dim=\dimen161
\l__tblr_h_dim=\dimen162
\l__tblr_o_dim=\dimen163
\l__tblr_p_dim=\dimen164
\l__tblr_q_dim=\dimen165
\l__tblr_r_dim=\dimen166
\l__tblr_s_dim=\dimen167
\l__tblr_t_dim=\dimen168
\l__tblr_v_dim=\dimen169
\l__tblr_w_dim=\dimen170
\l__tblr_a_box=\box63
\l__tblr_b_box=\box64
\l__tblr_c_box=\box65
\l__tblr_d_box=\box66
\c@tblrcount=\count300
\c@colnum=\count301
\c@rowcount=\count302
\c@colcount=\count303
\abovesep=\dimen171
\belowsep=\dimen172
\leftsep=\dimen173
\rightsep=\dimen174
\gTblrLevelInt=\count304
\g__tblr_data_row_key_count_int=\count305
\g__tblr_data_column_key_count_int=\count306
\g__tblr_data_cell_key_count_int=\count307
\g__tblr_array_int=\count308
\l__tblr_key_count_int=\count309
\l__tblr_key_quotient_int=\count310
\l__tblr_key_quotient_two_int=\count311
\l__tblr_key_remainder_int=\count312
\g__tblr_data_str_value_count_int=\count313
\lTblrChildTotalInt=\count314
\lTblrChildHtotalInt=\count315
\lTblrChildVtotalInt=\count316
\l__child_diff_h_int=\count317
\l__child_diff_v_int=\count318
\l__child_sign_h_int=\count319
\l__child_sign_v_int=\count320
\l__child_step_int=\count321
\lTblrDefaultHruleWidthDim=\dimen175
\lTblrDefaultVruleWidthDim=\dimen176
\l__tblr_split_balance_int=\count322
\l__tblr_strut_dp_dim=\dimen177
\l__tblr_strut_ht_dim=\dimen178
\g__tblr_cell_wd_dim=\dimen179
\g__tblr_cell_ht_dim=\dimen180
\g__tblr_cell_head_dim=\dimen181
\g__tblr_cell_foot_dim=\dimen182
\l__tblr_measured_cell_box=\box67
\g__tblr_last_box=\box68
\l__tblr_temp_box=\box69
\l__tblr_column_target_dim=\dimen183
\l__tblr_hfuzz_dim=\dimen184
\l__tblr_caption_box=\box70
\l__tblr_caption_left_box=\box71
\lTblrRowHeadInt=\count323
\lTblrRowFootInt=\count324
\l__tblr_row_head_box=\box72
\l__tblr_row_foot_box=\box73
\l__tblr_row_head_foot_dim=\dimen185
\lTblrTableWidthDim=\dimen186
\l__tblr_table_firsthead_box=\box74
\l__tblr_table_middlehead_box=\box75
\l__tblr_table_lasthead_box=\box76
\l__tblr_table_firstfoot_box=\box77
\l__tblr_table_middlefoot_box=\box78
\l__tblr_table_lastfoot_box=\box79
\l__tblr_remain_height_dim=\dimen187
\l__tblr_next_rows_dim=\dimen188
\l__tblr_page_overfill_dim=\dimen189
\l__tblr_long_from_int=\count325
\l__tblr_long_to_int=\count326
\l__tblr_curr_i_int=\count327
\l__tblr_prev_i_int=\count328
\lTblrTablePageInt=\count329
\l__tblr_table_head_box=\box80
\l__tblr_table_foot_box=\box81
\l__tblr_table_head_foot_dim=\dimen190
\l__tblr_table_head_body_foot_dim=\dimen191
\l__tblr_table_box=\box82
\lTblrRowFirstInt=\count330
\lTblrRowLastInt=\count331
\l__tblr_cover_box_a_dim=\dimen192
\l__tblr_cover_box_b_dim=\dimen193
\l__tblr_table_hlines_box=\box83
\l__tblr_hline_box=\box84
\l__tblr_row_box=\box85
\l__tblr_col_o_wd_dim=\dimen194
\l__tblr_col_b_wd_dim=\dimen195
\l__tblr_hline_leftskip_dim=\dimen196
\l__tblr_hline_rightskip_dim=\dimen197
\l__tblr_row_ht_dim=\dimen198
\l__tblr_row_dp_dim=\dimen199
\l__tblr_row_abovesep_dim=\dimen256
\l__tblr_row_belowsep_dim=\dimen257
\l__tblr_row_vlines_box=\box86
\l__tblr_vline_box=\box87
\l__tblr_cell_box=\box88
\l__tblr_row_upper_dim=\dimen258
\l__tblr_row_lower_dim=\dimen259
\l__tblr_row_vpace_dim=\dimen260
\l__tblr_vline_aboveskip_dim=\dimen261
\l__tblr_vline_belowskip_dim=\dimen262
\lTblrCellRowSpanInt=\count332
\lTblrCellColSpanInt=\count333
\l__tblr_cell_wd_dim=\dimen263
\l__tblr_cell_ht_dim=\dimen264
\lTblrCellAboveBorderWidthDim=\dimen265
\lTblrCellBelowBorderWidthDim=\dimen266
\lTblrCellLeftBorderWidthDim=\dimen267
\lTblrCellRightBorderWidthDim=\dimen268
\l__tblr_diag_box=\box89
\l__tblr_cell_inner_wd_dim=\dimen269
\l__tblr_cell_inner_dp_dim=\dimen270
\l__tblr_cell_hanchor_dim=\dimen271
\l__tblr_last_cell_table_ht_dim=\dimen272
\l__tblr_last_cell_table_dp_dim=\dimen273
\l__tblr_last_vline_wd_dim=\dimen274
\l__tblr_tikz_node_box=\box90
)
\g__doxy_nohyper_int=\count334
\doxytablewidth=\dimen275

(/usr/share/texmf-dist/tex/latex/fancyvrb/fancyvrb.sty
Package: fancyvrb 2025/07/28 4.6 verbatim text (tvz,hv)

(/usr/share/texmf-dist/tex/latex/graphics/keyval.sty
Package: keyval 2022/05/29 v1.15 key=value parser (DPC)
\KV@toks@=\toks25
)
\FV@CodeLineNo=\count335
\FV@InFile=\read3
\FV@TabBox=\box91
\c@FancyVerbLine=\count336
\FV@StepNumber=\count337
\FV@OutFile=\write3
)
(/usr/share/texmf-dist/tex/latex/tools/multicol.sty
Package: multicol 2025/10/21 v2.0b multicolumn formatting (FMi)
\c@tracingmulticols=\count338
\mult@box=\box92
\multicol@leftmargin=\dimen276
\c@unbalance=\count339
\c@collectmore=\count340
\doublecol@number=\count341
\multicoltolerance=\count342
\multicolpretolerance=\count343
\full@width=\dimen277
\page@free=\dimen278
\premulticols=\dimen279
\postmulticols=\dimen280
\multicolsep=\skip61
\multicolbaselineskip=\skip62
\partial@page=\box93
\last@line=\box94
\mc@boxedresult=\box95
\maxbalancingoverflow=\dimen281
\mult@rightbox=\box96
\mult@grightbox=\box97
\mult@firstbox=\box98
\mult@gfirstbox=\box99
\@tempa=\box100
\@tempa=\box101
\@tempa=\box102
\@tempa=\box103
\@tempa=\box104
\@tempa=\box105
\@tempa=\box106
\@tempa=\box107
\@tempa=\box108
\@tempa=\box109
\@tempa=\box110
\@tempa=\box111
\@tempa=\box112
\@tempa=\box113
\@tempa=\box114
\@tempa=\box115
\@tempa=\box116
\@tempa=\box117
\@tempa=\box118
\@tempa=\box119
\@tempa=\box120
\@tempa=\box121
\@tempa=\box122
\@tempa=\box123
\@tempa=\box124
\@tempa=\box125
\@tempa=\box126
\@tempa=\box127
\@tempa=\box128
\@tempa=\box129
\@tempa=\box130
\@tempa=\box131
\@tempa=\box132
\@tempa=\box133
\@tempa=\box134
\@tempa=\box135
\c@minrows=\count344
\c@columnbadness=\count345
\c@finalcolumnbadness=\count346
\last@try=\dimen282
\multicolovershoot=\dimen283
\multicolundershoot=\dimen284
\mult@nat@firstbox=\box136
\colbreak@box=\box137
\mc@col@check@num=\count347
\g__mc_curr_col_int=\count348
)
(/usr/share/texmf-dist/tex/latex/multirow/multirow.sty
Package: multirow 2024/11/12 v2.9 Span multiple rows of a table
\multirow@colwidth=\skip63
\multirow@cntb=\count349
\multirow@dima=\skip64
\bigstrutjot=\dimen285
)
(/usr/share/texmf-dist/tex/latex/hanging/hanging.sty
Package: hanging 2009/09/02 v1.2b hanging paragraphs and punctuation
\h@ngcommawd=\skip65
\h@ngfstopwd=\skip66
\h@ngquotewd=\skip67
\h@ngdquotewd=\skip68
\h@ngquerywd=\skip69
\h@ngexclwd=\skip70
\h@ngcolonwd=\skip71
\h@ngscolonwd=\skip72
)
(/usr/share/texmf-dist/tex/generic/iftex/ifpdf.sty
Package: ifpdf 2019/10/25 v3.4 ifpdf legacy package. Use iftex instead.
)
(/usr/share/texmf-dist/tex/latex/adjustbox/adjustbox.sty
Package: adjustbox 2025/02/26 v1.3c Adjusting TeX boxes (trim, clip, ...)

(/usr/share/texmf-dist/tex/latex/xkeyval/xkeyval.sty
Package: xkeyval 2025/11/04 v2.10 package option processing (HA)

(/usr/share/texmf-dist/tex/generic/xkeyval/xkeyval.tex
(/usr/share/texmf-dist/tex/generic/xkeyval/xkvutils.tex
\XKV@toks=\toks26
\XKV@tempa@toks=\toks27
\XKV@tempb@toks=\toks28
)
\XKV@depth=\count350
File: xkeyval.tex 2014/12/03 v2.7a key=value parser (HA)
))
(/usr/share/texmf-dist/tex/latex/adjustbox/adjcalc.sty
Package: adjcalc 2012/05/16 v1.1 Provides advanced setlength with multiple back
-ends (calc, etex, pgfmath)
)
(/usr/share/texmf-dist/tex/latex/adjustbox/trimclip.sty
Package: trimclip 2025/02/21 v1.2a Trim and clip general TeX material

(/usr/share/texmf-dist/tex/latex/graphics/graphicx.sty
Package: graphicx 2024/12/31 v1.2e Enhanced LaTeX Graphics (DPC,SPQR)

(/usr/share/texmf-dist/tex/latex/graphics/graphics.sty
Package: graphics 2024/08/06 v1.4g Standard LaTeX Graphics (DPC,SPQR)

(/usr/share/texmf-dist/tex/latex/graphics/trig.sty
Package: trig 2023/12/02 v1.11 sin cos tan (DPC)
)
(/usr/share/texmf-dist/tex/latex/graphics-cfg/graphics.cfg
File: graphics.cfg 2016/06/04 v1.11 sample graphics configuration
)
Package graphics Info: Driver file: xetex.def on input line 106.
)
\Gin@req@height=\dimen286
\Gin@req@width=\dimen287
)
(/usr/share/texmf-dist/tex/latex/collectbox/collectbox.sty
Package: collectbox 2022/10/17 v0.4c Collect macro arguments as boxes
\collectedbox=\box138
)
\tc@llx=\dimen288
\tc@lly=\dimen289
\tc@urx=\dimen290
\tc@ury=\dimen291
Package trimclip Info: Using driver 'tc-xetex.def'.

(/usr/share/texmf-dist/tex/latex/adjustbox/tc-xetex.def
File: tc-xetex.def 2019/01/04 v2.2 Clipping driver for xetex
))
\adjbox@Width=\dimen292
\adjbox@Height=\dimen293
\adjbox@Depth=\dimen294
\adjbox@Totalheight=\dimen295
\adjbox@pwidth=\dimen296
\adjbox@pheight=\dimen297
\adjbox@pdepth=\dimen298
\adjbox@ptotalheight=\dimen299

(/usr/share/texmf-dist/tex/latex/ifoddpage/ifoddpage.sty
Package: ifoddpage 2022/10/18 v1.2 Conditionals for odd/even page detection
\c@checkoddpage=\count351
))
(/usr/share/texmf-dist/tex/latex/amsfonts/amssymb.sty
Package: amssymb 2013/01/14 v3.01 AMS font symbols

(/usr/share/texmf-dist/tex/latex/amsfonts/amsfonts.sty
Package: amsfonts 2013/01/14 v3.01 Basic AMSFonts support
\@emptytoks=\toks29
\symAMSa=\mathgroup4
\symAMSb=\mathgroup5
LaTeX Font Info:    Redeclaring math symbol \hbar on input line 98.
LaTeX Font Info:    Overwriting math alphabet `\mathfrak' in version `bold'
(Font)                  U/euf/m/n --> U/euf/b/n on input line 106.
))
(/usr/share/texmf-dist/tex/latex/stackengine/stackengine.sty
Package: stackengine 2021/07/22 v4.11\ Stacking text and objects in convenient 
ways

(/usr/share/texmf-dist/tex/generic/listofitems/listofitems.sty
(/usr/share/texmf-dist/tex/generic/listofitems/listofitems.tex
\loi_cnt_foreach_nest=\count352
\loi_nestcnt=\count353
)
Package: listofitems 2024/03/09 v1.65 Grab items in lists using user-specified 
sep char (CT)
)
\c@@stackindex=\count354
\@boxshift=\skip73
\stack@tmplength=\skip74
\temp@stkl=\skip75
\@stackedboxwidth=\skip76
\@addedbox=\box139
\@anchorbox=\box140
\@insetbox=\box141
\se@backgroundbox=\box142
\stackedbox=\box143
\@centerbox=\box144
\c@ROWcellindex@=\count355
)
(/usr/share/texmf-dist/tex/latex/enumitem/enumitem.sty
Package: enumitem 2025/02/06 v3.11 Customized lists
\labelindent=\skip77
\enit@outerparindent=\dimen300
\enit@toks=\toks30
\enit@inbox=\box145
\enit@count@id=\count356
\enitdp@description=\count357
)
(/usr/share/texmf-dist/tex/generic/alphalph/alphalph.sty
Package: alphalph 2019/12/09 v2.6 Convert numbers to letters (HO)

(/usr/share/texmf-dist/tex/generic/intcalc/intcalc.sty
Package: intcalc 2019/12/15 v1.3 Expandable calculations with integers (HO)
))
(/usr/share/texmf-dist/tex/generic/ulem/ulem.sty
\UL@box=\box146
\UL@hyphenbox=\box147
\UL@skip=\skip78
\UL@hook=\toks31
\UL@height=\dimen301
\UL@pe=\count358
\UL@pixel=\dimen302
\ULC@box=\box148
Package: ulem 2019/11/18
\ULdepth=\dimen303
)
\xrefbox=\box149
\xreflength=\skip79
\CodeWidthChar=\skip80
\CodeHeightChar=\skip81
\DoxyCodeWidth=\skip82
\ttcharwidth=\skip83
\c@DoxyEnumeratei=\count359
\c@DoxyEnumerateii=\count360
\c@DoxyEnumerateiii=\count361
\c@DoxyEnumerateiv=\count362
\c@DoxyEnumeratev=\count363
\c@DoxyEnumeratevi=\count364
\c@DoxyEnumeratevii=\count365
\c@DoxyEnumerateviii=\count366
\c@DoxyEnumerateix=\count367
\c@DoxyEnumeratex=\count368
\c@DoxyEnumeratexi=\count369
\c@DoxyEnumeratexii=\count370
\enitdp@DoxyEnumerate=\count371
\enitdp@DoxyItemize=\count372
\doxymboxbox=\box150
\doxymboxlength=\skip84
\c@subsubsubsection=\count373
\c@subsubsubsubsection=\count374
\c@subsubsubsubsubsection=\count375
\c@subsubsubsubsubsubsection=\count376
)
(/usr/share/texmf-dist/tex/latex/fontspec/fontspec.sty
Package: fontspec 2025/09/29 v2.9g Font selection for XeLaTeX and LuaLaTeX

(/usr/share/texmf-dist/tex/latex/fontspec/fontspec-xetex.sty
Package: fontspec-xetex 2025/09/29 v2.9g Font selection for XeLaTeX and LuaLaTe
X
\l__fontspec_script_int=\count377
\l__fontspec_language_int=\count378
\l__fontspec_strnum_int=\count379
\l__fontspec_tmp_int=\count380
\l__fontspec_tmpa_int=\count381
\l__fontspec_tmpb_int=\count382
\l__fontspec_tmpc_int=\count383
\l__fontspec_em_int=\count384
\l__fontspec_emdef_int=\count385
\l__fontspec_strong_int=\count386
\l__fontspec_strongdef_int=\count387
\l__fontspec_tmpa_dim=\dimen304
\l__fontspec_tmpb_dim=\dimen305
\l__fontspec_tmpc_dim=\dimen306

(/usr/share/texmf-dist/tex/latex/base/fontenc.sty
Package: fontenc 2025/07/18 v2.1d Standard LaTeX package
)
(/usr/share/texmf-dist/tex/latex/fontspec/fontspec.cfg)))
(/usr/share/texmf-dist/tex/latex/unicode-math/unicode-math.sty
Package: unicode-math 2023/08/13 v0.8r Unicode maths in XeLaTeX and LuaLaTeX

(/usr/share/texmf-dist/tex/latex/unicode-math/unicode-math-xetex.sty
Package: unicode-math-xetex 2023/08/13 v0.8r Unicode maths in XeLaTeX and LuaLa
TeX

(/usr/share/texmf-dist/tex/latex/l3packages/l3keys2e/l3keys2e.sty
Package: l3keys2e 2025-10-09 LaTeX2e option processing using LaTeX3 keys
)
(/usr/share/texmf-dist/tex/latex/base/fix-cm.sty
Package: fix-cm 2020/11/24 v1.1t fixes to LaTeX

(/usr/share/texmf-dist/tex/latex/base/ts1enc.def
File: ts1enc.def 2001/06/05 v3.0e (jk/car/fm) Standard LaTeX file
LaTeX Font Info:    Redeclaring font encoding TS1 on input line 47.
LaTeX Encoding Info:    Redeclaring text command \capitalcedilla (encoding TS1)
 on input line 49.
LaTeX Encoding Info:    Redeclaring text command \capitalogonek (encoding TS1) 
on input line 52.
LaTeX Encoding Info:    Redeclaring text command \capitalgrave (encoding TS1) o
n input line 55.
LaTeX Encoding Info:    Redeclaring text command \capitalacute (encoding TS1) o
n input line 56.
LaTeX Encoding Info:    Redeclaring text command \capitalcircumflex (encoding T
S1) on input line 57.
LaTeX Encoding Info:    Redeclaring text command \capitaltilde (encoding TS1) o
n input line 58.
LaTeX Encoding Info:    Redeclaring text command \capitaldieresis (encoding TS1
) on input line 59.
LaTeX Encoding Info:    Redeclaring text command \capitalhungarumlaut (encoding
 TS1) on input line 60.
LaTeX Encoding Info:    Redeclaring text command \capitalring (encoding TS1) on
 input line 61.
LaTeX Encoding Info:    Redeclaring text command \capitalcaron (encoding TS1) o
n input line 62.
LaTeX Encoding Info:    Redeclaring text command \capitalbreve (encoding TS1) o
n input line 63.
LaTeX Encoding Info:    Redeclaring text command \capitalmacron (encoding TS1) 
on input line 64.
LaTeX Encoding Info:    Redeclaring text command \capitaldotaccent (encoding TS
1) on input line 65.
LaTeX Encoding Info:    Redeclaring text command \t (encoding TS1) on input lin
e 66.
LaTeX Encoding Info:    Redeclaring text command \capitaltie (encoding TS1) on 
input line 67.
LaTeX Encoding Info:    Redeclaring text command \newtie (encoding TS1) on inpu
t line 68.
LaTeX Encoding Info:    Redeclaring text command \capitalnewtie (encoding TS1) 
on input line 69.
LaTeX Encoding Info:    Redeclaring text symbol \textcapitalcompwordmark (encod
ing TS1) on input line 70.
LaTeX Encoding Info:    Redeclaring text symbol \textascendercompwordmark (enco
ding TS1) on input line 71.
LaTeX Encoding Info:    Redeclaring text symbol \textquotestraightbase (encodin
g TS1) on input line 72.
LaTeX Encoding Info:    Redeclaring text symbol \textquotestraightdblbase (enco
ding TS1) on input line 73.
LaTeX Encoding Info:    Redeclaring text symbol \texttwelveudash (encoding TS1)
 on input line 74.
LaTeX Encoding Info:    Redeclaring text symbol \textthreequartersemdash (encod
ing TS1) on input line 75.
LaTeX Encoding Info:    Redeclaring text symbol \textleftarrow (encoding TS1) o
n input line 76.
LaTeX Encoding Info:    Redeclaring text symbol \textrightarrow (encoding TS1) 
on input line 77.
LaTeX Encoding Info:    Redeclaring text symbol \textblank (encoding TS1) on in
put line 78.
LaTeX Encoding Info:    Redeclaring text symbol \textdollar (encoding TS1) on i
nput line 79.
LaTeX Encoding Info:    Redeclaring text symbol \textquotesingle (encoding TS1)
 on input line 80.
LaTeX Encoding Info:    Redeclaring text command \textasteriskcentered (encodin
g TS1) on input line 81.
LaTeX Encoding Info:    Redeclaring text symbol \textdblhyphen (encoding TS1) o
n input line 92.
LaTeX Encoding Info:    Redeclaring text symbol \textfractionsolidus (encoding 
TS1) on input line 93.
LaTeX Encoding Info:    Redeclaring text symbol \textzerooldstyle (encoding TS1
) on input line 94.
LaTeX Encoding Info:    Redeclaring text symbol \textoneoldstyle (encoding TS1)
 on input line 95.
LaTeX Encoding Info:    Redeclaring text symbol \texttwooldstyle (encoding TS1)
 on input line 96.
LaTeX Encoding Info:    Redeclaring text symbol \textthreeoldstyle (encoding TS
1) on input line 97.
LaTeX Encoding Info:    Redeclaring text symbol \textfouroldstyle (encoding TS1
) on input line 98.
LaTeX Encoding Info:    Redeclaring text symbol \textfiveoldstyle (encoding TS1
) on input line 99.
LaTeX Encoding Info:    Redeclaring text symbol \textsixoldstyle (encoding TS1)
 on input line 100.
LaTeX Encoding Info:    Redeclaring text symbol \textsevenoldstyle (encoding TS
1) on input line 101.
LaTeX Encoding Info:    Redeclaring text symbol \texteightoldstyle (encoding TS
1) on input line 102.
LaTeX Encoding Info:    Redeclaring text symbol \textnineoldstyle (encoding TS1
) on input line 103.
LaTeX Encoding Info:    Redeclaring text symbol \textlangle (encoding TS1) on i
nput line 104.
LaTeX Encoding Info:    Redeclaring text symbol \textminus (encoding TS1) on in
put line 105.
LaTeX Encoding Info:    Redeclaring text symbol \textrangle (encoding TS1) on i
nput line 106.
LaTeX Encoding Info:    Redeclaring text symbol \textmho (encoding TS1) on inpu
t line 107.
LaTeX Encoding Info:    Redeclaring text symbol \textbigcircle (encoding TS1) o
n input line 108.
LaTeX Encoding Info:    Redeclaring text command \textcircled (encoding TS1) on
 input line 109.
LaTeX Encoding Info:    Redeclaring text symbol \textohm (encoding TS1) on inpu
t line 115.
LaTeX Encoding Info:    Redeclaring text symbol \textlbrackdbl (encoding TS1) o
n input line 116.
LaTeX Encoding Info:    Redeclaring text symbol \textrbrackdbl (encoding TS1) o
n input line 117.
LaTeX Encoding Info:    Redeclaring text symbol \textuparrow (encoding TS1) on 
input line 118.
LaTeX Encoding Info:    Redeclaring text symbol \textdownarrow (encoding TS1) o
n input line 119.
LaTeX Encoding Info:    Redeclaring text symbol \textasciigrave (encoding TS1) 
on input line 120.
LaTeX Encoding Info:    Redeclaring text symbol \textborn (encoding TS1) on inp
ut line 121.
LaTeX Encoding Info:    Redeclaring text symbol \textdivorced (encoding TS1) on
 input line 122.
LaTeX Encoding Info:    Redeclaring text symbol \textdied (encoding TS1) on inp
ut line 123.
LaTeX Encoding Info:    Redeclaring text symbol \textleaf (encoding TS1) on inp
ut line 124.
LaTeX Encoding Info:    Redeclaring text symbol \textmarried (encoding TS1) on 
input line 125.
LaTeX Encoding Info:    Redeclaring text symbol \textmusicalnote (encoding TS1)
 on input line 126.
LaTeX Encoding Info:    Redeclaring text symbol \texttildelow (encoding TS1) on
 input line 127.
LaTeX Encoding Info:    Redeclaring text symbol \textdblhyphenchar (encoding TS
1) on input line 128.
LaTeX Encoding Info:    Redeclaring text symbol \textasciibreve (encoding TS1) 
on input line 129.
LaTeX Encoding Info:    Redeclaring text symbol \textasciicaron (encoding TS1) 
on input line 130.
LaTeX Encoding Info:    Redeclaring text symbol \textacutedbl (encoding TS1) on
 input line 131.
LaTeX Encoding Info:    Redeclaring text symbol \textgravedbl (encoding TS1) on
 input line 132.
LaTeX Encoding Info:    Redeclaring text symbol \textdagger (encoding TS1) on i
nput line 133.
LaTeX Encoding Info:    Redeclaring text symbol \textdaggerdbl (encoding TS1) o
n input line 134.
LaTeX Encoding Info:    Redeclaring text symbol \textbardbl (encoding TS1) on i
nput line 135.
LaTeX Encoding Info:    Redeclaring text symbol \textperthousand (encoding TS1)
 on input line 136.
LaTeX Encoding Info:    Redeclaring text symbol \textbullet (encoding TS1) on i
nput line 137.
LaTeX Encoding Info:    Redeclaring text symbol \textcelsius (encoding TS1) on 
input line 138.
LaTeX Encoding Info:    Redeclaring text symbol \textdollaroldstyle (encoding T
S1) on input line 139.
LaTeX Encoding Info:    Redeclaring text symbol \textcentoldstyle (encoding TS1
) on input line 140.
LaTeX Encoding Info:    Redeclaring text symbol \textflorin (encoding TS1) on i
nput line 141.
LaTeX Encoding Info:    Redeclaring text symbol \textcolonmonetary (encoding TS
1) on input line 142.
LaTeX Encoding Info:    Redeclaring text symbol \textwon (encoding TS1) on inpu
t line 143.
LaTeX Encoding Info:    Redeclaring text symbol \textnaira (encoding TS1) on in
put line 144.
LaTeX Encoding Info:    Redeclaring text symbol \textguarani (encoding TS1) on 
input line 145.
LaTeX Encoding Info:    Redeclaring text symbol \textpeso (encoding TS1) on inp
ut line 146.
LaTeX Encoding Info:    Redeclaring text symbol \textlira (encoding TS1) on inp
ut line 147.
LaTeX Encoding Info:    Redeclaring text symbol \textrecipe (encoding TS1) on i
nput line 148.
LaTeX Encoding Info:    Redeclaring text symbol \textinterrobang (encoding TS1)
 on input line 149.
LaTeX Encoding Info:    Redeclaring text symbol \textinterrobangdown (encoding 
TS1) on input line 150.
LaTeX Encoding Info:    Redeclaring text symbol \textdong (encoding TS1) on inp
ut line 151.
LaTeX Encoding Info:    Redeclaring text symbol \texttrademark (encoding TS1) o
n input line 152.
LaTeX Encoding Info:    Redeclaring text symbol \textpertenthousand (encoding T
S1) on input line 153.
LaTeX Encoding Info:    Redeclaring text symbol \textpilcrow (encoding TS1) on 
input line 154.
LaTeX Encoding Info:    Redeclaring text symbol \textbaht (encoding TS1) on inp
ut line 155.
LaTeX Encoding Info:    Redeclaring text symbol \textnumero (encoding TS1) on i
nput line 156.
LaTeX Encoding Info:    Redeclaring text symbol \textdiscount (encoding TS1) on
 input line 157.
LaTeX Encoding Info:    Redeclaring text symbol \textestimated (encoding TS1) o
n input line 158.
LaTeX Encoding Info:    Redeclaring text symbol \textopenbullet (encoding TS1) 
on input line 159.
LaTeX Encoding Info:    Redeclaring text symbol \textservicemark (encoding TS1)
 on input line 160.
LaTeX Encoding Info:    Redeclaring text symbol \textlquill (encoding TS1) on i
nput line 161.
LaTeX Encoding Info:    Redeclaring text symbol \textrquill (encoding TS1) on i
nput line 162.
LaTeX Encoding Info:    Redeclaring text symbol \textcent (encoding TS1) on inp
ut line 163.
LaTeX Encoding Info:    Redeclaring text symbol \textsterling (encoding TS1) on
 input line 164.
LaTeX Encoding Info:    Redeclaring text symbol \textcurrency (encoding TS1) on
 input line 165.
LaTeX Encoding Info:    Redeclaring text symbol \textyen (encoding TS1) on inpu
t line 166.
LaTeX Encoding Info:    Redeclaring text symbol \textbrokenbar (encoding TS1) o
n input line 167.
LaTeX Encoding Info:    Redeclaring text symbol \textsection (encoding TS1) on 
input line 168.
LaTeX Encoding Info:    Redeclaring text symbol \textasciidieresis (encoding TS
1) on input line 169.
LaTeX Encoding Info:    Redeclaring text symbol \textcopyright (encoding TS1) o
n input line 170.
LaTeX Encoding Info:    Redeclaring text symbol \textordfeminine (encoding TS1)
 on input line 171.
LaTeX Encoding Info:    Redeclaring text symbol \textcopyleft (encoding TS1) on
 input line 172.
LaTeX Encoding Info:    Redeclaring text symbol \textlnot (encoding TS1) on inp
ut line 173.
LaTeX Encoding Info:    Redeclaring text symbol \textcircledP (encoding TS1) on
 input line 174.
LaTeX Encoding Info:    Redeclaring text symbol \textregistered (encoding TS1) 
on input line 175.
LaTeX Encoding Info:    Redeclaring text symbol \textasciimacron (encoding TS1)
 on input line 176.
LaTeX Encoding Info:    Redeclaring text symbol \textdegree (encoding TS1) on i
nput line 177.
LaTeX Encoding Info:    Redeclaring text symbol \textpm (encoding TS1) on input
 line 178.
LaTeX Encoding Info:    Redeclaring text symbol \texttwosuperior (encoding TS1)
 on input line 179.
LaTeX Encoding Info:    Redeclaring text symbol \textthreesuperior (encoding TS
1) on input line 180.
LaTeX Encoding Info:    Redeclaring text symbol \textasciiacute (encoding TS1) 
on input line 181.
LaTeX Encoding Info:    Redeclaring text symbol \textmu (encoding TS1) on input
 line 182.
LaTeX Encoding Info:    Redeclaring text symbol \textparagraph (encoding TS1) o
n input line 183.
LaTeX Encoding Info:    Redeclaring text symbol \textperiodcentered (encoding T
S1) on input line 184.
LaTeX Encoding Info:    Redeclaring text symbol \textreferencemark (encoding TS
1) on input line 185.
LaTeX Encoding Info:    Redeclaring text symbol \textonesuperior (encoding TS1)
 on input line 186.
LaTeX Encoding Info:    Redeclaring text symbol \textordmasculine (encoding TS1
) on input line 187.
LaTeX Encoding Info:    Redeclaring text symbol \textsurd (encoding TS1) on inp
ut line 188.
LaTeX Encoding Info:    Redeclaring text symbol \textonequarter (encoding TS1) 
on input line 189.
LaTeX Encoding Info:    Redeclaring text symbol \textonehalf (encoding TS1) on 
input line 190.
LaTeX Encoding Info:    Redeclaring text symbol \textthreequarters (encoding TS
1) on input line 191.
LaTeX Encoding Info:    Redeclaring text symbol \texteuro (encoding TS1) on inp
ut line 192.
LaTeX Encoding Info:    Redeclaring text symbol \texttimes (encoding TS1) on in
put line 193.
LaTeX Encoding Info:    Redeclaring text symbol \textdiv (encoding TS1) on inpu
t line 194.
))
(/usr/share/texmf-dist/tex/latex/amsmath/amsmath.sty
Package: amsmath 2025/07/09 v2.17z AMS math features
\@mathmargin=\skip85

For additional information on amsmath, use the `?' option.
(/usr/share/texmf-dist/tex/latex/amsmath/amstext.sty
Package: amstext 2024/11/17 v2.01 AMS text

(/usr/share/texmf-dist/tex/latex/amsmath/amsgen.sty
File: amsgen.sty 1999/11/30 v2.0 generic functions
\@emptytoks=\toks32
\ex@=\dimen307
))
(/usr/share/texmf-dist/tex/latex/amsmath/amsbsy.sty
Package: amsbsy 1999/11/29 v1.2d Bold Symbols
\pmbraise@=\dimen308
)
(/usr/share/texmf-dist/tex/latex/amsmath/amsopn.sty
Package: amsopn 2022/04/08 v2.04 operator names
)
\inf@bad=\count388
LaTeX Info: Redefining \frac on input line 233.
\uproot@=\count389
\leftroot@=\count390
LaTeX Info: Redefining \overline on input line 398.
LaTeX Info: Redefining \colon on input line 409.
\classnum@=\count391
\DOTSCASE@=\count392
LaTeX Info: Redefining \ldots on input line 495.
LaTeX Info: Redefining \dots on input line 498.
LaTeX Info: Redefining \cdots on input line 619.
\Mathstrutbox@=\box151
\strutbox@=\box152
LaTeX Info: Redefining \big on input line 721.
LaTeX Info: Redefining \Big on input line 722.
LaTeX Info: Redefining \bigg on input line 723.
LaTeX Info: Redefining \Bigg on input line 724.
\big@size=\dimen309
LaTeX Font Info:    Redeclaring font encoding OML on input line 742.
LaTeX Font Info:    Redeclaring font encoding OMS on input line 743.
\macc@depth=\count393
LaTeX Info: Redefining \bmod on input line 904.
LaTeX Info: Redefining \pmod on input line 909.
LaTeX Info: Redefining \smash on input line 939.
LaTeX Info: Redefining \relbar on input line 969.
LaTeX Info: Redefining \Relbar on input line 970.
\c@MaxMatrixCols=\count394
\dotsspace@=\muskip17
\c@parentequation=\count395
\dspbrk@lvl=\count396
\tag@help=\toks33
\row@=\count397
\column@=\count398
\maxfields@=\count399
\andhelp@=\toks34
\eqnshift@=\dimen310
\alignsep@=\dimen311
\tagshift@=\dimen312
\tagwidth@=\dimen313
\totwidth@=\dimen314
\lineht@=\dimen315
\@envbody=\toks35
\multlinegap=\skip86
\multlinetaggap=\skip87
\mathdisplay@stack=\toks36
LaTeX Info: Redefining \[ on input line 2950.
LaTeX Info: Redefining \] on input line 2951.
)
\g__um_fam_int=\count400
\g__um_fonts_used_int=\count401
\l__um_primecount_int=\count402
\g__um_primekern_muskip=\muskip18

(/usr/share/texmf-dist/tex/latex/unicode-math/unicode-math-table.tex)))
(/usr/share/texmf-dist/tex/latex/base/makeidx.sty
Package: makeidx 2021/10/04 v1.0m Standard LaTeX package
)
(/usr/share/texmf-dist/tex/latex/base/textcomp.sty
Package: textcomp 2024/04/24 v2.1b Standard LaTeX package
)
(/usr/share/texmf-dist/tex/latex/wasysym/wasysym.sty
Package: wasysym 2020/01/19 v2.4 Wasy-2 symbol support package
\symwasy=\mathgroup6
LaTeX Font Info:    Overwriting symbol font `wasy' in version `bold'
(Font)                  U/wasy/m/n --> U/wasy/b/n on input line 93.
)
(/usr/share/texmf-dist/tex/generic/iftex/ifxetex.sty
Package: ifxetex 2019/10/25 v0.7 ifxetex legacy package. Use iftex instead.
)
(/usr/share/texmf-dist/tex/latex/psnfss/helvet.sty
Package: helvet 2020/03/25 PSNFSS-v9.3 (WaS) 
)
(/usr/share/texmf-dist/tex/latex/psnfss/courier.sty
Package: courier 2020/03/25 PSNFSS-v9.3 (WaS) 
)
(/usr/share/texmf-dist/tex/latex/geometry/geometry.sty
Package: geometry 2020/01/02 v5.9 Page Geometry

(/usr/share/texmf-dist/tex/generic/iftex/ifvtex.sty
Package: ifvtex 2019/10/25 v1.7 ifvtex legacy package. Use iftex instead.
)
\Gm@cnth=\count403
\Gm@cntv=\count404
\c@Gm@tempcnt=\count405
\Gm@bindingoffset=\dimen316
\Gm@wd@mp=\dimen317
\Gm@odd@mp=\dimen318
\Gm@even@mp=\dimen319
\Gm@layoutwidth=\dimen320
\Gm@layoutheight=\dimen321
\Gm@layouthoffset=\dimen322
\Gm@layoutvoffset=\dimen323
\Gm@dimlist=\toks37
)
(/usr/share/texmf-dist/tex/latex/changepage/changepage.sty
Package: changepage 2009/10/20 v1.0c check page and change page layout
\c@cp@cntr=\count406
\cp@tempcnt=\count407
LaTeX Info: Redefining \checkoddpage on input line 59.
)
(/usr/share/texmf-dist/tex/latex/fancyhdr/fancyhdr.sty
Package: fancyhdr 2025/02/07 v5.2 Extensive control of page headers and footers

\f@nch@headwidth=\skip88
\f@nch@offset@elh=\skip89
\f@nch@offset@erh=\skip90
\f@nch@offset@olh=\skip91
\f@nch@offset@orh=\skip92
\f@nch@offset@elf=\skip93
\f@nch@offset@erf=\skip94
\f@nch@offset@olf=\skip95
\f@nch@offset@orf=\skip96
\f@nch@height=\skip97
\f@nch@footalignment=\skip98
\f@nch@widthL=\skip99
\f@nch@widthC=\skip100
\f@nch@widthR=\skip101
\@temptokenb=\toks38
)
(/usr/share/texmf-dist/tex/latex/natbib/natbib.sty
Package: natbib 2010/09/13 8.31b (PWD, AO)
\bibhang=\skip102
\bibsep=\skip103
LaTeX Info: Redefining \cite on input line 694.
\c@NAT@ctr=\count408
)
(/usr/share/texmf-dist/tex/latex/tocloft/tocloft.sty
Package: tocloft 2017/08/31 v2.3i parameterised ToC, etc., typesetting
Package tocloft Info: The document has chapter divisions on input line 51.
\cftparskip=\skip104
\cftbeforetoctitleskip=\skip105
\cftaftertoctitleskip=\skip106
\cftbeforepartskip=\skip107
\cftpartnumwidth=\skip108
\cftpartindent=\skip109
\cftbeforechapskip=\skip110
\cftchapindent=\skip111
\cftchapnumwidth=\skip112
\cftbeforesecskip=\skip113
\cftsecindent=\skip114
\cftsecnumwidth=\skip115
\cftbeforesubsecskip=\skip116
\cftsubsecindent=\skip117
\cftsubsecnumwidth=\skip118
\cftbeforesubsubsecskip=\skip119
\cftsubsubsecindent=\skip120
\cftsubsubsecnumwidth=\skip121
\cftbeforeparaskip=\skip122
\cftparaindent=\skip123
\cftparanumwidth=\skip124
\cftbeforesubparaskip=\skip125
\cftsubparaindent=\skip126
\cftsubparanumwidth=\skip127
\cftbeforeloftitleskip=\skip128
\cftafterloftitleskip=\skip129
\cftbeforefigskip=\skip130
\cftfigindent=\skip131
\cftfignumwidth=\skip132
\c@lofdepth=\count409
\c@lotdepth=\count410
\cftbeforelottitleskip=\skip133
\cftafterlottitleskip=\skip134
\cftbeforetabskip=\skip135
\cfttabindent=\skip136
\cfttabnumwidth=\skip137
)
\@indexfile=\write4
\openout4 = `refman.idx'.


Writing index file refman.idx
(/usr/share/texmf-dist/tex/latex/hyperref/hyperref.sty
Package: hyperref 2026-01-29 v7.01p Hypertext links for LaTeX

(/usr/share/texmf-dist/tex/latex/kvsetkeys/kvsetkeys.sty
Package: kvsetkeys 2022-10-05 v1.19 Key value parser (HO)
)
(/usr/share/texmf-dist/tex/generic/kvdefinekeys/kvdefinekeys.sty
Package: kvdefinekeys 2019-12-19 v1.6 Define keys (HO)
)
(/usr/share/texmf-dist/tex/generic/pdfescape/pdfescape.sty
Package: pdfescape 2019/12/09 v1.15 Implements pdfTeX's escape features (HO)

(/usr/share/texmf-dist/tex/generic/ltxcmds/ltxcmds.sty
Package: ltxcmds 2023-12-04 v1.26 LaTeX kernel commands for general use (HO)
)
(/usr/share/texmf-dist/tex/generic/pdftexcmds/pdftexcmds.sty
Package: pdftexcmds 2020-06-27 v0.33 Utility functions of pdfTeX for LuaTeX (HO
)
Package pdftexcmds Info: \pdf@primitive is available.
Package pdftexcmds Info: \pdf@ifprimitive is available.
Package pdftexcmds Info: \pdfdraftmode not found.
))
(/usr/share/texmf-dist/tex/latex/hycolor/hycolor.sty
Package: hycolor 2020-01-27 v1.10 Color options for hyperref/bookmark (HO)
)
(/usr/share/texmf-dist/tex/latex/hyperref/nameref.sty
Package: nameref 2026-01-29 v2.58 Cross-referencing by name of section

(/usr/share/texmf-dist/tex/latex/refcount/refcount.sty
Package: refcount 2019/12/15 v3.6 Data extraction from label references (HO)
)
(/usr/share/texmf-dist/tex/generic/gettitlestring/gettitlestring.sty
Package: gettitlestring 2019/12/15 v1.6 Cleanup title references (HO)

(/usr/share/texmf-dist/tex/latex/kvoptions/kvoptions.sty
Package: kvoptions 2022-06-15 v3.15 Key value format for package options (HO)
))
\c@section@level=\count411
)
(/usr/share/texmf-dist/tex/generic/stringenc/stringenc.sty
Package: stringenc 2019/11/29 v1.12 Convert strings between diff. encodings (HO
)
)
\@linkdim=\dimen324
\Hy@linkcounter=\count412
\Hy@pagecounter=\count413

(/usr/share/texmf-dist/tex/latex/hyperref/pd1enc.def
File: pd1enc.def 2026-01-29 v7.01p Hyperref: PDFDocEncoding definition (HO)
)
\Hy@SavedSpaceFactor=\count414

(/usr/share/texmf-dist/tex/latex/hyperref/puenc.def
File: puenc.def 2026-01-29 v7.01p Hyperref: PDF Unicode definition (HO)
)
Package hyperref Info: Hyper figures OFF on input line 4201.
Package hyperref Info: Link nesting OFF on input line 4206.
Package hyperref Info: Hyper index ON on input line 4209.
Package hyperref Info: Plain pages OFF on input line 4216.
Package hyperref Info: Backreferencing ON on input line 4219.
Package hyperref Info: Implicit mode ON; LaTeX internals redefined.
Package hyperref Info: Bookmarks ON on input line 4468.

(/usr/share/texmf-dist/tex/latex/hyperref/backref.sty
Package: backref 2025-06-21 v1.45 Bibliographical back referencing

(/usr/share/texmf-dist/tex/latex/rerunfilecheck/rerunfilecheck.sty
Package: rerunfilecheck 2025-06-21 v1.11 Rerun checks for auxiliary files (HO)

(/usr/share/texmf-dist/tex/generic/uniquecounter/uniquecounter.sty
Package: uniquecounter 2019/12/15 v1.4 Provide unlimited unique counter (HO)

(/usr/share/texmf-dist/tex/generic/bigintcalc/bigintcalc.sty
Package: bigintcalc 2019/12/15 v1.5 Expandable calculations on big integers (HO
)
))
Package uniquecounter Info: New unique counter `rerunfilecheck' on input line 2
84.
))
\c@Hy@tempcnt=\count415

(/usr/share/texmf-dist/tex/latex/url/url.sty
\Urlmuskip=\muskip19
Package: url 2013/09/16  ver 3.4  Verb mode for urls, etc.
)
LaTeX Info: Redefining \url on input line 4807.
\XeTeXLinkMargin=\dimen325

(/usr/share/texmf-dist/tex/generic/bitset/bitset.sty
Package: bitset 2019/12/09 v1.3 Handle bit-vector datatype (HO)
)
\Fld@menulength=\count416
\Field@Width=\dimen326
\Fld@charsize=\dimen327
Package hyperref Info: Hyper figures OFF on input line 6084.
Package hyperref Info: Link nesting OFF on input line 6089.
Package hyperref Info: Hyper index ON on input line 6092.
Package hyperref Info: backreferencing ON on input line 6097.
Package hyperref Info: Link coloring OFF on input line 6104.
Package hyperref Info: Link coloring with OCG OFF on input line 6109.
Package hyperref Info: PDF/A mode OFF on input line 6114.
\Hy@abspage=\count417
\c@Item=\count418
\c@Hfootnote=\count419
)
Package hyperref Info: Driver: hxetex.

(/usr/share/texmf-dist/tex/latex/hyperref/hxetex.def
File: hxetex.def 2026-01-29 v7.01p Hyperref driver for XeTeX
\pdfm@box=\box153
\c@Hy@AnnotLevel=\count420
\HyField@AnnotCount=\count421
\Fld@listcount=\count422
\c@bookmark@seq@number=\count423
\Hy@SectionHShift=\skip138
)
Package hyperref Info: Option `colorlinks' set `true' on input line 179.
Package hyperref Info: Option `unicode' set `true' on input line 179.

(/usr/share/texmf-dist/tex/latex/caption/caption.sty
Package: caption 2023/08/05 v3.6o Customizing captions (AR)

(/usr/share/texmf-dist/tex/latex/caption/caption3.sty
Package: caption3 2023/07/31 v2.4d caption3 kernel (AR)
\caption@tempdima=\dimen328
\captionmargin=\dimen329
\caption@leftmargin=\dimen330
\caption@rightmargin=\dimen331
\caption@width=\dimen332
\caption@indent=\dimen333
\caption@parindent=\dimen334
\caption@hangindent=\dimen335
Package caption Info: Standard document class detected.
)
\c@caption@flags=\count424
\c@continuedfloat=\count425
Package caption Info: changepage package is loaded.
\caption@adjustwidth@hsize=\dimen336
\caption@adjustwidth@linewidth=\dimen337
Package caption Info: float package is loaded.
Package caption Info: hyperref package is loaded.
Package caption Info: longtable package is loaded.

(/usr/share/texmf-dist/tex/latex/caption/ltcaption.sty
Package: ltcaption 2021/01/08 v1.4c longtable captions (AR)
))
(/usr/share/texmf-dist/tex/latex/etoc/etoc.sty
Package: etoc 2023/10/29 v1.2d Completely customisable TOCs (JFB)
\Etoc@toctoks=\toks39
\c@etoc@tocid=\count426
\etoc@framed@titlebox=\box154
\etoc@framed@contentsbox=\box155
)
LaTeX Font Info:    Trying to load font information for TU+phv on input line 20
1.
LaTeX Font Info:    No file TUphv.fd. on input line 201.


LaTeX Font Warning: Font shape `TU/phv/m/n' undefined
(Font)              using `TU/lmr/m/n' instead on input line 201.

(./refman.aux

LaTeX Warning: Label `doc-func-members' multiply defined.


LaTeX Warning: Label `doc-var-members' multiply defined.


LaTeX Warning: Label `doc-func-members' multiply defined.


LaTeX Warning: Label `doc-var-members' multiply defined.


LaTeX Warning: Label `doc-var-members' multiply defined.


LaTeX Warning: Label `doc-func-members' multiply defined.


LaTeX Warning: Label `doc-var-members' multiply defined.


LaTeX Warning: Label `doc-func-members' multiply defined.


LaTeX Warning: Label `doc-var-members' multiply defined.


LaTeX Warning: Label `doc-func-members' multiply defined.


LaTeX Warning: Label `doc-func-members' multiply defined.


LaTeX Warning: Label `doc-var-members' multiply defined.


LaTeX Warning: Label `doc-func-members' multiply defined.


LaTeX Warning: Label `doc-func-members' multiply defined.


LaTeX Warning: Label `doc-var-members' multiply defined.


LaTeX Warning: Label `doc-func-members' multiply defined.


LaTeX Warning: Label `doc-var-members' multiply defined.


LaTeX Warning: Label `doc-variable-members' multiply defined.


LaTeX Warning: Label `doc-variable-members' multiply defined.


LaTeX Warning: Label `doc-variable-members' multiply defined.


LaTeX Warning: Label `doc-variable-members' multiply defined.


LaTeX Warning: Label `doc-variable-members' multiply defined.


LaTeX Warning: Label `doc-variable-members' multiply defined.


LaTeX Warning: Label `doc-func-members' multiply defined.


LaTeX Warning: Label `doc-variable-members' multiply defined.


LaTeX Warning: Label `doc-variable-members' multiply defined.


LaTeX Warning: Label `doc-variable-members' multiply defined.


LaTeX Warning: Label `doc-variable-members' multiply defined.


LaTeX Warning: Label `doc-variable-members' multiply defined.


LaTeX Warning: Label `doc-variable-members' multiply defined.


LaTeX Warning: Label `doc-variable-members' multiply defined.


LaTeX Warning: Label `doc-variable-members' multiply defined.


LaTeX Warning: Label `doc-variable-members' multiply defined.


LaTeX Warning: Label `doc-variable-members' multiply defined.


LaTeX Warning: Label `doc-variable-members' multiply defined.


LaTeX Warning: Label `doc-variable-members' multiply defined.


LaTeX Warning: Label `doc-variable-members' multiply defined.


LaTeX Warning: Label `doc-variable-members' multiply defined.


LaTeX Warning: Label `doc-variable-members' multiply defined.


LaTeX Warning: Label `doc-variable-members' multiply defined.


LaTeX Warning: Label `doc-variable-members' multiply defined.


LaTeX Warning: Label `doc-variable-members' multiply defined.


LaTeX Warning: Label `doc-variable-members' multiply defined.


LaTeX Warning: Label `doc-variable-members' multiply defined.


LaTeX Warning: Label `doc-variable-members' multiply defined.


LaTeX Warning: Label `doc-variable-members' multiply defined.


LaTeX Warning: Label `doc-variable-members' multiply defined.


LaTeX Warning: Label `doc-variable-members' multiply defined.


LaTeX Warning: Label `doc-variable-members' multiply defined.


LaTeX Warning: Label `doc-variable-members' multiply defined.


LaTeX Warning: Label `doc-variable-members' multiply defined.


LaTeX Warning: Label `doc-variable-members' multiply defined.


LaTeX Warning: Label `doc-variable-members' multiply defined.


LaTeX Warning: Label `doc-variable-members' multiply defined.


LaTeX Warning: Label `doc-variable-members' multiply defined.


LaTeX Warning: Label `doc-variable-members' multiply defined.


LaTeX Warning: Label `doc-variable-members' multiply defined.


LaTeX Warning: Label `doc-variable-members' multiply defined.


LaTeX Warning: Label `doc-variable-members' multiply defined.


LaTeX Warning: Label `doc-variable-members' multiply defined.


LaTeX Warning: Label `doc-variable-members' multiply defined.


LaTeX Warning: Label `doc-variable-members' multiply defined.


LaTeX Warning: Label `doc-variable-members' multiply defined.


LaTeX Warning: Label `doc-variable-members' multiply defined.


LaTeX Warning: Label `doc-variable-members' multiply defined.


LaTeX Warning: Label `doc-variable-members' multiply defined.


LaTeX Warning: Label `doc-variable-members' multiply defined.


LaTeX Warning: Label `doc-variable-members' multiply defined.


LaTeX Warning: Label `doc-variable-members' multiply defined.


LaTeX Warning: Label `doc-variable-members' multiply defined.


LaTeX Warning: Label `doc-variable-members' multiply defined.


LaTeX Warning: Label `doc-variable-members' multiply defined.


LaTeX Warning: Label `doc-variable-members' multiply defined.


LaTeX Warning: Label `doc-variable-members' multiply defined.


LaTeX Warning: Label `doc-variable-members' multiply defined.


LaTeX Warning: Label `doc-variable-members' multiply defined.


LaTeX Warning: Label `doc-variable-members' multiply defined.


LaTeX Warning: Label `doc-variable-members' multiply defined.


LaTeX Warning: Label `doc-variable-members' multiply defined.


LaTeX Warning: Label `doc-variable-members' multiply defined.


LaTeX Warning: Label `doc-variable-members' multiply defined.

)
\openout1 = `refman.aux'.

LaTeX Font Info:    Checking defaults for OML/cmm/m/it on input line 201.
LaTeX Font Info:    ... okay on input line 201.
LaTeX Font Info:    Checking defaults for OMS/cmsy/m/n on input line 201.
LaTeX Font Info:    ... okay on input line 201.
LaTeX Font Info:    Checking defaults for OT1/cmr/m/n on input line 201.
LaTeX Font Info:    ... okay on input line 201.
LaTeX Font Info:    Checking defaults for T1/cmr/m/n on input line 201.
LaTeX Font Info:    ... okay on input line 201.
LaTeX Font Info:    Checking defaults for TS1/cmr/m/n on input line 201.
LaTeX Font Info:    ... okay on input line 201.
LaTeX Font Info:    Checking defaults for TU/lmr/m/n on input line 201.
LaTeX Font Info:    ... okay on input line 201.
LaTeX Font Info:    Checking defaults for OMX/cmex/m/n on input line 201.
LaTeX Font Info:    ... okay on input line 201.
LaTeX Font Info:    Checking defaults for U/cmr/m/n on input line 201.
LaTeX Font Info:    ... okay on input line 201.
LaTeX Font Info:    Checking defaults for PD1/pdf/m/n on input line 201.
LaTeX Font Info:    ... okay on input line 201.
LaTeX Font Info:    Checking defaults for PU/pdf/m/n on input line 201.
LaTeX Font Info:    ... okay on input line 201.
LaTeX Font Info:    Overwriting math alphabet `\mathrm' in version `normal'
(Font)                  OT1/cmr/m/n --> TU/lmr/m/n on input line 201.
LaTeX Font Info:    Overwriting math alphabet `\mathit' in version `normal'
(Font)                  OT1/cmr/m/it --> TU/lmr/m/it on input line 201.
LaTeX Font Info:    Overwriting math alphabet `\mathbf' in version `normal'
(Font)                  OT1/cmr/bx/n --> TU/lmr/bx/n on input line 201.
LaTeX Font Info:    Overwriting math alphabet `\mathsf' in version `normal'
(Font)                  OT1/cmss/m/n --> TU/phv/m/n on input line 201.
LaTeX Font Info:    Overwriting math alphabet `\mathsf' in version `bold'
(Font)                  OT1/cmss/bx/n --> TU/phv/bx/n on input line 201.
LaTeX Font Info:    Overwriting math alphabet `\mathtt' in version `normal'
(Font)                  OT1/cmtt/m/n --> TU/pcr/m/n on input line 201.
LaTeX Font Info:    Overwriting math alphabet `\mathtt' in version `bold'
(Font)                  OT1/cmtt/m/n --> TU/pcr/bx/n on input line 201.

Package fontspec Info: 
(fontspec)             Font family 'latinmodern-math.otf(0)' created for font
(fontspec)             'latinmodern-math.otf' with options
(fontspec)             [Ligatures={TeX},BoldItalicFont={},ItalicFont={},SmallCa
psFont={},Script=Math,BoldFont={latinmodern-math.otf}].
(fontspec)              
(fontspec)              This font family consists of the following NFSS
(fontspec)             series/shapes:
(fontspec)              
(fontspec)             - 'normal' (m/n) with NFSS spec.:
(fontspec)             <->"[latinmodern-math.otf]/OT:script=math;language=dflt;
mapping=tex-text;"
(fontspec)             - 'bold' (b/n) with NFSS spec.:
(fontspec)             <->"[latinmodern-math.otf]/OT:script=math;language=dflt;
mapping=tex-text;"


Package fontspec Info: 
(fontspec)             Font family 'latinmodern-math.otf(1)' created for font
(fontspec)             'latinmodern-math.otf' with options
(fontspec)             [Ligatures={TeX},BoldItalicFont={},ItalicFont={},SmallCa
psFont={},Script=Math,SizeFeatures={{Size=8.5-},{Size=6-8.5,Font=latinmodern-ma
th.otf,Style=MathScript},{Size=-6,Font=latinmodern-math.otf,Style=MathScriptScr
ipt}},BoldFont={latinmodern-math.otf}].
(fontspec)              
(fontspec)              This font family consists of the following NFSS
(fontspec)             series/shapes:
(fontspec)              
(fontspec)             - 'normal' (m/n) with NFSS spec.:
(fontspec)             <8.5->"[latinmodern-math.otf]/OT:script=math;language=df
lt;mapping=tex-text;"<6-8.5>"[latinmodern-math.otf]/OT:script=math;language=dfl
t;+ssty=0;mapping=tex-text;"<-6>"[latinmodern-math.otf]/OT:script=math;language
=dflt;+ssty=1;mapping=tex-text;"
(fontspec)             - 'bold' (b/n) with NFSS spec.:
(fontspec)             <->"[latinmodern-math.otf]/OT:script=math;language=dflt;
mapping=tex-text;"

LaTeX Font Info:    Encoding `OT1' has changed to `TU' for symbol font
(Font)              `operators' in the math version `normal' on input line 201.

LaTeX Font Info:    Overwriting symbol font `operators' in version `normal'
(Font)                  OT1/cmr/m/n --> TU/latinmodern-math.otf(1)/m/n on input
 line 201.
LaTeX Font Info:    Encoding `OT1' has changed to `TU' for symbol font
(Font)              `operators' in the math version `bold' on input line 201.
LaTeX Font Info:    Overwriting symbol font `operators' in version `bold'
(Font)                  OT1/cmr/bx/n --> TU/latinmodern-math.otf(1)/b/n on inpu
t line 201.

Package fontspec Info: 
(fontspec)             latinmodern-math scale = 1.0001.


Package fontspec Info: 
(fontspec)             latinmodern-math scale = 1.0001.


Package fontspec Info: 
(fontspec)             latinmodern-math scale = 1.0001.


Package fontspec Info: 
(fontspec)             latinmodern-math scale = 1.0001.


Package fontspec Info: 
(fontspec)             latinmodern-math scale = 1.0001.


Package fontspec Info: 
(fontspec)             Font family 'latinmodern-math.otf(2)' created for font
(fontspec)             'latinmodern-math.otf' with options
(fontspec)             [Ligatures={TeX},BoldItalicFont={},ItalicFont={},SmallCa
psFont={},Script=Math,SizeFeatures={{Size=8.5-},{Size=6-8.5,Font=latinmodern-ma
th.otf,Style=MathScript},{Size=-6,Font=latinmodern-math.otf,Style=MathScriptScr
ipt}},BoldFont={latinmodern-math.otf},ScaleAgain=1.0001,FontAdjustment={\fontdi
men
(fontspec)             8\font =6.77pt\relax \fontdimen 9\font =3.94pt\relax
(fontspec)             \fontdimen 10\font =4.44pt\relax \fontdimen 11\font
(fontspec)             =6.86pt\relax \fontdimen 12\font =3.45pt\relax
(fontspec)             \fontdimen 13\font =3.63pt\relax \fontdimen 14\font
(fontspec)             =3.63pt\relax \fontdimen 15\font =2.89pt\relax
(fontspec)             \fontdimen 16\font =2.47pt\relax \fontdimen 17\font
(fontspec)             =2.47pt\relax \fontdimen 18\font =2.5pt\relax
(fontspec)             \fontdimen 19\font =2.0pt\relax \fontdimen 22\font
(fontspec)             =2.5pt\relax \fontdimen 20\font =0pt\relax \fontdimen
(fontspec)             21\font =0pt\relax }].
(fontspec)              
(fontspec)              This font family consists of the following NFSS
(fontspec)             series/shapes:
(fontspec)              
(fontspec)             - 'normal' (m/n) with NFSS spec.:
(fontspec)             <8.5->s*[1.0001]"[latinmodern-math.otf]/OT:script=math;l
anguage=dflt;mapping=tex-text;"<6-8.5>s*[1.0001]"[latinmodern-math.otf]/OT:scri
pt=math;language=dflt;+ssty=0;mapping=tex-text;"<-6>s*[1.0001]"[latinmodern-mat
h.otf]/OT:script=math;language=dflt;+ssty=1;mapping=tex-text;"
(fontspec)             - 'bold' (b/n) with NFSS spec.:
(fontspec)             <->s*[1.0001]"[latinmodern-math.otf]/OT:script=math;lang
uage=dflt;mapping=tex-text;"

LaTeX Font Info:    Encoding `OMS' has changed to `TU' for symbol font
(Font)              `symbols' in the math version `normal' on input line 201.
LaTeX Font Info:    Overwriting symbol font `symbols' in version `normal'
(Font)                  OMS/cmsy/m/n --> TU/latinmodern-math.otf(2)/m/n on inpu
t line 201.
LaTeX Font Info:    Encoding `OMS' has changed to `TU' for symbol font
(Font)              `symbols' in the math version `bold' on input line 201.
LaTeX Font Info:    Overwriting symbol font `symbols' in version `bold'
(Font)                  OMS/cmsy/b/n --> TU/latinmodern-math.otf(2)/b/n on inpu
t line 201.

Package fontspec Info: 
(fontspec)             latinmodern-math scale = 0.9999.


Package fontspec Info: 
(fontspec)             latinmodern-math scale = 0.9999.


Package fontspec Info: 
(fontspec)             latinmodern-math scale = 0.9999.


Package fontspec Info: 
(fontspec)             latinmodern-math scale = 0.9999.


Package fontspec Info: 
(fontspec)             latinmodern-math scale = 0.9999.


Package fontspec Info: 
(fontspec)             Font family 'latinmodern-math.otf(3)' created for font
(fontspec)             'latinmodern-math.otf' with options
(fontspec)             [Ligatures={TeX},BoldItalicFont={},ItalicFont={},SmallCa
psFont={},Script=Math,SizeFeatures={{Size=8.5-},{Size=6-8.5,Font=latinmodern-ma
th.otf,Style=MathScript},{Size=-6,Font=latinmodern-math.otf,Style=MathScriptScr
ipt}},BoldFont={latinmodern-math.otf},ScaleAgain=0.9999,FontAdjustment={\fontdi
men
(fontspec)             8\font =0.4pt\relax \fontdimen 9\font =2.0pt\relax
(fontspec)             \fontdimen 10\font =1.67pt\relax \fontdimen 11\font
(fontspec)             =1.11pt\relax \fontdimen 12\font =6.0pt\relax
(fontspec)             \fontdimen 13\font =0pt\relax }].
(fontspec)              
(fontspec)              This font family consists of the following NFSS
(fontspec)             series/shapes:
(fontspec)              
(fontspec)             - 'normal' (m/n) with NFSS spec.:
(fontspec)             <8.5->s*[0.9999]"[latinmodern-math.otf]/OT:script=math;l
anguage=dflt;mapping=tex-text;"<6-8.5>s*[0.9999]"[latinmodern-math.otf]/OT:scri
pt=math;language=dflt;+ssty=0;mapping=tex-text;"<-6>s*[0.9999]"[latinmodern-mat
h.otf]/OT:script=math;language=dflt;+ssty=1;mapping=tex-text;"
(fontspec)             - 'bold' (b/n) with NFSS spec.:
(fontspec)             <->s*[0.9999]"[latinmodern-math.otf]/OT:script=math;lang
uage=dflt;mapping=tex-text;"

LaTeX Font Info:    Encoding `OMX' has changed to `TU' for symbol font
(Font)              `largesymbols' in the math version `normal' on input line 2
01.
LaTeX Font Info:    Overwriting symbol font `largesymbols' in version `normal'
(Font)                  OMX/cmex/m/n --> TU/latinmodern-math.otf(3)/m/n on inpu
t line 201.
LaTeX Font Info:    Encoding `OMX' has changed to `TU' for symbol font
(Font)              `largesymbols' in the math version `bold' on input line 201
.
LaTeX Font Info:    Overwriting symbol font `largesymbols' in version `bold'
(Font)                  OMX/cmex/m/n --> TU/latinmodern-math.otf(3)/b/n on inpu
t line 201.

*geometry* driver: auto-detecting
*geometry* detected driver: xetex
*geometry* verbose mode - [ preamble ] result:
* driver: xetex
* paper: a4paper
* layout: <same size as paper>
* layoutoffset:(h,v)=(0.0pt,0.0pt)
* modes: twoside 
* h-part:(L,W,R)=(71.13188pt, 455.24411pt, 71.13188pt)
* v-part:(T,H,B)=(71.13188pt, 702.78308pt, 71.13188pt)
* \paperwidth=597.50787pt
* \paperheight=845.04684pt
* \textwidth=455.24411pt
* \textheight=702.78308pt
* \oddsidemargin=-1.1381pt
* \evensidemargin=-1.1381pt
* \topmargin=-31.2056pt
* \headheight=12.0pt
* \headsep=18.06749pt
* \topskip=10.0pt
* \footskip=25.29494pt
* \marginparwidth=125.0pt
* \marginparsep=7.0pt
* \columnsep=10.0pt
* \skip\footins=9.0pt plus 4.0pt minus 2.0pt
* \hoffset=0.0pt
* \voffset=0.0pt
* \mag=1000
* \@twocolumnfalse
* \@twosidetrue
* \@mparswitchtrue
* \@reversemarginfalse
* (1in=72.27pt=25.4mm, 1cm=28.453pt)

Package backref Info: ** backref set up for natbib ** on input line 201.
Package hyperref Info: Link coloring ON on input line 201.
(./refman.out) (./refman.out)
\@outlinefile=\write5
\openout5 = `refman.out'.

Package caption Info: Begin \AtBeginDocument code.
Package caption Info: End \AtBeginDocument code.
\Etoc@tf=\read4
Package hyperref Info: Option `pageanchor' set `false' on input line 209.
Package hyperref Info: Option `bookmarksnumbered' set `true' on input line 209.

LaTeX Font Info:    Font shape `TU/latinmodern-math.otf(2)/m/n' will be
(Font)              scaled to size 7.00075pt on input line 215.
LaTeX Font Info:    Font shape `TU/latinmodern-math.otf(2)/m/n' will be
(Font)              scaled to size 5.00053pt on input line 215.
LaTeX Font Info:    Font shape `TU/latinmodern-math.otf(3)/m/n' will be
(Font)              scaled to size 6.99925pt on input line 215.
LaTeX Font Info:    Font shape `TU/latinmodern-math.otf(3)/m/n' will be
(Font)              scaled to size 4.99947pt on input line 215.
LaTeX Font Info:    Trying to load font information for U+msa on input line 215
.
 (/usr/share/texmf-dist/tex/latex/amsfonts/umsa.fd
File: umsa.fd 2013/01/14 v3.01 AMS symbols A
)
LaTeX Font Info:    Trying to load font information for U+msb on input line 215
.
 (/usr/share/texmf-dist/tex/latex/amsfonts/umsb.fd
File: umsb.fd 2013/01/14 v3.01 AMS symbols B
)
LaTeX Font Info:    Trying to load font information for U+wasy on input line 21
5.

(/usr/share/texmf-dist/tex/latex/wasysym/uwasy.fd
File: uwasy.fd 2020/01/19 v2.4 Wasy-2 symbol font definitions
) [1


] [2

]
\tf@toc=\write6
\openout6 = `refman.toc'.



LaTeX Font Warning: Font shape `TU/phv/b/n' undefined
(Font)              using `TU/phv/bx/n' instead on input line 223.


LaTeX Font Warning: Font shape `TU/phv/bx/n' undefined
(Font)              using `TU/phv/m/n' instead on input line 223.


LaTeX Font Warning: Font shape `TU/phv/b/n' undefined
(Font)              using `TU/phv/bx/n' instead on input line 223.

LaTeX Font Info:    Font shape `TU/latinmodern-math.otf(2)/m/n' will be
(Font)              scaled to size 10.00107pt on input line 223.
LaTeX Font Info:    Font shape `TU/latinmodern-math.otf(3)/m/n' will be
(Font)              scaled to size 9.99893pt on input line 223.

LaTeX Font Warning: Font shape `TU/phv/b/n' undefined
(Font)              using `TU/phv/bx/n' instead on input line 223.


LaTeX Font Warning: Font shape `TU/phv/b/n' undefined
(Font)              using `TU/phv/bx/n' instead on input line 223.


LaTeX Font Warning: Font shape `TU/phv/b/n' undefined
(Font)              using `TU/phv/bx/n' instead on input line 223.


LaTeX Font Warning: Font shape `TU/phv/b/n' undefined
(Font)              using `TU/phv/bx/n' instead on input line 223.


LaTeX Font Warning: Font shape `TU/phv/b/n' undefined
(Font)              using `TU/phv/bx/n' instead on input line 223.


LaTeX Font Warning: Font shape `TU/phv/b/n' undefined
(Font)              using `TU/phv/bx/n' instead on input line 223.


LaTeX Font Warning: Font shape `TU/phv/b/n' undefined
(Font)              using `TU/phv/bx/n' instead on input line 223.


LaTeX Font Warning: Font shape `TU/phv/b/n' undefined
(Font)              using `TU/phv/bx/n' instead on input line 223.


LaTeX Font Warning: Font shape `TU/phv/b/n' undefined
(Font)              using `TU/phv/bx/n' instead on input line 223.


LaTeX Font Warning: Font shape `TU/phv/b/n' undefined
(Font)              using `TU/phv/bx/n' instead on input line 223.


LaTeX Font Warning: Font shape `TU/phv/b/n' undefined
(Font)              using `TU/phv/bx/n' instead on input line 223.


LaTeX Font Warning: Font shape `TU/phv/b/n' undefined
(Font)              using `TU/phv/bx/n' instead on input line 223.


LaTeX Font Warning: Font shape `TU/phv/b/n' undefined
(Font)              using `TU/phv/bx/n' instead on input line 223.


LaTeX Font Warning: Font shape `TU/phv/b/n' undefined
(Font)              using `TU/phv/bx/n' instead on input line 223.


LaTeX Font Warning: Font shape `TU/phv/b/n' undefined
(Font)              using `TU/phv/bx/n' instead on input line 223.


LaTeX Font Warning: Font shape `TU/phv/b/n' undefined
(Font)              using `TU/phv/bx/n' instead on input line 223.


LaTeX Font Warning: Font shape `TU/phv/b/n' undefined
(Font)              using `TU/phv/bx/n' instead on input line 223.


LaTeX Font Warning: Font shape `TU/phv/b/n' undefined
(Font)              using `TU/phv/bx/n' instead on input line 223.


LaTeX Font Warning: Font shape `TU/phv/b/n' undefined
(Font)              using `TU/phv/bx/n' instead on input line 223.

LaTeX Font Info:    Trying to load font information for TU+pcr on input line 22
3.
LaTeX Font Info:    No file TUpcr.fd. on input line 223.

LaTeX Font Warning: Font shape `TU/pcr/m/n' undefined
(Font)              using `TU/lmr/m/n' instead on input line 223.


LaTeX Font Warning: Font shape `TU/phv/b/n' undefined
(Font)              using `TU/phv/bx/n' instead on input line 223.


LaTeX Font Warning: Font shape `TU/phv/b/n' undefined
(Font)              using `TU/phv/bx/n' instead on input line 223.


LaTeX Font Warning: Font shape `TU/phv/b/n' undefined
(Font)              using `TU/phv/bx/n' instead on input line 223.

[1]

LaTeX Font Warning: Font shape `TU/phv/b/n' undefined
(Font)              using `TU/phv/bx/n' instead on input line 223.


LaTeX Font Warning: Font shape `TU/phv/b/n' undefined
(Font)              using `TU/phv/bx/n' instead on input line 223.


LaTeX Font Warning: Font shape `TU/phv/b/n' undefined
(Font)              using `TU/phv/bx/n' instead on input line 223.

[2]

LaTeX Font Warning: Font shape `TU/phv/b/n' undefined
(Font)              using `TU/phv/bx/n' instead on input line 223.


LaTeX Font Warning: Font shape `TU/phv/b/n' undefined
(Font)              using `TU/phv/bx/n' instead on input line 223.


LaTeX Font Warning: Font shape `TU/phv/b/n' undefined
(Font)              using `TU/phv/bx/n' instead on input line 223.

[3]

LaTeX Font Warning: Font shape `TU/phv/b/n' undefined
(Font)              using `TU/phv/bx/n' instead on input line 223.


LaTeX Font Warning: Font shape `TU/phv/b/n' undefined
(Font)              using `TU/phv/bx/n' instead on input line 223.


LaTeX Font Warning: Font shape `TU/phv/b/n' undefined
(Font)              using `TU/phv/bx/n' instead on input line 223.

[4]

LaTeX Font Warning: Font shape `TU/phv/b/n' undefined
(Font)              using `TU/phv/bx/n' instead on input line 223.


LaTeX Font Warning: Font shape `TU/phv/b/n' undefined
(Font)              using `TU/phv/bx/n' instead on input line 223.


LaTeX Font Warning: Font shape `TU/phv/b/n' undefined
(Font)              using `TU/phv/bx/n' instead on input line 223.

[5]

LaTeX Font Warning: Font shape `TU/phv/b/n' undefined
(Font)              using `TU/phv/bx/n' instead on input line 223.


LaTeX Font Warning: Font shape `TU/phv/b/n' undefined
(Font)              using `TU/phv/bx/n' instead on input line 223.


LaTeX Font Warning: Font shape `TU/phv/b/n' undefined
(Font)              using `TU/phv/bx/n' instead on input line 223.


LaTeX Font Warning: Font shape `TU/phv/b/n' undefined
(Font)              using `TU/phv/bx/n' instead on input line 223.


LaTeX Font Warning: Font shape `TU/phv/b/n' undefined
(Font)              using `TU/phv/bx/n' instead on input line 223.


LaTeX Font Warning: Font shape `TU/phv/b/n' undefined
(Font)              using `TU/phv/bx/n' instead on input line 223.

[6]

LaTeX Font Warning: Font shape `TU/phv/b/n' undefined
(Font)              using `TU/phv/bx/n' instead on input line 223.


LaTeX Font Warning: Font shape `TU/phv/b/n' undefined
(Font)              using `TU/phv/bx/n' instead on input line 223.


LaTeX Font Warning: Font shape `TU/phv/b/n' undefined
(Font)              using `TU/phv/bx/n' instead on input line 223.

[7]

LaTeX Font Warning: Font shape `TU/phv/b/n' undefined
(Font)              using `TU/phv/bx/n' instead on input line 223.


LaTeX Font Warning: Font shape `TU/phv/b/n' undefined
(Font)              using `TU/phv/bx/n' instead on input line 223.


LaTeX Font Warning: Font shape `TU/phv/b/n' undefined
(Font)              using `TU/phv/bx/n' instead on input line 223.

[8]

LaTeX Font Warning: Font shape `TU/phv/b/n' undefined
(Font)              using `TU/phv/bx/n' instead on input line 223.


LaTeX Font Warning: Font shape `TU/phv/b/n' undefined
(Font)              using `TU/phv/bx/n' instead on input line 223.


LaTeX Font Warning: Font shape `TU/phv/b/n' undefined
(Font)              using `TU/phv/bx/n' instead on input line 223.

[9]

LaTeX Font Warning: Font shape `TU/phv/b/n' undefined
(Font)              using `TU/phv/bx/n' instead on input line 223.


LaTeX Font Warning: Font shape `TU/phv/b/n' undefined
(Font)              using `TU/phv/bx/n' instead on input line 223.


LaTeX Font Warning: Font shape `TU/phv/b/n' undefined
(Font)              using `TU/phv/bx/n' instead on input line 223.

[10]

LaTeX Font Warning: Font shape `TU/phv/b/n' undefined
(Font)              using `TU/phv/bx/n' instead on input line 223.


LaTeX Font Warning: Font shape `TU/phv/b/n' undefined
(Font)              using `TU/phv/bx/n' instead on input line 223.


LaTeX Font Warning: Font shape `TU/phv/b/n' undefined
(Font)              using `TU/phv/bx/n' instead on input line 223.

[11]

LaTeX Font Warning: Font shape `TU/phv/b/n' undefined
(Font)              using `TU/phv/bx/n' instead on input line 223.


LaTeX Font Warning: Font shape `TU/phv/b/n' undefined
(Font)              using `TU/phv/bx/n' instead on input line 223.


LaTeX Font Warning: Font shape `TU/phv/b/n' undefined
(Font)              using `TU/phv/bx/n' instead on input line 223.

[12]

LaTeX Font Warning: Font shape `TU/phv/b/n' undefined
(Font)              using `TU/phv/bx/n' instead on input line 223.


LaTeX Font Warning: Font shape `TU/phv/b/n' undefined
(Font)              using `TU/phv/bx/n' instead on input line 223.


LaTeX Font Warning: Font shape `TU/phv/b/n' undefined
(Font)              using `TU/phv/bx/n' instead on input line 223.

[13]

LaTeX Font Warning: Font shape `TU/phv/b/n' undefined
(Font)              using `TU/phv/bx/n' instead on input line 223.


LaTeX Font Warning: Font shape `TU/phv/b/n' undefined
(Font)              using `TU/phv/bx/n' instead on input line 223.


LaTeX Font Warning: Font shape `TU/phv/b/n' undefined
(Font)              using `TU/phv/bx/n' instead on input line 223.

[14]

LaTeX Font Warning: Font shape `TU/phv/b/n' undefined
(Font)              using `TU/phv/bx/n' instead on input line 223.


LaTeX Font Warning: Font shape `TU/phv/b/n' undefined
(Font)              using `TU/phv/bx/n' instead on input line 223.


LaTeX Font Warning: Font shape `TU/phv/b/n' undefined
(Font)              using `TU/phv/bx/n' instead on input line 223.

[15]

LaTeX Font Warning: Font shape `TU/phv/b/n' undefined
(Font)              using `TU/phv/bx/n' instead on input line 223.


LaTeX Font Warning: Font shape `TU/phv/b/n' undefined
(Font)              using `TU/phv/bx/n' instead on input line 223.


LaTeX Font Warning: Font shape `TU/phv/b/n' undefined
(Font)              using `TU/phv/bx/n' instead on input line 223.

[16]

LaTeX Font Warning: Font shape `TU/phv/b/n' undefined
(Font)              using `TU/phv/bx/n' instead on input line 223.


LaTeX Font Warning: Font shape `TU/phv/b/n' undefined
(Font)              using `TU/phv/bx/n' instead on input line 223.


LaTeX Font Warning: Font shape `TU/phv/b/n' undefined
(Font)              using `TU/phv/bx/n' instead on input line 223.

[17]

LaTeX Font Warning: Font shape `TU/phv/b/n' undefined
(Font)              using `TU/phv/bx/n' instead on input line 223.


LaTeX Font Warning: Font shape `TU/phv/b/n' undefined
(Font)              using `TU/phv/bx/n' instead on input line 223.


LaTeX Font Warning: Font shape `TU/phv/b/n' undefined
(Font)              using `TU/phv/bx/n' instead on input line 223.


Underfull \hbox (badness 6316) in paragraph at lines 223--223
 [][] [][]\TU/phv/bx/n/10 9.9 app/app/src/main/java/com/example/myapp/adapters/
[][]MenuItemAdapterSmall.kt File 
 []


Underfull \hbox (badness 5008) in paragraph at lines 223--223
 [][] [][]\TU/phv/bx/n/10 9.11 app/app/src/main/java/com/example/myapp/adapters
/[][]MyFirebaseMessagingService.kt 
 []


LaTeX Font Warning: Font shape `TU/phv/b/n' undefined
(Font)              using `TU/phv/bx/n' instead on input line 223.


LaTeX Font Warning: Font shape `TU/phv/b/n' undefined
(Font)              using `TU/phv/bx/n' instead on input line 223.


LaTeX Font Warning: Font shape `TU/phv/b/n' undefined
(Font)              using `TU/phv/bx/n' instead on input line 223.

[18]
Underfull \hbox (badness 10000) in paragraph at lines 223--223
 [][] [][]\TU/phv/bx/n/10 9.37 app/app/src/main/java/com/example/myapp/screens/
delivered_order_details.kt File 
 []


LaTeX Font Warning: Font shape `TU/phv/b/n' undefined
(Font)              using `TU/phv/bx/n' instead on input line 223.


LaTeX Font Warning: Font shape `TU/phv/b/n' undefined
(Font)              using `TU/phv/bx/n' instead on input line 223.


LaTeX Font Warning: Font shape `TU/phv/b/n' undefined
(Font)              using `TU/phv/bx/n' instead on input line 223.

[19]
Underfull \hbox (badness 10000) in paragraph at lines 223--223
 [][] [][]\TU/phv/bx/n/10 9.81 app/app/src/main/java/com/example/myapp/screens/
shipping_address_added_[] 
 []


Underfull \hbox (badness 10000) in paragraph at lines 223--223
 [][] [][]\TU/phv/bx/n/10 9.83 app/app/src/main/java/com/example/myapp/screens/
shipping_address_fixed_[] 
 []


LaTeX Font Warning: Font shape `TU/phv/b/n' undefined
(Font)              using `TU/phv/bx/n' instead on input line 223.


LaTeX Font Warning: Font shape `TU/phv/b/n' undefined
(Font)              using `TU/phv/bx/n' instead on input line 223.


LaTeX Font Warning: Font shape `TU/phv/b/n' undefined
(Font)              using `TU/phv/bx/n' instead on input line 223.

[20]

LaTeX Font Warning: Font shape `TU/phv/b/n' undefined
(Font)              using `TU/phv/bx/n' instead on input line 223.


LaTeX Font Warning: Font shape `TU/phv/b/n' undefined
(Font)              using `TU/phv/bx/n' instead on input line 223.


LaTeX Font Warning: Font shape `TU/phv/b/n' undefined
(Font)              using `TU/phv/bx/n' instead on input line 223.


LaTeX Font Warning: Font shape `TU/phv/b/n' undefined
(Font)              using `TU/phv/bx/n' instead on input line 223.


LaTeX Font Warning: Font shape `TU/phv/b/n' undefined
(Font)              using `TU/phv/bx/n' instead on input line 223.


LaTeX Font Warning: Font shape `TU/phv/b/n' undefined
(Font)              using `TU/phv/bx/n' instead on input line 223.

[21] [22

]
Package hyperref Info: Option `pageanchor' set `true' on input line 226.

Chapter 1.

LaTeX Font Warning: Font shape `TU/phv/b/n' undefined
(Font)              using `TU/phv/bx/n' instead on input line 228.

(./dirs.tex

LaTeX Font Warning: Font shape `TU/phv/b/n' undefined
(Font)              using `TU/phv/bx/n' instead on input line 1.


LaTeX Font Warning: Font shape `TU/phv/b/n' undefined
(Font)              using `TU/phv/bx/n' instead on input line 52.

[1

]

LaTeX Font Warning: Font shape `TU/phv/b/n' undefined
(Font)              using `TU/phv/bx/n' instead on input line 115.


LaTeX Font Warning: Font shape `TU/phv/b/n' undefined
(Font)              using `TU/phv/bx/n' instead on input line 115.


LaTeX Font Warning: Font shape `TU/phv/b/n' undefined
(Font)              using `TU/phv/bx/n' instead on input line 115.

[2]

LaTeX Font Warning: Font shape `TU/phv/b/n' undefined
(Font)              using `TU/phv/bx/n' instead on input line 185.


LaTeX Font Warning: Font shape `TU/phv/b/n' undefined
(Font)              using `TU/phv/bx/n' instead on input line 185.


LaTeX Font Warning: Font shape `TU/phv/b/n' undefined
(Font)              using `TU/phv/bx/n' instead on input line 185.

[3]

LaTeX Font Warning: Font shape `TU/phv/b/n' undefined
(Font)              using `TU/phv/bx/n' instead on input line 256.


LaTeX Font Warning: Font shape `TU/phv/b/n' undefined
(Font)              using `TU/phv/bx/n' instead on input line 256.


LaTeX Font Warning: Font shape `TU/phv/b/n' undefined
(Font)              using `TU/phv/bx/n' instead on input line 256.

[4]

LaTeX Font Warning: Font shape `TU/phv/b/n' undefined
(Font)              using `TU/phv/bx/n' instead on input line 321.


LaTeX Font Warning: Font shape `TU/phv/b/n' undefined
(Font)              using `TU/phv/bx/n' instead on input line 321.


LaTeX Font Warning: Font shape `TU/phv/b/n' undefined
(Font)              using `TU/phv/bx/n' instead on input line 321.

[5]

LaTeX Font Warning: Font shape `TU/phv/b/n' undefined
(Font)              using `TU/phv/bx/n' instead on input line 387.


LaTeX Font Warning: Font shape `TU/phv/b/n' undefined
(Font)              using `TU/phv/bx/n' instead on input line 387.


LaTeX Font Warning: Font shape `TU/phv/b/n' undefined
(Font)              using `TU/phv/bx/n' instead on input line 387.

[6]

LaTeX Font Warning: Font shape `TU/phv/b/n' undefined
(Font)              using `TU/phv/bx/n' instead on input line 455.


LaTeX Font Warning: Font shape `TU/phv/b/n' undefined
(Font)              using `TU/phv/bx/n' instead on input line 455.


LaTeX Font Warning: Font shape `TU/phv/b/n' undefined
(Font)              using `TU/phv/bx/n' instead on input line 455.

[7]

LaTeX Font Warning: Font shape `TU/phv/b/n' undefined
(Font)              using `TU/phv/bx/n' instead on input line 521.


LaTeX Font Warning: Font shape `TU/phv/b/n' undefined
(Font)              using `TU/phv/bx/n' instead on input line 521.


LaTeX Font Warning: Font shape `TU/phv/b/n' undefined
(Font)              using `TU/phv/bx/n' instead on input line 521.

[8])

LaTeX Font Warning: Font shape `TU/phv/b/n' undefined
(Font)              using `TU/phv/bx/n' instead on input line 230.


LaTeX Font Warning: Font shape `TU/phv/b/n' undefined
(Font)              using `TU/phv/bx/n' instead on input line 230.


LaTeX Font Warning: Font shape `TU/phv/b/n' undefined
(Font)              using `TU/phv/bx/n' instead on input line 230.

[9]

LaTeX Font Warning: Font shape `TU/phv/b/n' undefined
(Font)              using `TU/phv/bx/n' instead on input line 230.


LaTeX Font Warning: Font shape `TU/phv/b/n' undefined
(Font)              using `TU/phv/bx/n' instead on input line 230.


LaTeX Font Warning: Font shape `TU/phv/b/n' undefined
(Font)              using `TU/phv/bx/n' instead on input line 230.

[10

]
Chapter 2.

LaTeX Font Warning: Font shape `TU/phv/b/n' undefined
(Font)              using `TU/phv/bx/n' instead on input line 230.

(./namespaces.tex

LaTeX Font Warning: Font shape `TU/phv/b/n' undefined
(Font)              using `TU/phv/bx/n' instead on input line 1.

)

LaTeX Font Warning: Font shape `TU/phv/b/n' undefined
(Font)              using `TU/phv/bx/n' instead on input line 232.

[11]

LaTeX Font Warning: Font shape `TU/phv/b/n' undefined
(Font)              using `TU/phv/bx/n' instead on input line 232.


LaTeX Font Warning: Font shape `TU/phv/b/n' undefined
(Font)              using `TU/phv/bx/n' instead on input line 232.


LaTeX Font Warning: Font shape `TU/phv/b/n' undefined
(Font)              using `TU/phv/bx/n' instead on input line 232.

[12

]
Chapter 3.

LaTeX Font Warning: Font shape `TU/phv/b/n' undefined
(Font)              using `TU/phv/bx/n' instead on input line 232.

(./hierarchy.tex

LaTeX Font Warning: Font shape `TU/phv/b/n' undefined
(Font)              using `TU/phv/bx/n' instead on input line 1.


LaTeX Font Warning: Font shape `TU/phv/b/n' undefined
(Font)              using `TU/phv/bx/n' instead on input line 52.

[13]

LaTeX Font Warning: Font shape `TU/phv/b/n' undefined
(Font)              using `TU/phv/bx/n' instead on input line 137.


LaTeX Font Warning: Font shape `TU/phv/b/n' undefined
(Font)              using `TU/phv/bx/n' instead on input line 137.


LaTeX Font Warning: Font shape `TU/phv/b/n' undefined
(Font)              using `TU/phv/bx/n' instead on input line 137.

[14])

LaTeX Font Warning: Font shape `TU/phv/b/n' undefined
(Font)              using `TU/phv/bx/n' instead on input line 234.


LaTeX Font Warning: Font shape `TU/phv/b/n' undefined
(Font)              using `TU/phv/bx/n' instead on input line 234.


LaTeX Font Warning: Font shape `TU/phv/b/n' undefined
(Font)              using `TU/phv/bx/n' instead on input line 234.

[15]

LaTeX Font Warning: Font shape `TU/phv/b/n' undefined
(Font)              using `TU/phv/bx/n' instead on input line 234.


LaTeX Font Warning: Font shape `TU/phv/b/n' undefined
(Font)              using `TU/phv/bx/n' instead on input line 234.


LaTeX Font Warning: Font shape `TU/phv/b/n' undefined
(Font)              using `TU/phv/bx/n' instead on input line 234.

[16

]
Chapter 4.

LaTeX Font Warning: Font shape `TU/phv/b/n' undefined
(Font)              using `TU/phv/bx/n' instead on input line 234.

(./annotated.tex

LaTeX Font Warning: Font shape `TU/phv/b/n' undefined
(Font)              using `TU/phv/bx/n' instead on input line 1.


LaTeX Font Warning: Font shape `TU/phv/b/n' undefined
(Font)              using `TU/phv/bx/n' instead on input line 42.

[17]

LaTeX Font Warning: Font shape `TU/phv/b/n' undefined
(Font)              using `TU/phv/bx/n' instead on input line 97.


LaTeX Font Warning: Font shape `TU/phv/b/n' undefined
(Font)              using `TU/phv/bx/n' instead on input line 97.


LaTeX Font Warning: Font shape `TU/phv/b/n' undefined
(Font)              using `TU/phv/bx/n' instead on input line 97.

[18])

LaTeX Font Warning: Font shape `TU/phv/b/n' undefined
(Font)              using `TU/phv/bx/n' instead on input line 236.


LaTeX Font Warning: Font shape `TU/phv/b/n' undefined
(Font)              using `TU/phv/bx/n' instead on input line 236.


LaTeX Font Warning: Font shape `TU/phv/b/n' undefined
(Font)              using `TU/phv/bx/n' instead on input line 236.

[19]

LaTeX Font Warning: Font shape `TU/phv/b/n' undefined
(Font)              using `TU/phv/bx/n' instead on input line 236.


LaTeX Font Warning: Font shape `TU/phv/b/n' undefined
(Font)              using `TU/phv/bx/n' instead on input line 236.


LaTeX Font Warning: Font shape `TU/phv/b/n' undefined
(Font)              using `TU/phv/bx/n' instead on input line 236.

[20

]
Chapter 5.

LaTeX Font Warning: Font shape `TU/phv/b/n' undefined
(Font)              using `TU/phv/bx/n' instead on input line 236.

(./files.tex

LaTeX Font Warning: Font shape `TU/phv/b/n' undefined
(Font)              using `TU/phv/bx/n' instead on input line 1.


LaTeX Font Warning: Font shape `TU/phv/b/n' undefined
(Font)              using `TU/phv/bx/n' instead on input line 42.

[21]
Underfull \hbox (badness 10000) in paragraph at lines 43--43
 []  
 []


Underfull \hbox (badness 10000) in paragraph at lines 44--44
 []  
 []

)

LaTeX Font Warning: Font shape `TU/phv/b/n' undefined
(Font)              using `TU/phv/bx/n' instead on input line 238.


LaTeX Font Warning: Font shape `TU/phv/b/n' undefined
(Font)              using `TU/phv/bx/n' instead on input line 238.


LaTeX Font Warning: Font shape `TU/phv/b/n' undefined
(Font)              using `TU/phv/bx/n' instead on input line 238.

[22]
Chapter 6.

LaTeX Font Warning: Font shape `TU/phv/b/n' undefined
(Font)              using `TU/phv/bx/n' instead on input line 238.

(./dir_a4c1effa767ecb2173cde19463c05fa2.tex

LaTeX Font Warning: Font shape `TU/phv/b/n' undefined
(Font)              using `TU/phv/bx/n' instead on input line 1.

File: dir_a4c1effa767ecb2173cde19463c05fa2_dep.pdf Graphic file (type pdf)
<use dir_a4c1effa767ecb2173cde19463c05fa2_dep.pdf>

LaTeX Font Warning: Font shape `TU/phv/b/n' undefined
(Font)              using `TU/phv/bx/n' instead on input line 11.

) (./dir_ecdefae810338884e9943f32bf760238.tex

LaTeX Font Warning: Font shape `TU/phv/b/n' undefined
(Font)              using `TU/phv/bx/n' instead on input line 1.

File: dir_ecdefae810338884e9943f32bf760238_dep.pdf Graphic file (type pdf)
<use dir_ecdefae810338884e9943f32bf760238_dep.pdf>

LaTeX Font Warning: Font shape `TU/phv/b/n' undefined
(Font)              using `TU/phv/bx/n' instead on input line 11.

[23

]

LaTeX Font Warning: Font shape `TU/phv/b/n' undefined
(Font)              using `TU/phv/bx/n' instead on input line 11.

) (./dir_d422163b96683743ed3963d4aac17747.tex

LaTeX Font Warning: Font shape `TU/phv/b/n' undefined
(Font)              using `TU/phv/bx/n' instead on input line 1.


LaTeX Font Warning: Font shape `TU/phv/b/n' undefined
(Font)              using `TU/phv/bx/n' instead on input line 3.

) (./dir_853e1f79f38addeed1cc510fc91707e9.tex

LaTeX Font Warning: Font shape `TU/phv/b/n' undefined
(Font)              using `TU/phv/bx/n' instead on input line 1.

File: dir_853e1f79f38addeed1cc510fc91707e9_dep.pdf Graphic file (type pdf)
<use dir_853e1f79f38addeed1cc510fc91707e9_dep.pdf>

LaTeX Font Warning: Font shape `TU/phv/b/n' undefined
(Font)              using `TU/phv/bx/n' instead on input line 11.

) (./dir_8c739bbef76d64b22d6b0911c526dd76.tex

LaTeX Font Warning: Font shape `TU/phv/b/n' undefined
(Font)              using `TU/phv/bx/n' instead on input line 1.


LaTeX Font Warning: Font shape `TU/phv/b/n' undefined
(Font)              using `TU/phv/bx/n' instead on input line 3.


LaTeX Font Warning: Font shape `TU/phv/b/n' undefined
(Font)              using `TU/phv/bx/n' instead on input line 8.


LaTeX Font Warning: Font shape `TU/phv/b/n' undefined
(Font)              using `TU/phv/bx/n' instead on input line 8.


LaTeX Font Warning: Font shape `TU/phv/b/n' undefined
(Font)              using `TU/phv/bx/n' instead on input line 8.

[24]) (./dir_08519f2145576a142a5309ce0aaf0c55.tex

LaTeX Font Warning: Font shape `TU/phv/b/n' undefined
(Font)              using `TU/phv/bx/n' instead on input line 1.

File: dir_08519f2145576a142a5309ce0aaf0c55_dep.pdf Graphic file (type pdf)
<use dir_08519f2145576a142a5309ce0aaf0c55_dep.pdf>

LaTeX Font Warning: Font shape `TU/phv/b/n' undefined
(Font)              using `TU/phv/bx/n' instead on input line 11.

) (./dir_66d6b396d041e9d22c2bad7640ac9334.tex

LaTeX Font Warning: Font shape `TU/phv/b/n' undefined
(Font)              using `TU/phv/bx/n' instead on input line 1.

File: dir_66d6b396d041e9d22c2bad7640ac9334_dep.pdf Graphic file (type pdf)
<use dir_66d6b396d041e9d22c2bad7640ac9334_dep.pdf>

LaTeX Font Warning: Font shape `TU/phv/b/n' undefined
(Font)              using `TU/phv/bx/n' instead on input line 11.


LaTeX Font Warning: Font shape `TU/phv/b/n' undefined
(Font)              using `TU/phv/bx/n' instead on input line 11.


LaTeX Font Warning: Font shape `TU/phv/b/n' undefined
(Font)              using `TU/phv/bx/n' instead on input line 11.

[25]

LaTeX Font Warning: Font shape `TU/phv/b/n' undefined
(Font)              using `TU/phv/bx/n' instead on input line 11.

) (./dir_fbdd3fdd2665edceb5ec3c06222e773d.tex

LaTeX Font Warning: Font shape `TU/phv/b/n' undefined
(Font)              using `TU/phv/bx/n' instead on input line 1.

File: dir_fbdd3fdd2665edceb5ec3c06222e773d_dep.pdf Graphic file (type pdf)
<use dir_fbdd3fdd2665edceb5ec3c06222e773d_dep.pdf>

LaTeX Font Warning: Font shape `TU/phv/b/n' undefined
(Font)              using `TU/phv/bx/n' instead on input line 11.

) (./dir_d9d27b9599f5a4d7712e596cb4055dcf.tex

LaTeX Font Warning: Font shape `TU/phv/b/n' undefined
(Font)              using `TU/phv/bx/n' instead on input line 1.

File: dir_d9d27b9599f5a4d7712e596cb4055dcf_dep.pdf Graphic file (type pdf)
<use dir_d9d27b9599f5a4d7712e596cb4055dcf_dep.pdf>

LaTeX Font Warning: Font shape `TU/phv/b/n' undefined
(Font)              using `TU/phv/bx/n' instead on input line 11.


LaTeX Font Warning: Font shape `TU/phv/b/n' undefined
(Font)              using `TU/phv/bx/n' instead on input line 11.


LaTeX Font Warning: Font shape `TU/phv/b/n' undefined
(Font)              using `TU/phv/bx/n' instead on input line 11.

[26]

LaTeX Font Warning: Font shape `TU/phv/b/n' undefined
(Font)              using `TU/phv/bx/n' instead on input line 11.

) (./dir_aaa84d8d19fee3cc757479bf25cc3c50.tex

LaTeX Font Warning: Font shape `TU/phv/b/n' undefined
(Font)              using `TU/phv/bx/n' instead on input line 1.

File: dir_aaa84d8d19fee3cc757479bf25cc3c50_dep.pdf Graphic file (type pdf)
<use dir_aaa84d8d19fee3cc757479bf25cc3c50_dep.pdf>

LaTeX Font Warning: Font shape `TU/phv/b/n' undefined
(Font)              using `TU/phv/bx/n' instead on input line 11.

) (./dir_88ad2a25cce09b934e499d56398f751a.tex

LaTeX Font Warning: Font shape `TU/phv/b/n' undefined
(Font)              using `TU/phv/bx/n' instead on input line 1.

File: dir_88ad2a25cce09b934e499d56398f751a_dep.pdf Graphic file (type pdf)
<use dir_88ad2a25cce09b934e499d56398f751a_dep.pdf>

LaTeX Font Warning: Font shape `TU/phv/b/n' undefined
(Font)              using `TU/phv/bx/n' instead on input line 11.


LaTeX Font Warning: Font shape `TU/phv/b/n' undefined
(Font)              using `TU/phv/bx/n' instead on input line 11.


LaTeX Font Warning: Font shape `TU/phv/b/n' undefined
(Font)              using `TU/phv/bx/n' instead on input line 11.

[27]

LaTeX Font Warning: Font shape `TU/phv/b/n' undefined
(Font)              using `TU/phv/bx/n' instead on input line 11.

) (./dir_7b1b752e33f4c697129d09f7df078c04.tex

LaTeX Font Warning: Font shape `TU/phv/b/n' undefined
(Font)              using `TU/phv/bx/n' instead on input line 1.

File: dir_7b1b752e33f4c697129d09f7df078c04_dep.pdf Graphic file (type pdf)
<use dir_7b1b752e33f4c697129d09f7df078c04_dep.pdf>

LaTeX Font Warning: Font shape `TU/phv/b/n' undefined
(Font)              using `TU/phv/bx/n' instead on input line 11.


LaTeX Font Warning: Font shape `TU/phv/b/n' undefined
(Font)              using `TU/phv/bx/n' instead on input line 11.


LaTeX Font Warning: Font shape `TU/phv/b/n' undefined
(Font)              using `TU/phv/bx/n' instead on input line 11.

[28]

LaTeX Font Warning: Font shape `TU/phv/b/n' undefined
(Font)              using `TU/phv/bx/n' instead on input line 11.

)

LaTeX Font Warning: Font shape `TU/phv/b/n' undefined
(Font)              using `TU/phv/bx/n' instead on input line 251.


LaTeX Font Warning: Font shape `TU/phv/b/n' undefined
(Font)              using `TU/phv/bx/n' instead on input line 251.


LaTeX Font Warning: Font shape `TU/phv/b/n' undefined
(Font)              using `TU/phv/bx/n' instead on input line 251.

[29]

LaTeX Font Warning: Font shape `TU/phv/b/n' undefined
(Font)              using `TU/phv/bx/n' instead on input line 251.


LaTeX Font Warning: Font shape `TU/phv/b/n' undefined
(Font)              using `TU/phv/bx/n' instead on input line 251.


LaTeX Font Warning: Font shape `TU/phv/b/n' undefined
(Font)              using `TU/phv/bx/n' instead on input line 251.

[30

]
Chapter 7.

LaTeX Font Warning: Font shape `TU/phv/b/n' undefined
(Font)              using `TU/phv/bx/n' instead on input line 251.

(./namespaceAddressAdapter.tex

LaTeX Font Warning: Font shape `TU/phv/b/n' undefined
(Font)              using `TU/phv/bx/n' instead on input line 1.


LaTeX Font Warning: Font shape `TU/phv/b/n' undefined
(Font)              using `TU/phv/bx/n' instead on input line 3.

) (./namespaceAddressAdapter_1_1AddressViewHolder.tex

LaTeX Font Warning: Font shape `TU/phv/b/n' undefined
(Font)              using `TU/phv/bx/n' instead on input line 1.

) (./namespaceApiService.tex

LaTeX Font Warning: Font shape `TU/phv/b/n' undefined
(Font)              using `TU/phv/bx/n' instead on input line 1.

) (./namespaceAppCompatActivity.tex

LaTeX Font Warning: Font shape `TU/phv/b/n' undefined
(Font)              using `TU/phv/bx/n' instead on input line 1.


LaTeX Font Warning: Font shape `TU/phv/b/n' undefined
(Font)              using `TU/phv/bx/n' instead on input line 3.


LaTeX Font Warning: Font shape `TU/phv/b/n' undefined
(Font)              using `TU/phv/bx/n' instead on input line 44.


LaTeX Font Warning: Font shape `TU/phv/b/n' undefined
(Font)              using `TU/phv/bx/n' instead on input line 55.

[31]

LaTeX Font Warning: Font shape `TU/phv/b/n' undefined
(Font)              using `TU/phv/bx/n' instead on input line 101.


LaTeX Font Warning: Font shape `TU/phv/b/n' undefined
(Font)              using `TU/phv/bx/n' instead on input line 104.


LaTeX Font Warning: Font shape `TU/pcr/m/it' undefined
(Font)              using `TU/pcr/m/n' instead on input line 106.


LaTeX Font Warning: Font shape `TU/phv/b/n' undefined
(Font)              using `TU/phv/bx/n' instead on input line 116.


LaTeX Font Warning: Font shape `TU/phv/b/n' undefined
(Font)              using `TU/phv/bx/n' instead on input line 116.


LaTeX Font Warning: Font shape `TU/phv/m/it' undefined
(Font)              using `TU/phv/m/n' instead on input line 116.


LaTeX Font Warning: Font shape `TU/phv/b/n' undefined
(Font)              using `TU/phv/bx/n' instead on input line 116.


LaTeX Font Warning: Font shape `TU/phv/b/n' undefined
(Font)              using `TU/phv/bx/n' instead on input line 116.


LaTeX Font Warning: Font shape `TU/phv/b/n' undefined
(Font)              using `TU/phv/bx/n' instead on input line 116.


LaTeX Font Warning: Font shape `TU/phv/b/n' undefined
(Font)              using `TU/phv/bx/n' instead on input line 116.


LaTeX Font Warning: Font shape `TU/phv/b/n' undefined
(Font)              using `TU/phv/bx/n' instead on input line 116.


LaTeX Font Warning: Font shape `TU/phv/b/n' undefined
(Font)              using `TU/phv/bx/n' instead on input line 116.


LaTeX Font Warning: Font shape `TU/phv/b/n' undefined
(Font)              using `TU/phv/bx/n' instead on input line 116.


LaTeX Font Warning: Font shape `TU/phv/b/n' undefined
(Font)              using `TU/phv/bx/n' instead on input line 116.


LaTeX Font Warning: Font shape `TU/phv/b/n' undefined
(Font)              using `TU/phv/bx/n' instead on input line 138.


LaTeX Font Warning: Font shape `TU/phv/b/n' undefined
(Font)              using `TU/phv/bx/n' instead on input line 138.


LaTeX Font Warning: Font shape `TU/phv/b/n' undefined
(Font)              using `TU/phv/bx/n' instead on input line 138.

[32]

LaTeX Font Warning: Font shape `TU/phv/b/n' undefined
(Font)              using `TU/phv/bx/n' instead on input line 150.


LaTeX Font Warning: Font shape `TU/phv/b/n' undefined
(Font)              using `TU/phv/bx/n' instead on input line 168.


LaTeX Font Warning: Font shape `TU/phv/b/n' undefined
(Font)              using `TU/phv/bx/n' instead on input line 168.


LaTeX Font Warning: Font shape `TU/phv/b/n' undefined
(Font)              using `TU/phv/bx/n' instead on input line 168.


LaTeX Font Warning: Font shape `TU/phv/b/n' undefined
(Font)              using `TU/phv/bx/n' instead on input line 168.


LaTeX Font Warning: Font shape `TU/phv/b/n' undefined
(Font)              using `TU/phv/bx/n' instead on input line 168.


LaTeX Font Warning: Font shape `TU/phv/b/n' undefined
(Font)              using `TU/phv/bx/n' instead on input line 168.


LaTeX Font Warning: Font shape `TU/phv/b/n' undefined
(Font)              using `TU/phv/bx/n' instead on input line 168.


LaTeX Font Warning: Font shape `TU/phv/b/n' undefined
(Font)              using `TU/phv/bx/n' instead on input line 168.


LaTeX Font Warning: Font shape `TU/phv/b/n' undefined
(Font)              using `TU/phv/bx/n' instead on input line 168.


LaTeX Font Warning: Font shape `TU/phv/b/n' undefined
(Font)              using `TU/phv/bx/n' instead on input line 168.


LaTeX Font Warning: Font shape `TU/phv/b/n' undefined
(Font)              using `TU/phv/bx/n' instead on input line 192.

LaTeX Font Info:    Font shape `TU/latinmodern-math.otf(2)/m/n' will be
(Font)              scaled to size 8.00085pt on input line 194.
LaTeX Font Info:    Font shape `TU/latinmodern-math.otf(2)/m/n' will be
(Font)              scaled to size 6.00064pt on input line 194.
LaTeX Font Info:    Font shape `TU/latinmodern-math.otf(3)/m/n' will be
(Font)              scaled to size 7.99915pt on input line 194.
LaTeX Font Info:    Font shape `TU/latinmodern-math.otf(3)/m/n' will be
(Font)              scaled to size 5.99936pt on input line 194.

LaTeX Font Warning: Font shape `TU/phv/b/n' undefined
(Font)              using `TU/phv/bx/n' instead on input line 204.


LaTeX Font Warning: Font shape `TU/phv/b/n' undefined
(Font)              using `TU/phv/bx/n' instead on input line 204.


LaTeX Font Warning: Font shape `TU/phv/b/n' undefined
(Font)              using `TU/phv/bx/n' instead on input line 204.


LaTeX Font Warning: Font shape `TU/phv/b/n' undefined
(Font)              using `TU/phv/bx/n' instead on input line 204.


LaTeX Font Warning: Font shape `TU/phv/b/n' undefined
(Font)              using `TU/phv/bx/n' instead on input line 204.


LaTeX Font Warning: Font shape `TU/phv/b/n' undefined
(Font)              using `TU/phv/bx/n' instead on input line 204.


LaTeX Font Warning: Font shape `TU/phv/b/n' undefined
(Font)              using `TU/phv/bx/n' instead on input line 204.


LaTeX Font Warning: Font shape `TU/phv/b/n' undefined
(Font)              using `TU/phv/bx/n' instead on input line 204.


LaTeX Font Warning: Font shape `TU/phv/b/n' undefined
(Font)              using `TU/phv/bx/n' instead on input line 204.


LaTeX Font Warning: Font shape `TU/phv/b/n' undefined
(Font)              using `TU/phv/bx/n' instead on input line 204.


LaTeX Font Warning: Font shape `TU/phv/b/n' undefined
(Font)              using `TU/phv/bx/n' instead on input line 204.

[33]

LaTeX Font Warning: Font shape `TU/phv/b/n' undefined
(Font)              using `TU/phv/bx/n' instead on input line 204.


LaTeX Font Warning: Font shape `TU/phv/b/n' undefined
(Font)              using `TU/phv/bx/n' instead on input line 204.


LaTeX Font Warning: Font shape `TU/phv/b/n' undefined
(Font)              using `TU/phv/bx/n' instead on input line 233.


LaTeX Font Warning: Font shape `TU/phv/b/n' undefined
(Font)              using `TU/phv/bx/n' instead on input line 253.


LaTeX Font Warning: Font shape `TU/phv/b/n' undefined
(Font)              using `TU/phv/bx/n' instead on input line 273.


LaTeX Font Warning: Font shape `TU/pcr/bx/n' undefined
(Font)              using `TU/pcr/m/n' instead on input line 273.


LaTeX Font Warning: Font shape `TU/phv/b/n' undefined
(Font)              using `TU/phv/bx/n' instead on input line 292.


LaTeX Font Warning: Font shape `TU/phv/b/n' undefined
(Font)              using `TU/phv/bx/n' instead on input line 295.


LaTeX Font Warning: Font shape `TU/phv/b/n' undefined
(Font)              using `TU/phv/bx/n' instead on input line 295.


LaTeX Font Warning: Font shape `TU/phv/b/n' undefined
(Font)              using `TU/phv/bx/n' instead on input line 295.

[34]

LaTeX Font Warning: Font shape `TU/phv/b/n' undefined
(Font)              using `TU/phv/bx/n' instead on input line 309.


LaTeX Font Warning: Font shape `TU/phv/b/n' undefined
(Font)              using `TU/phv/bx/n' instead on input line 354.


LaTeX Font Warning: Font shape `TU/phv/b/n' undefined
(Font)              using `TU/phv/bx/n' instead on input line 374.


LaTeX Font Warning: Font shape `TU/phv/b/n' undefined
(Font)              using `TU/phv/bx/n' instead on input line 374.


LaTeX Font Warning: Font shape `TU/phv/b/n' undefined
(Font)              using `TU/phv/bx/n' instead on input line 374.


LaTeX Font Warning: Font shape `TU/phv/b/n' undefined
(Font)              using `TU/phv/bx/n' instead on input line 374.


LaTeX Font Warning: Font shape `TU/phv/b/n' undefined
(Font)              using `TU/phv/bx/n' instead on input line 374.


LaTeX Font Warning: Font shape `TU/phv/b/n' undefined
(Font)              using `TU/phv/bx/n' instead on input line 374.


LaTeX Font Warning: Font shape `TU/phv/b/n' undefined
(Font)              using `TU/phv/bx/n' instead on input line 374.


LaTeX Font Warning: Font shape `TU/phv/b/n' undefined
(Font)              using `TU/phv/bx/n' instead on input line 374.


LaTeX Font Warning: Font shape `TU/phv/b/n' undefined
(Font)              using `TU/phv/bx/n' instead on input line 374.


LaTeX Font Warning: Font shape `TU/phv/b/n' undefined
(Font)              using `TU/phv/bx/n' instead on input line 374.


LaTeX Font Warning: Font shape `TU/phv/b/n' undefined
(Font)              using `TU/phv/bx/n' instead on input line 374.

[35]

LaTeX Font Warning: Font shape `TU/phv/b/n' undefined
(Font)              using `TU/phv/bx/n' instead on input line 374.


LaTeX Font Warning: Font shape `TU/phv/b/n' undefined
(Font)              using `TU/phv/bx/n' instead on input line 374.


LaTeX Font Warning: Font shape `TU/phv/b/n' undefined
(Font)              using `TU/phv/bx/n' instead on input line 383.


LaTeX Font Warning: Font shape `TU/phv/b/n' undefined
(Font)              using `TU/phv/bx/n' instead on input line 383.


LaTeX Font Warning: Font shape `TU/phv/b/n' undefined
(Font)              using `TU/phv/bx/n' instead on input line 383.


LaTeX Font Warning: Font shape `TU/phv/b/n' undefined
(Font)              using `TU/phv/bx/n' instead on input line 383.


LaTeX Font Warning: Font shape `TU/phv/b/n' undefined
(Font)              using `TU/phv/bx/n' instead on input line 383.


LaTeX Font Warning: Font shape `TU/phv/b/n' undefined
(Font)              using `TU/phv/bx/n' instead on input line 383.


LaTeX Font Warning: Font shape `TU/phv/b/n' undefined
(Font)              using `TU/phv/bx/n' instead on input line 383.


LaTeX Font Warning: Font shape `TU/phv/b/n' undefined
(Font)              using `TU/phv/bx/n' instead on input line 383.


LaTeX Font Warning: Font shape `TU/phv/b/n' undefined
(Font)              using `TU/phv/bx/n' instead on input line 383.


LaTeX Font Warning: Font shape `TU/phv/b/n' undefined
(Font)              using `TU/phv/bx/n' instead on input line 383.


LaTeX Font Warning: Font shape `TU/phv/b/n' undefined
(Font)              using `TU/phv/bx/n' instead on input line 392.


LaTeX Font Warning: Font shape `TU/phv/b/n' undefined
(Font)              using `TU/phv/bx/n' instead on input line 392.


LaTeX Font Warning: Font shape `TU/phv/b/n' undefined
(Font)              using `TU/phv/bx/n' instead on input line 392.


LaTeX Font Warning: Font shape `TU/phv/b/n' undefined
(Font)              using `TU/phv/bx/n' instead on input line 392.


LaTeX Font Warning: Font shape `TU/phv/b/n' undefined
(Font)              using `TU/phv/bx/n' instead on input line 392.


LaTeX Font Warning: Font shape `TU/phv/b/n' undefined
(Font)              using `TU/phv/bx/n' instead on input line 392.


LaTeX Font Warning: Font shape `TU/phv/b/n' undefined
(Font)              using `TU/phv/bx/n' instead on input line 392.


LaTeX Font Warning: Font shape `TU/phv/b/n' undefined
(Font)              using `TU/phv/bx/n' instead on input line 392.


LaTeX Font Warning: Font shape `TU/phv/b/n' undefined
(Font)              using `TU/phv/bx/n' instead on input line 392.


LaTeX Font Warning: Font shape `TU/phv/b/n' undefined
(Font)              using `TU/phv/bx/n' instead on input line 392.


LaTeX Font Warning: Font shape `TU/phv/b/n' undefined
(Font)              using `TU/phv/bx/n' instead on input line 401.


LaTeX Font Warning: Font shape `TU/phv/b/n' undefined
(Font)              using `TU/phv/bx/n' instead on input line 401.


LaTeX Font Warning: Font shape `TU/phv/b/n' undefined
(Font)              using `TU/phv/bx/n' instead on input line 401.


LaTeX Font Warning: Font shape `TU/phv/b/n' undefined
(Font)              using `TU/phv/bx/n' instead on input line 401.


LaTeX Font Warning: Font shape `TU/phv/b/n' undefined
(Font)              using `TU/phv/bx/n' instead on input line 401.


LaTeX Font Warning: Font shape `TU/phv/b/n' undefined
(Font)              using `TU/phv/bx/n' instead on input line 401.


LaTeX Font Warning: Font shape `TU/phv/b/n' undefined
(Font)              using `TU/phv/bx/n' instead on input line 401.


LaTeX Font Warning: Font shape `TU/phv/b/n' undefined
(Font)              using `TU/phv/bx/n' instead on input line 401.


LaTeX Font Warning: Font shape `TU/phv/b/n' undefined
(Font)              using `TU/phv/bx/n' instead on input line 401.


LaTeX Font Warning: Font shape `TU/phv/b/n' undefined
(Font)              using `TU/phv/bx/n' instead on input line 401.


LaTeX Font Warning: Font shape `TU/phv/b/n' undefined
(Font)              using `TU/phv/bx/n' instead on input line 410.


LaTeX Font Warning: Font shape `TU/phv/b/n' undefined
(Font)              using `TU/phv/bx/n' instead on input line 410.


LaTeX Font Warning: Font shape `TU/phv/b/n' undefined
(Font)              using `TU/phv/bx/n' instead on input line 410.


LaTeX Font Warning: Font shape `TU/phv/b/n' undefined
(Font)              using `TU/phv/bx/n' instead on input line 410.


LaTeX Font Warning: Font shape `TU/phv/b/n' undefined
(Font)              using `TU/phv/bx/n' instead on input line 410.


LaTeX Font Warning: Font shape `TU/phv/b/n' undefined
(Font)              using `TU/phv/bx/n' instead on input line 410.


LaTeX Font Warning: Font shape `TU/phv/b/n' undefined
(Font)              using `TU/phv/bx/n' instead on input line 410.


LaTeX Font Warning: Font shape `TU/phv/b/n' undefined
(Font)              using `TU/phv/bx/n' instead on input line 410.


LaTeX Font Warning: Font shape `TU/phv/b/n' undefined
(Font)              using `TU/phv/bx/n' instead on input line 410.


LaTeX Font Warning: Font shape `TU/phv/b/n' undefined
(Font)              using `TU/phv/bx/n' instead on input line 410.


LaTeX Font Warning: Font shape `TU/phv/b/n' undefined
(Font)              using `TU/phv/bx/n' instead on input line 438.


LaTeX Font Warning: Font shape `TU/phv/b/n' undefined
(Font)              using `TU/phv/bx/n' instead on input line 441.


LaTeX Font Warning: Font shape `TU/phv/b/n' undefined
(Font)              using `TU/phv/bx/n' instead on input line 441.


LaTeX Font Warning: Font shape `TU/phv/b/n' undefined
(Font)              using `TU/phv/bx/n' instead on input line 441.

[36]

LaTeX Font Warning: Font shape `TU/phv/b/n' undefined
(Font)              using `TU/phv/bx/n' instead on input line 448.


LaTeX Font Warning: Font shape `TU/phv/b/n' undefined
(Font)              using `TU/phv/bx/n' instead on input line 448.


LaTeX Font Warning: Font shape `TU/phv/b/n' undefined
(Font)              using `TU/phv/bx/n' instead on input line 448.


LaTeX Font Warning: Font shape `TU/phv/b/n' undefined
(Font)              using `TU/phv/bx/n' instead on input line 448.


LaTeX Font Warning: Font shape `TU/phv/b/n' undefined
(Font)              using `TU/phv/bx/n' instead on input line 448.


LaTeX Font Warning: Font shape `TU/phv/b/n' undefined
(Font)              using `TU/phv/bx/n' instead on input line 448.


LaTeX Font Warning: Font shape `TU/phv/b/n' undefined
(Font)              using `TU/phv/bx/n' instead on input line 448.


LaTeX Font Warning: Font shape `TU/phv/b/n' undefined
(Font)              using `TU/phv/bx/n' instead on input line 448.


LaTeX Font Warning: Font shape `TU/phv/b/n' undefined
(Font)              using `TU/phv/bx/n' instead on input line 448.


LaTeX Font Warning: Font shape `TU/phv/b/n' undefined
(Font)              using `TU/phv/bx/n' instead on input line 448.


LaTeX Font Warning: Font shape `TU/phv/b/n' undefined
(Font)              using `TU/phv/bx/n' instead on input line 468.


LaTeX Font Warning: Font shape `TU/phv/b/n' undefined
(Font)              using `TU/phv/bx/n' instead on input line 497.


LaTeX Font Warning: Font shape `TU/phv/bc/n' undefined
(Font)              using `TU/phv/m/n' instead on input line 505.


Underfull \hbox (badness 10000) detected at line 505
[][][]
 []


LaTeX Font Warning: Font shape `TU/phv/b/n' undefined
(Font)              using `TU/phv/bx/n' instead on input line 516.


LaTeX Font Warning: Font shape `TU/phv/b/n' undefined
(Font)              using `TU/phv/bx/n' instead on input line 516.


LaTeX Font Warning: Font shape `TU/phv/b/n' undefined
(Font)              using `TU/phv/bx/n' instead on input line 516.


LaTeX Font Warning: Font shape `TU/phv/b/n' undefined
(Font)              using `TU/phv/bx/n' instead on input line 516.


LaTeX Font Warning: Font shape `TU/phv/b/n' undefined
(Font)              using `TU/phv/bx/n' instead on input line 516.


LaTeX Font Warning: Font shape `TU/phv/b/n' undefined
(Font)              using `TU/phv/bx/n' instead on input line 516.


LaTeX Font Warning: Font shape `TU/phv/b/n' undefined
(Font)              using `TU/phv/bx/n' instead on input line 516.


LaTeX Font Warning: Font shape `TU/phv/b/n' undefined
(Font)              using `TU/phv/bx/n' instead on input line 516.


LaTeX Font Warning: Font shape `TU/phv/b/n' undefined
(Font)              using `TU/phv/bx/n' instead on input line 516.


LaTeX Font Warning: Font shape `TU/phv/b/n' undefined
(Font)              using `TU/phv/bx/n' instead on input line 516.


LaTeX Font Warning: Font shape `TU/phv/b/n' undefined
(Font)              using `TU/phv/bx/n' instead on input line 516.

[37]

LaTeX Font Warning: Font shape `TU/phv/b/n' undefined
(Font)              using `TU/phv/bx/n' instead on input line 516.


LaTeX Font Warning: Font shape `TU/phv/b/n' undefined
(Font)              using `TU/phv/bx/n' instead on input line 516.


LaTeX Font Warning: Font shape `TU/phv/b/n' undefined
(Font)              using `TU/phv/bx/n' instead on input line 549.


LaTeX Font Warning: Font shape `TU/phv/b/n' undefined
(Font)              using `TU/phv/bx/n' instead on input line 561.


LaTeX Font Warning: Font shape `TU/phv/b/n' undefined
(Font)              using `TU/phv/bx/n' instead on input line 561.


LaTeX Font Warning: Font shape `TU/phv/b/n' undefined
(Font)              using `TU/phv/bx/n' instead on input line 561.


LaTeX Font Warning: Font shape `TU/phv/b/n' undefined
(Font)              using `TU/phv/bx/n' instead on input line 561.


LaTeX Font Warning: Font shape `TU/phv/b/n' undefined
(Font)              using `TU/phv/bx/n' instead on input line 561.


LaTeX Font Warning: Font shape `TU/phv/b/n' undefined
(Font)              using `TU/phv/bx/n' instead on input line 561.


LaTeX Font Warning: Font shape `TU/phv/b/n' undefined
(Font)              using `TU/phv/bx/n' instead on input line 561.


LaTeX Font Warning: Font shape `TU/phv/b/n' undefined
(Font)              using `TU/phv/bx/n' instead on input line 561.


LaTeX Font Warning: Font shape `TU/phv/b/n' undefined
(Font)              using `TU/phv/bx/n' instead on input line 561.


LaTeX Font Warning: Font shape `TU/phv/b/n' undefined
(Font)              using `TU/phv/bx/n' instead on input line 561.


LaTeX Font Warning: Font shape `TU/phv/b/n' undefined
(Font)              using `TU/phv/bx/n' instead on input line 595.


LaTeX Font Warning: Font shape `TU/phv/b/n' undefined
(Font)              using `TU/phv/bx/n' instead on input line 598.


LaTeX Font Warning: Font shape `TU/phv/b/n' undefined
(Font)              using `TU/phv/bx/n' instead on input line 598.


LaTeX Font Warning: Font shape `TU/phv/b/n' undefined
(Font)              using `TU/phv/bx/n' instead on input line 598.

[38]

LaTeX Font Warning: Font shape `TU/phv/b/n' undefined
(Font)              using `TU/phv/bx/n' instead on input line 607.


LaTeX Font Warning: Font shape `TU/phv/b/n' undefined
(Font)              using `TU/phv/bx/n' instead on input line 607.


LaTeX Font Warning: Font shape `TU/phv/b/n' undefined
(Font)              using `TU/phv/bx/n' instead on input line 607.


LaTeX Font Warning: Font shape `TU/phv/b/n' undefined
(Font)              using `TU/phv/bx/n' instead on input line 607.


LaTeX Font Warning: Font shape `TU/phv/b/n' undefined
(Font)              using `TU/phv/bx/n' instead on input line 607.


LaTeX Font Warning: Font shape `TU/phv/b/n' undefined
(Font)              using `TU/phv/bx/n' instead on input line 607.


LaTeX Font Warning: Font shape `TU/phv/b/n' undefined
(Font)              using `TU/phv/bx/n' instead on input line 607.


LaTeX Font Warning: Font shape `TU/phv/b/n' undefined
(Font)              using `TU/phv/bx/n' instead on input line 607.


LaTeX Font Warning: Font shape `TU/phv/b/n' undefined
(Font)              using `TU/phv/bx/n' instead on input line 607.


LaTeX Font Warning: Font shape `TU/phv/b/n' undefined
(Font)              using `TU/phv/bx/n' instead on input line 607.


LaTeX Font Warning: Font shape `TU/phv/b/n' undefined
(Font)              using `TU/phv/bx/n' instead on input line 647.


LaTeX Font Warning: Font shape `TU/phv/b/n' undefined
(Font)              using `TU/phv/bx/n' instead on input line 659.


LaTeX Font Warning: Font shape `TU/phv/b/n' undefined
(Font)              using `TU/phv/bx/n' instead on input line 659.


LaTeX Font Warning: Font shape `TU/phv/b/n' undefined
(Font)              using `TU/phv/bx/n' instead on input line 659.


LaTeX Font Warning: Font shape `TU/phv/b/n' undefined
(Font)              using `TU/phv/bx/n' instead on input line 659.


LaTeX Font Warning: Font shape `TU/phv/b/n' undefined
(Font)              using `TU/phv/bx/n' instead on input line 659.


LaTeX Font Warning: Font shape `TU/phv/b/n' undefined
(Font)              using `TU/phv/bx/n' instead on input line 659.


LaTeX Font Warning: Font shape `TU/phv/b/n' undefined
(Font)              using `TU/phv/bx/n' instead on input line 659.


LaTeX Font Warning: Font shape `TU/phv/b/n' undefined
(Font)              using `TU/phv/bx/n' instead on input line 659.


LaTeX Font Warning: Font shape `TU/phv/b/n' undefined
(Font)              using `TU/phv/bx/n' instead on input line 659.


LaTeX Font Warning: Font shape `TU/phv/b/n' undefined
(Font)              using `TU/phv/bx/n' instead on input line 659.


LaTeX Font Warning: Font shape `TU/phv/b/n' undefined
(Font)              using `TU/phv/bx/n' instead on input line 679.


LaTeX Font Warning: Font shape `TU/phv/b/n' undefined
(Font)              using `TU/phv/bx/n' instead on input line 679.


LaTeX Font Warning: Font shape `TU/phv/b/n' undefined
(Font)              using `TU/phv/bx/n' instead on input line 679.

[39]

LaTeX Font Warning: Font shape `TU/phv/b/n' undefined
(Font)              using `TU/phv/bx/n' instead on input line 696.


LaTeX Font Warning: Font shape `TU/phv/b/n' undefined
(Font)              using `TU/phv/bx/n' instead on input line 702.


LaTeX Font Warning: Font shape `TU/phv/b/n' undefined
(Font)              using `TU/phv/bx/n' instead on input line 718.


LaTeX Font Warning: Font shape `TU/phv/b/n' undefined
(Font)              using `TU/phv/bx/n' instead on input line 718.


LaTeX Font Warning: Font shape `TU/phv/b/n' undefined
(Font)              using `TU/phv/bx/n' instead on input line 718.


LaTeX Font Warning: Font shape `TU/phv/b/n' undefined
(Font)              using `TU/phv/bx/n' instead on input line 718.


LaTeX Font Warning: Font shape `TU/phv/b/n' undefined
(Font)              using `TU/phv/bx/n' instead on input line 718.


LaTeX Font Warning: Font shape `TU/phv/b/n' undefined
(Font)              using `TU/phv/bx/n' instead on input line 718.


LaTeX Font Warning: Font shape `TU/phv/b/n' undefined
(Font)              using `TU/phv/bx/n' instead on input line 718.


LaTeX Font Warning: Font shape `TU/phv/b/n' undefined
(Font)              using `TU/phv/bx/n' instead on input line 718.


LaTeX Font Warning: Font shape `TU/phv/b/n' undefined
(Font)              using `TU/phv/bx/n' instead on input line 718.


LaTeX Font Warning: Font shape `TU/phv/b/n' undefined
(Font)              using `TU/phv/bx/n' instead on input line 718.


LaTeX Font Warning: Font shape `TU/phv/b/n' undefined
(Font)              using `TU/phv/bx/n' instead on input line 751.


LaTeX Font Warning: Font shape `TU/phv/b/n' undefined
(Font)              using `TU/phv/bx/n' instead on input line 751.


LaTeX Font Warning: Font shape `TU/phv/b/n' undefined
(Font)              using `TU/phv/bx/n' instead on input line 751.

[40]

LaTeX Font Warning: Font shape `TU/phv/b/n' undefined
(Font)              using `TU/phv/bx/n' instead on input line 758.


LaTeX Font Warning: Font shape `TU/phv/b/n' undefined
(Font)              using `TU/phv/bx/n' instead on input line 772.


LaTeX Font Warning: Font shape `TU/phv/b/n' undefined
(Font)              using `TU/phv/bx/n' instead on input line 772.


LaTeX Font Warning: Font shape `TU/phv/b/n' undefined
(Font)              using `TU/phv/bx/n' instead on input line 772.


LaTeX Font Warning: Font shape `TU/phv/b/n' undefined
(Font)              using `TU/phv/bx/n' instead on input line 772.


LaTeX Font Warning: Font shape `TU/phv/b/n' undefined
(Font)              using `TU/phv/bx/n' instead on input line 772.


LaTeX Font Warning: Font shape `TU/phv/b/n' undefined
(Font)              using `TU/phv/bx/n' instead on input line 772.


LaTeX Font Warning: Font shape `TU/phv/b/n' undefined
(Font)              using `TU/phv/bx/n' instead on input line 772.


LaTeX Font Warning: Font shape `TU/phv/b/n' undefined
(Font)              using `TU/phv/bx/n' instead on input line 772.


LaTeX Font Warning: Font shape `TU/phv/b/n' undefined
(Font)              using `TU/phv/bx/n' instead on input line 772.


LaTeX Font Warning: Font shape `TU/phv/b/n' undefined
(Font)              using `TU/phv/bx/n' instead on input line 772.


LaTeX Font Warning: Font shape `TU/phv/b/n' undefined
(Font)              using `TU/phv/bx/n' instead on input line 814.


LaTeX Font Warning: Font shape `TU/phv/b/n' undefined
(Font)              using `TU/phv/bx/n' instead on input line 820.


LaTeX Font Warning: Font shape `TU/phv/b/n' undefined
(Font)              using `TU/phv/bx/n' instead on input line 820.


LaTeX Font Warning: Font shape `TU/phv/b/n' undefined
(Font)              using `TU/phv/bx/n' instead on input line 820.

[41]

LaTeX Font Warning: Font shape `TU/phv/b/n' undefined
(Font)              using `TU/phv/bx/n' instead on input line 826.


LaTeX Font Warning: Font shape `TU/phv/b/n' undefined
(Font)              using `TU/phv/bx/n' instead on input line 826.


LaTeX Font Warning: Font shape `TU/phv/b/n' undefined
(Font)              using `TU/phv/bx/n' instead on input line 826.


LaTeX Font Warning: Font shape `TU/phv/b/n' undefined
(Font)              using `TU/phv/bx/n' instead on input line 826.


LaTeX Font Warning: Font shape `TU/phv/b/n' undefined
(Font)              using `TU/phv/bx/n' instead on input line 826.


LaTeX Font Warning: Font shape `TU/phv/b/n' undefined
(Font)              using `TU/phv/bx/n' instead on input line 826.


LaTeX Font Warning: Font shape `TU/phv/b/n' undefined
(Font)              using `TU/phv/bx/n' instead on input line 826.


LaTeX Font Warning: Font shape `TU/phv/b/n' undefined
(Font)              using `TU/phv/bx/n' instead on input line 826.


LaTeX Font Warning: Font shape `TU/phv/b/n' undefined
(Font)              using `TU/phv/bx/n' instead on input line 826.


LaTeX Font Warning: Font shape `TU/phv/b/n' undefined
(Font)              using `TU/phv/bx/n' instead on input line 826.


LaTeX Font Warning: Font shape `TU/phv/b/n' undefined
(Font)              using `TU/phv/bx/n' instead on input line 855.


LaTeX Font Warning: Font shape `TU/phv/b/n' undefined
(Font)              using `TU/phv/bx/n' instead on input line 858.


LaTeX Font Warning: Font shape `TU/phv/b/n' undefined
(Font)              using `TU/phv/bx/n' instead on input line 868.


LaTeX Font Warning: Font shape `TU/phv/b/n' undefined
(Font)              using `TU/phv/bx/n' instead on input line 878.


LaTeX Font Warning: Font shape `TU/phv/b/n' undefined
(Font)              using `TU/phv/bx/n' instead on input line 890.


LaTeX Font Warning: Font shape `TU/phv/b/n' undefined
(Font)              using `TU/phv/bx/n' instead on input line 900.


LaTeX Font Warning: Font shape `TU/phv/b/n' undefined
(Font)              using `TU/phv/bx/n' instead on input line 903.


LaTeX Font Warning: Font shape `TU/phv/b/n' undefined
(Font)              using `TU/phv/bx/n' instead on input line 903.


LaTeX Font Warning: Font shape `TU/phv/b/n' undefined
(Font)              using `TU/phv/bx/n' instead on input line 903.

[42]

LaTeX Font Warning: Font shape `TU/phv/b/n' undefined
(Font)              using `TU/phv/bx/n' instead on input line 910.


LaTeX Font Warning: Font shape `TU/phv/b/n' undefined
(Font)              using `TU/phv/bx/n' instead on input line 920.


LaTeX Font Warning: Font shape `TU/phv/b/n' undefined
(Font)              using `TU/phv/bx/n' instead on input line 930.


LaTeX Font Warning: Font shape `TU/phv/b/n' undefined
(Font)              using `TU/phv/bx/n' instead on input line 940.


LaTeX Font Warning: Font shape `TU/phv/b/n' undefined
(Font)              using `TU/phv/bx/n' instead on input line 950.


LaTeX Font Warning: Font shape `TU/phv/b/n' undefined
(Font)              using `TU/phv/bx/n' instead on input line 960.


LaTeX Font Warning: Font shape `TU/phv/b/n' undefined
(Font)              using `TU/phv/bx/n' instead on input line 970.


LaTeX Font Warning: Font shape `TU/phv/b/n' undefined
(Font)              using `TU/phv/bx/n' instead on input line 980.


LaTeX Font Warning: Font shape `TU/phv/b/n' undefined
(Font)              using `TU/phv/bx/n' instead on input line 986.


LaTeX Font Warning: Font shape `TU/phv/b/n' undefined
(Font)              using `TU/phv/bx/n' instead on input line 986.


LaTeX Font Warning: Font shape `TU/phv/b/n' undefined
(Font)              using `TU/phv/bx/n' instead on input line 986.

[43]

LaTeX Font Warning: Font shape `TU/phv/b/n' undefined
(Font)              using `TU/phv/bx/n' instead on input line 990.


LaTeX Font Warning: Font shape `TU/phv/b/n' undefined
(Font)              using `TU/phv/bx/n' instead on input line 1000.


LaTeX Font Warning: Font shape `TU/phv/b/n' undefined
(Font)              using `TU/phv/bx/n' instead on input line 1010.


LaTeX Font Warning: Font shape `TU/phv/b/n' undefined
(Font)              using `TU/phv/bx/n' instead on input line 1020.


LaTeX Font Warning: Font shape `TU/phv/b/n' undefined
(Font)              using `TU/phv/bx/n' instead on input line 1030.


LaTeX Font Warning: Font shape `TU/phv/b/n' undefined
(Font)              using `TU/phv/bx/n' instead on input line 1040.


LaTeX Font Warning: Font shape `TU/phv/b/n' undefined
(Font)              using `TU/phv/bx/n' instead on input line 1050.


LaTeX Font Warning: Font shape `TU/phv/b/n' undefined
(Font)              using `TU/phv/bx/n' instead on input line 1060.


LaTeX Font Warning: Font shape `TU/phv/b/n' undefined
(Font)              using `TU/phv/bx/n' instead on input line 1060.


LaTeX Font Warning: Font shape `TU/phv/b/n' undefined
(Font)              using `TU/phv/bx/n' instead on input line 1060.

[44]

LaTeX Font Warning: Font shape `TU/phv/b/n' undefined
(Font)              using `TU/phv/bx/n' instead on input line 1060.


LaTeX Font Warning: Font shape `TU/phv/b/n' undefined
(Font)              using `TU/phv/bx/n' instead on input line 1070.


LaTeX Font Warning: Font shape `TU/phv/b/n' undefined
(Font)              using `TU/phv/bx/n' instead on input line 1080.


LaTeX Font Warning: Font shape `TU/phv/b/n' undefined
(Font)              using `TU/phv/bx/n' instead on input line 1090.


LaTeX Font Warning: Font shape `TU/phv/b/n' undefined
(Font)              using `TU/phv/bx/n' instead on input line 1100.

) (./namespaceauth.tex

LaTeX Font Warning: Font shape `TU/phv/b/n' undefined
(Font)              using `TU/phv/bx/n' instead on input line 1.


LaTeX Font Warning: Font shape `TU/phv/b/n' undefined
(Font)              using `TU/phv/bx/n' instead on input line 3.


LaTeX Font Warning: Font shape `TU/phv/b/n' undefined
(Font)              using `TU/phv/bx/n' instead on input line 12.


LaTeX Font Warning: Font shape `TU/phv/b/n' undefined
(Font)              using `TU/phv/bx/n' instead on input line 12.


LaTeX Font Warning: Font shape `TU/phv/b/n' undefined
(Font)              using `TU/phv/bx/n' instead on input line 12.

[45]

LaTeX Font Warning: Font shape `TU/phv/b/n' undefined
(Font)              using `TU/phv/bx/n' instead on input line 14.


Underfull \hbox (badness 10000) in paragraph at lines 21--23
[][] \TU/pcr/m/n/10 = int(os.getenv(”ACCESS_[][]TOKEN_[][]EXPIRE_[][]
 []


LaTeX Font Warning: Font shape `TU/phv/b/n' undefined
(Font)              using `TU/phv/bx/n' instead on input line 29.


LaTeX Font Warning: Font shape `TU/phv/b/n' undefined
(Font)              using `TU/phv/bx/n' instead on input line 39.


LaTeX Font Warning: Font shape `TU/phv/b/n' undefined
(Font)              using `TU/phv/bx/n' instead on input line 42.

File: namespaceauth_a97c9965d0490a3148025f9305366f4ee_icgraph.pdf Graphic file 
(type pdf)
<use namespaceauth_a97c9965d0490a3148025f9305366f4ee_icgraph.pdf>

LaTeX Font Warning: Font shape `TU/phv/b/n' undefined
(Font)              using `TU/phv/bx/n' instead on input line 74.


LaTeX Font Warning: Font shape `TU/phv/b/n' undefined
(Font)              using `TU/phv/bx/n' instead on input line 74.


LaTeX Font Warning: Font shape `TU/phv/b/n' undefined
(Font)              using `TU/phv/bx/n' instead on input line 74.

[46]

LaTeX Font Warning: Font shape `TU/phv/b/n' undefined
(Font)              using `TU/phv/bx/n' instead on input line 76.


LaTeX Font Warning: Font shape `TU/phv/b/n' undefined
(Font)              using `TU/phv/bx/n' instead on input line 109.

File: namespaceauth_a92f4bd77c94adef07a0e3db219b5dd0b_icgraph.pdf Graphic file 
(type pdf)
<use namespaceauth_a92f4bd77c94adef07a0e3db219b5dd0b_icgraph.pdf>

LaTeX Font Warning: Font shape `TU/phv/b/n' undefined
(Font)              using `TU/phv/bx/n' instead on input line 134.


LaTeX Font Warning: Font shape `TU/phv/b/n' undefined
(Font)              using `TU/phv/bx/n' instead on input line 134.


LaTeX Font Warning: Font shape `TU/phv/b/n' undefined
(Font)              using `TU/phv/bx/n' instead on input line 134.

[47]

LaTeX Font Warning: Font shape `TU/phv/b/n' undefined
(Font)              using `TU/phv/bx/n' instead on input line 136.

File: namespaceauth_a66045b230ebbe61c2cb80dd71c79497a_icgraph.pdf Graphic file 
(type pdf)
<use namespaceauth_a66045b230ebbe61c2cb80dd71c79497a_icgraph.pdf>

LaTeX Font Warning: Font shape `TU/phv/b/n' undefined
(Font)              using `TU/phv/bx/n' instead on input line 165.


LaTeX Font Warning: Font shape `TU/phv/b/n' undefined
(Font)              using `TU/phv/bx/n' instead on input line 168.


LaTeX Font Warning: Font shape `TU/phv/b/n' undefined
(Font)              using `TU/phv/bx/n' instead on input line 178.


LaTeX Font Warning: Font shape `TU/phv/b/n' undefined
(Font)              using `TU/phv/bx/n' instead on input line 188.


LaTeX Font Warning: Font shape `TU/phv/b/n' undefined
(Font)              using `TU/phv/bx/n' instead on input line 194.


LaTeX Font Warning: Font shape `TU/phv/b/n' undefined
(Font)              using `TU/phv/bx/n' instead on input line 194.


LaTeX Font Warning: Font shape `TU/phv/b/n' undefined
(Font)              using `TU/phv/bx/n' instead on input line 194.

[48]

LaTeX Font Warning: Font shape `TU/phv/b/n' undefined
(Font)              using `TU/phv/bx/n' instead on input line 198.


LaTeX Font Warning: Font shape `TU/phv/b/n' undefined
(Font)              using `TU/phv/bx/n' instead on input line 208.

) (./namespaceCartItemAdapter.tex

LaTeX Font Warning: Font shape `TU/phv/b/n' undefined
(Font)              using `TU/phv/bx/n' instead on input line 1.


LaTeX Font Warning: Font shape `TU/phv/b/n' undefined
(Font)              using `TU/phv/bx/n' instead on input line 3.

) (./namespaceCartItemAdapter_1_1CartItemViewHolder.tex

LaTeX Font Warning: Font shape `TU/phv/b/n' undefined
(Font)              using `TU/phv/bx/n' instead on input line 1.


LaTeX Font Warning: Font shape `TU/phv/b/n' undefined
(Font)              using `TU/phv/bx/n' instead on input line 3.


LaTeX Font Warning: Font shape `TU/phv/b/n' undefined
(Font)              using `TU/phv/bx/n' instead on input line 12.


LaTeX Font Warning: Font shape `TU/phv/b/n' undefined
(Font)              using `TU/phv/bx/n' instead on input line 15.


LaTeX Font Warning: Font shape `TU/phv/b/n' undefined
(Font)              using `TU/phv/bx/n' instead on input line 37.


LaTeX Font Warning: Font shape `TU/phv/b/n' undefined
(Font)              using `TU/phv/bx/n' instead on input line 37.


LaTeX Font Warning: Font shape `TU/phv/b/n' undefined
(Font)              using `TU/phv/bx/n' instead on input line 37.


LaTeX Font Warning: Font shape `TU/phv/b/n' undefined
(Font)              using `TU/phv/bx/n' instead on input line 37.


LaTeX Font Warning: Font shape `TU/phv/b/n' undefined
(Font)              using `TU/phv/bx/n' instead on input line 37.


LaTeX Font Warning: Font shape `TU/phv/b/n' undefined
(Font)              using `TU/phv/bx/n' instead on input line 37.


LaTeX Font Warning: Font shape `TU/phv/b/n' undefined
(Font)              using `TU/phv/bx/n' instead on input line 37.


LaTeX Font Warning: Font shape `TU/phv/b/n' undefined
(Font)              using `TU/phv/bx/n' instead on input line 37.


LaTeX Font Warning: Font shape `TU/phv/b/n' undefined
(Font)              using `TU/phv/bx/n' instead on input line 37.


LaTeX Font Warning: Font shape `TU/phv/b/n' undefined
(Font)              using `TU/phv/bx/n' instead on input line 37.


LaTeX Font Warning: Font shape `TU/phv/b/n' undefined
(Font)              using `TU/phv/bx/n' instead on input line 37.

[49]

LaTeX Font Warning: Font shape `TU/phv/b/n' undefined
(Font)              using `TU/phv/bx/n' instead on input line 37.


LaTeX Font Warning: Font shape `TU/phv/b/n' undefined
(Font)              using `TU/phv/bx/n' instead on input line 37.

) (./namespacechatbot__service.tex

LaTeX Font Warning: Font shape `TU/phv/b/n' undefined
(Font)              using `TU/phv/bx/n' instead on input line 1.


LaTeX Font Warning: Font shape `TU/phv/b/n' undefined
(Font)              using `TU/phv/bx/n' instead on input line 3.


LaTeX Font Warning: Font shape `TU/phv/b/n' undefined
(Font)              using `TU/phv/bx/n' instead on input line 8.


LaTeX Font Warning: Font shape `TU/phv/b/n' undefined
(Font)              using `TU/phv/bx/n' instead on input line 15.


LaTeX Font Warning: Font shape `TU/phv/b/n' undefined
(Font)              using `TU/phv/bx/n' instead on input line 25.


LaTeX Font Warning: Font shape `TU/phv/b/n' undefined
(Font)              using `TU/phv/bx/n' instead on input line 28.


LaTeX Font Warning: Font shape `TU/phv/b/n' undefined
(Font)              using `TU/phv/bx/n' instead on input line 34.


LaTeX Font Warning: Font shape `TU/phv/b/n' undefined
(Font)              using `TU/phv/bx/n' instead on input line 34.


LaTeX Font Warning: Font shape `TU/phv/b/n' undefined
(Font)              using `TU/phv/bx/n' instead on input line 34.

[50]) (./namespaceChatMessageAdapter.tex

LaTeX Font Warning: Font shape `TU/phv/b/n' undefined
(Font)              using `TU/phv/bx/n' instead on input line 1.


LaTeX Font Warning: Font shape `TU/phv/b/n' undefined
(Font)              using `TU/phv/bx/n' instead on input line 3.

) (./namespaceChatMessageAdapter_1_1MessageViewHolder.tex

LaTeX Font Warning: Font shape `TU/phv/b/n' undefined
(Font)              using `TU/phv/bx/n' instead on input line 1.

) (./namespacecheck__db.tex

LaTeX Font Warning: Font shape `TU/phv/b/n' undefined
(Font)              using `TU/phv/bx/n' instead on input line 1.


LaTeX Font Warning: Font shape `TU/phv/b/n' undefined
(Font)              using `TU/phv/bx/n' instead on input line 3.


LaTeX Font Warning: Font shape `TU/phv/b/n' undefined
(Font)              using `TU/phv/bx/n' instead on input line 20.


LaTeX Font Warning: Font shape `TU/phv/b/n' undefined
(Font)              using `TU/phv/bx/n' instead on input line 23.


LaTeX Font Warning: Font shape `TU/phv/b/n' undefined
(Font)              using `TU/phv/bx/n' instead on input line 33.


LaTeX Font Warning: Font shape `TU/phv/b/n' undefined
(Font)              using `TU/phv/bx/n' instead on input line 43.


LaTeX Font Warning: Font shape `TU/phv/b/n' undefined
(Font)              using `TU/phv/bx/n' instead on input line 53.


LaTeX Font Warning: Font shape `TU/phv/b/n' undefined
(Font)              using `TU/phv/bx/n' instead on input line 63.


LaTeX Font Warning: Font shape `TU/phv/b/n' undefined
(Font)              using `TU/phv/bx/n' instead on input line 69.


LaTeX Font Warning: Font shape `TU/phv/b/n' undefined
(Font)              using `TU/phv/bx/n' instead on input line 69.


LaTeX Font Warning: Font shape `TU/phv/b/n' undefined
(Font)              using `TU/phv/bx/n' instead on input line 69.

[51]) (./namespacedatabase.tex

LaTeX Font Warning: Font shape `TU/phv/b/n' undefined
(Font)              using `TU/phv/bx/n' instead on input line 1.


LaTeX Font Warning: Font shape `TU/phv/b/n' undefined
(Font)              using `TU/phv/bx/n' instead on input line 3.


LaTeX Font Warning: Font shape `TU/phv/b/n' undefined
(Font)              using `TU/phv/bx/n' instead on input line 8.


LaTeX Font Warning: Font shape `TU/phv/b/n' undefined
(Font)              using `TU/phv/bx/n' instead on input line 21.


LaTeX Font Warning: Font shape `TU/phv/b/n' undefined
(Font)              using `TU/phv/bx/n' instead on input line 31.


LaTeX Font Warning: Font shape `TU/phv/b/n' undefined
(Font)              using `TU/phv/bx/n' instead on input line 34.


LaTeX Font Warning: Font shape `TU/phv/b/n' undefined
(Font)              using `TU/phv/bx/n' instead on input line 58.


LaTeX Font Warning: Font shape `TU/phv/b/n' undefined
(Font)              using `TU/phv/bx/n' instead on input line 61.


LaTeX Font Warning: Font shape `TU/phv/b/n' undefined
(Font)              using `TU/phv/bx/n' instead on input line 71.


LaTeX Font Warning: Font shape `TU/phv/b/n' undefined
(Font)              using `TU/phv/bx/n' instead on input line 71.


LaTeX Font Warning: Font shape `TU/phv/b/n' undefined
(Font)              using `TU/phv/bx/n' instead on input line 71.

[52]

LaTeX Font Warning: Font shape `TU/phv/b/n' undefined
(Font)              using `TU/phv/bx/n' instead on input line 71.


LaTeX Font Warning: Font shape `TU/phv/b/n' undefined
(Font)              using `TU/phv/bx/n' instead on input line 81.


LaTeX Font Warning: Font shape `TU/phv/b/n' undefined
(Font)              using `TU/phv/bx/n' instead on input line 91.


Overfull \hbox (18.54678pt too wide) in paragraph at lines 93--94
\TU/pcr/bx/n/8 database.SQLALCHEMY_[][]DATABASE_[][]URL = os.getenv(”DATABASE_[
][]URL”, ”postgresql://postgres:password@localhost/[]
 []

) (./namespaceFAQAdapter.tex

LaTeX Font Warning: Font shape `TU/phv/b/n' undefined
(Font)              using `TU/phv/bx/n' instead on input line 1.


LaTeX Font Warning: Font shape `TU/phv/b/n' undefined
(Font)              using `TU/phv/bx/n' instead on input line 3.

) (./namespaceFAQAdapter_1_1FAQViewHolder.tex

LaTeX Font Warning: Font shape `TU/phv/b/n' undefined
(Font)              using `TU/phv/bx/n' instead on input line 1.

) (./namespaceFcmTokenRegistrar.tex

LaTeX Font Warning: Font shape `TU/phv/b/n' undefined
(Font)              using `TU/phv/bx/n' instead on input line 1.

) (./namespacefirebase__utils.tex

LaTeX Font Warning: Font shape `TU/phv/b/n' undefined
(Font)              using `TU/phv/bx/n' instead on input line 1.


LaTeX Font Warning: Font shape `TU/phv/b/n' undefined
(Font)              using `TU/phv/bx/n' instead on input line 3.


LaTeX Font Warning: Font shape `TU/phv/b/n' undefined
(Font)              using `TU/phv/bx/n' instead on input line 12.


LaTeX Font Warning: Font shape `TU/phv/b/n' undefined
(Font)              using `TU/phv/bx/n' instead on input line 21.


LaTeX Font Warning: Font shape `TU/phv/b/n' undefined
(Font)              using `TU/phv/bx/n' instead on input line 31.


LaTeX Font Warning: Font shape `TU/phv/b/n' undefined
(Font)              using `TU/phv/bx/n' instead on input line 34.


LaTeX Font Warning: Font shape `TU/phv/b/n' undefined
(Font)              using `TU/phv/bx/n' instead on input line 37.


LaTeX Font Warning: Font shape `TU/phv/b/n' undefined
(Font)              using `TU/phv/bx/n' instead on input line 37.


LaTeX Font Warning: Font shape `TU/phv/b/n' undefined
(Font)              using `TU/phv/bx/n' instead on input line 37.

[53]
File: namespacefirebase__utils_a3ef5b0e5041a2aed1c57809376cda1f5_cgraph.pdf Gra
phic file (type pdf)
<use namespacefirebase__utils_a3ef5b0e5041a2aed1c57809376cda1f5_cgraph.pdf>


LaTeX Font Warning: Font shape `TU/phv/b/n' undefined
(Font)              using `TU/phv/bx/n' instead on input line 75.


LaTeX Font Warning: Font shape `TU/phv/b/n' undefined
(Font)              using `TU/phv/bx/n' instead on input line 91.


LaTeX Font Warning: Font shape `TU/phv/b/n' undefined
(Font)              using `TU/phv/bx/n' instead on input line 91.


LaTeX Font Warning: Font shape `TU/phv/b/n' undefined
(Font)              using `TU/phv/bx/n' instead on input line 91.

[54]
File: namespacefirebase__utils_a07cf69903090a811c64210e8fe5e8ff0_icgraph.pdf Gr
aphic file (type pdf)
<use namespacefirebase__utils_a07cf69903090a811c64210e8fe5e8ff0_icgraph.pdf>


LaTeX Font Warning: Font shape `TU/phv/b/n' undefined
(Font)              using `TU/phv/bx/n' instead on input line 114.


LaTeX Font Warning: Font shape `TU/phv/b/n' undefined
(Font)              using `TU/phv/bx/n' instead on input line 134.


LaTeX Font Warning: Font shape `TU/phv/b/n' undefined
(Font)              using `TU/phv/bx/n' instead on input line 137.


LaTeX Font Warning: Font shape `TU/phv/b/n' undefined
(Font)              using `TU/phv/bx/n' instead on input line 147.

) (./namespaceFirebaseMessagingService.tex

LaTeX Font Warning: Font shape `TU/phv/b/n' undefined
(Font)              using `TU/phv/bx/n' instead on input line 1.


LaTeX Font Warning: Font shape `TU/phv/b/n' undefined
(Font)              using `TU/phv/bx/n' instead on input line 3.


LaTeX Font Warning: Font shape `TU/phv/b/n' undefined
(Font)              using `TU/phv/bx/n' instead on input line 8.


LaTeX Font Warning: Font shape `TU/phv/b/n' undefined
(Font)              using `TU/phv/bx/n' instead on input line 8.


LaTeX Font Warning: Font shape `TU/phv/b/n' undefined
(Font)              using `TU/phv/bx/n' instead on input line 8.

[55]

LaTeX Font Warning: Font shape `TU/phv/b/n' undefined
(Font)              using `TU/phv/bx/n' instead on input line 14.


LaTeX Font Warning: Font shape `TU/phv/b/n' undefined
(Font)              using `TU/phv/bx/n' instead on input line 17.


LaTeX Font Warning: Font shape `TU/phv/b/n' undefined
(Font)              using `TU/phv/bx/n' instead on input line 40.


LaTeX Font Warning: Font shape `TU/phv/b/n' undefined
(Font)              using `TU/phv/bx/n' instead on input line 52.


LaTeX Font Warning: Font shape `TU/phv/b/n' undefined
(Font)              using `TU/phv/bx/n' instead on input line 52.


LaTeX Font Warning: Font shape `TU/phv/b/n' undefined
(Font)              using `TU/phv/bx/n' instead on input line 52.


LaTeX Font Warning: Font shape `TU/phv/b/n' undefined
(Font)              using `TU/phv/bx/n' instead on input line 52.


LaTeX Font Warning: Font shape `TU/phv/b/n' undefined
(Font)              using `TU/phv/bx/n' instead on input line 52.


LaTeX Font Warning: Font shape `TU/phv/b/n' undefined
(Font)              using `TU/phv/bx/n' instead on input line 52.


LaTeX Font Warning: Font shape `TU/phv/b/n' undefined
(Font)              using `TU/phv/bx/n' instead on input line 52.


LaTeX Font Warning: Font shape `TU/phv/b/n' undefined
(Font)              using `TU/phv/bx/n' instead on input line 52.


LaTeX Font Warning: Font shape `TU/phv/b/n' undefined
(Font)              using `TU/phv/bx/n' instead on input line 52.


LaTeX Font Warning: Font shape `TU/phv/b/n' undefined
(Font)              using `TU/phv/bx/n' instead on input line 52.


LaTeX Font Warning: Font shape `TU/phv/b/n' undefined
(Font)              using `TU/phv/bx/n' instead on input line 81.


LaTeX Font Warning: Font shape `TU/phv/b/n' undefined
(Font)              using `TU/phv/bx/n' instead on input line 81.


LaTeX Font Warning: Font shape `TU/phv/b/n' undefined
(Font)              using `TU/phv/bx/n' instead on input line 81.

[56]) (./namespacemain.tex

LaTeX Font Warning: Font shape `TU/phv/b/n' undefined
(Font)              using `TU/phv/bx/n' instead on input line 1.


LaTeX Font Warning: Font shape `TU/phv/b/n' undefined
(Font)              using `TU/phv/bx/n' instead on input line 3.


Overfull \hbox (36.61691pt too wide) in paragraph at lines 8--10
[][] \TU/pcr/m/n/10 (OAuth2PasswordRequestForm form_data=Depends(), Session db=
Depends(get[]
 []


Underfull \hbox (badness 2269) in paragraph at lines 14--16
[][] \TU/pcr/m/n/10 (str token=Form(...), str device_type=Form(”android”), []
 []


Overfull \hbox (31.58992pt too wide) in paragraph at lines 28--30
\TU/pcr/m/n/10 chat_input, Optional[int][] session_id=None, [] current_user=Dep
ends([]),
 []


Underfull \hbox (badness 2035) in paragraph at lines 30--32
[][] \TU/pcr/m/n/10 (Tạo, nhà, hàng, mới, với, ảnh, upload, lên, Firebase, Stor
age, str
 []


Underfull \hbox (badness 1803) in paragraph at lines 30--32
\TU/pcr/m/n/10 name=Form(...), Optional[str][] address=Form(None), str phone_nu
mber=Form(...), str sta-
 []


Underfull \hbox (badness 2245) in paragraph at lines 38--40
[][] \TU/pcr/m/n/10 (Tạo, món, ăn, mới, với, ảnh, upload, lên, Firebase, Storag
e, str
 []


Underfull \hbox (badness 1708) in paragraph at lines 38--40
\TU/pcr/m/n/10 rantid=Form(...), int categoryid=Form(...), Optional[UploadFile]
[] image=File(None), Session
 []


LaTeX Font Warning: Font shape `TU/phv/b/n' undefined
(Font)              using `TU/phv/bx/n' instead on input line 60.


LaTeX Font Warning: Font shape `TU/phv/b/n' undefined
(Font)              using `TU/phv/bx/n' instead on input line 60.


LaTeX Font Warning: Font shape `TU/phv/b/n' undefined
(Font)              using `TU/phv/bx/n' instead on input line 60.

[57]

LaTeX Font Warning: Font shape `TU/phv/b/n' undefined
(Font)              using `TU/phv/bx/n' instead on input line 76.


LaTeX Font Warning: Font shape `TU/phv/b/n' undefined
(Font)              using `TU/phv/bx/n' instead on input line 97.


LaTeX Font Warning: Font shape `TU/phv/b/n' undefined
(Font)              using `TU/phv/bx/n' instead on input line 107.


LaTeX Font Warning: Font shape `TU/phv/b/n' undefined
(Font)              using `TU/phv/bx/n' instead on input line 110.


LaTeX Font Warning: Font shape `TU/phv/b/n' undefined
(Font)              using `TU/phv/bx/n' instead on input line 145.


LaTeX Font Warning: Font shape `TU/phv/b/n' undefined
(Font)              using `TU/phv/bx/n' instead on input line 145.


LaTeX Font Warning: Font shape `TU/phv/b/n' undefined
(Font)              using `TU/phv/bx/n' instead on input line 145.

[58]
File: namespacemain_a6cf1c9ef970859a6956baea1b2059048_icgraph.pdf Graphic file 
(type pdf)
<use namespacemain_a6cf1c9ef970859a6956baea1b2059048_icgraph.pdf>


LaTeX Font Warning: Font shape `TU/phv/b/n' undefined
(Font)              using `TU/phv/bx/n' instead on input line 173.


LaTeX Font Warning: Font shape `TU/phv/b/n' undefined
(Font)              using `TU/phv/bx/n' instead on input line 176.


LaTeX Font Warning: Font shape `TU/phv/b/n' undefined
(Font)              using `TU/phv/bx/n' instead on input line 176.


LaTeX Font Warning: Font shape `TU/phv/b/n' undefined
(Font)              using `TU/phv/bx/n' instead on input line 176.

[59]

LaTeX Font Warning: Font shape `TU/phv/b/n' undefined
(Font)              using `TU/phv/bx/n' instead on input line 223.


LaTeX Font Warning: Font shape `TU/phv/b/n' undefined
(Font)              using `TU/phv/bx/n' instead on input line 248.


LaTeX Font Warning: Font shape `TU/phv/b/n' undefined
(Font)              using `TU/phv/bx/n' instead on input line 251.


LaTeX Font Warning: Font shape `TU/phv/b/n' undefined
(Font)              using `TU/phv/bx/n' instead on input line 251.


LaTeX Font Warning: Font shape `TU/phv/b/n' undefined
(Font)              using `TU/phv/bx/n' instead on input line 251.

[60]

LaTeX Font Warning: Font shape `TU/phv/b/n' undefined
(Font)              using `TU/phv/bx/n' instead on input line 282.


LaTeX Font Warning: Font shape `TU/phv/b/n' undefined
(Font)              using `TU/phv/bx/n' instead on input line 314.


LaTeX Font Warning: Font shape `TU/phv/b/n' undefined
(Font)              using `TU/phv/bx/n' instead on input line 314.


LaTeX Font Warning: Font shape `TU/phv/b/n' undefined
(Font)              using `TU/phv/bx/n' instead on input line 314.

[61]

LaTeX Font Warning: Font shape `TU/phv/b/n' undefined
(Font)              using `TU/phv/bx/n' instead on input line 328.

Missing character: There is no 🎉 (U+1F389) in font [lmroman7-regular]:mapping=t
ex-text;!

LaTeX Font Warning: Font shape `TU/phv/b/n' undefined
(Font)              using `TU/phv/bx/n' instead on input line 388.


LaTeX Font Warning: Font shape `TU/phv/b/n' undefined
(Font)              using `TU/phv/bx/n' instead on input line 391.


LaTeX Font Warning: Font shape `TU/phv/b/n' undefined
(Font)              using `TU/phv/bx/n' instead on input line 391.


LaTeX Font Warning: Font shape `TU/phv/b/n' undefined
(Font)              using `TU/phv/bx/n' instead on input line 391.

[62]

LaTeX Font Warning: Font shape `TU/phv/b/n' undefined
(Font)              using `TU/phv/bx/n' instead on input line 422.


LaTeX Font Warning: Font shape `TU/phv/b/n' undefined
(Font)              using `TU/phv/bx/n' instead on input line 443.


LaTeX Font Warning: Font shape `TU/phv/b/n' undefined
(Font)              using `TU/phv/bx/n' instead on input line 443.


LaTeX Font Warning: Font shape `TU/phv/b/n' undefined
(Font)              using `TU/phv/bx/n' instead on input line 443.

[63]

LaTeX Font Warning: Font shape `TU/phv/b/n' undefined
(Font)              using `TU/phv/bx/n' instead on input line 457.


LaTeX Font Warning: Font shape `TU/phv/b/n' undefined
(Font)              using `TU/phv/bx/n' instead on input line 514.


LaTeX Font Warning: Font shape `TU/phv/b/n' undefined
(Font)              using `TU/phv/bx/n' instead on input line 526.


LaTeX Font Warning: Font shape `TU/phv/b/n' undefined
(Font)              using `TU/phv/bx/n' instead on input line 526.


LaTeX Font Warning: Font shape `TU/phv/b/n' undefined
(Font)              using `TU/phv/bx/n' instead on input line 526.

[64]
File: namespacemain_a2c12d4f20a519da64739f45ba9858278_cgraph.pdf Graphic file (
type pdf)
<use namespacemain_a2c12d4f20a519da64739f45ba9858278_cgraph.pdf>


LaTeX Font Warning: Font shape `TU/phv/b/n' undefined
(Font)              using `TU/phv/bx/n' instead on input line 560.

File: namespacemain_a31cb91f294b74809e1f4860c9283014a_cgraph.pdf Graphic file (
type pdf)
<use namespacemain_a31cb91f294b74809e1f4860c9283014a_cgraph.pdf>

LaTeX Font Warning: Font shape `TU/phv/b/n' undefined
(Font)              using `TU/phv/bx/n' instead on input line 601.


LaTeX Font Warning: Font shape `TU/phv/b/n' undefined
(Font)              using `TU/phv/bx/n' instead on input line 601.


LaTeX Font Warning: Font shape `TU/phv/b/n' undefined
(Font)              using `TU/phv/bx/n' instead on input line 601.

[65]

LaTeX Font Warning: Font shape `TU/phv/b/n' undefined
(Font)              using `TU/phv/bx/n' instead on input line 603.


LaTeX Font Warning: Font shape `TU/phv/b/n' undefined
(Font)              using `TU/phv/bx/n' instead on input line 629.

File: namespacemain_acc8af54782c29b2ddf07839a610e1d88_cgraph.pdf Graphic file (
type pdf)
<use namespacemain_acc8af54782c29b2ddf07839a610e1d88_cgraph.pdf>

LaTeX Font Warning: Font shape `TU/phv/b/n' undefined
(Font)              using `TU/phv/bx/n' instead on input line 662.


LaTeX Font Warning: Font shape `TU/phv/b/n' undefined
(Font)              using `TU/phv/bx/n' instead on input line 662.


LaTeX Font Warning: Font shape `TU/phv/b/n' undefined
(Font)              using `TU/phv/bx/n' instead on input line 662.

[66]

LaTeX Font Warning: Font shape `TU/phv/b/n' undefined
(Font)              using `TU/phv/bx/n' instead on input line 664.


LaTeX Font Warning: Font shape `TU/phv/b/n' undefined
(Font)              using `TU/phv/bx/n' instead on input line 685.


LaTeX Font Warning: Font shape `TU/phv/b/n' undefined
(Font)              using `TU/phv/bx/n' instead on input line 709.


LaTeX Font Warning: Font shape `TU/phv/b/n' undefined
(Font)              using `TU/phv/bx/n' instead on input line 723.


LaTeX Font Warning: Font shape `TU/phv/b/n' undefined
(Font)              using `TU/phv/bx/n' instead on input line 723.


LaTeX Font Warning: Font shape `TU/phv/b/n' undefined
(Font)              using `TU/phv/bx/n' instead on input line 723.

[67]
File: namespacemain_ace5b8f6be7d4c3e3a80d715f3302035e_cgraph.pdf Graphic file (
type pdf)
<use namespacemain_ace5b8f6be7d4c3e3a80d715f3302035e_cgraph.pdf>


LaTeX Font Warning: Font shape `TU/phv/b/n' undefined
(Font)              using `TU/phv/bx/n' instead on input line 741.


LaTeX Font Warning: Font shape `TU/phv/b/n' undefined
(Font)              using `TU/phv/bx/n' instead on input line 784.


LaTeX Font Warning: Font shape `TU/phv/b/n' undefined
(Font)              using `TU/phv/bx/n' instead on input line 784.


LaTeX Font Warning: Font shape `TU/phv/b/n' undefined
(Font)              using `TU/phv/bx/n' instead on input line 784.

[68]

LaTeX Font Warning: Font shape `TU/phv/b/n' undefined
(Font)              using `TU/phv/bx/n' instead on input line 793.


LaTeX Font Warning: Font shape `TU/phv/b/n' undefined
(Font)              using `TU/phv/bx/n' instead on input line 820.


LaTeX Font Warning: Font shape `TU/phv/b/n' undefined
(Font)              using `TU/phv/bx/n' instead on input line 847.


LaTeX Font Warning: Font shape `TU/phv/b/n' undefined
(Font)              using `TU/phv/bx/n' instead on input line 861.


LaTeX Font Warning: Font shape `TU/phv/b/n' undefined
(Font)              using `TU/phv/bx/n' instead on input line 861.


LaTeX Font Warning: Font shape `TU/phv/b/n' undefined
(Font)              using `TU/phv/bx/n' instead on input line 861.

[69]

LaTeX Font Warning: Font shape `TU/phv/b/n' undefined
(Font)              using `TU/phv/bx/n' instead on input line 868.


LaTeX Font Warning: Font shape `TU/phv/b/n' undefined
(Font)              using `TU/phv/bx/n' instead on input line 890.


LaTeX Font Warning: Font shape `TU/phv/b/n' undefined
(Font)              using `TU/phv/bx/n' instead on input line 914.


LaTeX Font Warning: Font shape `TU/phv/b/n' undefined
(Font)              using `TU/phv/bx/n' instead on input line 935.


LaTeX Font Warning: Font shape `TU/phv/b/n' undefined
(Font)              using `TU/phv/bx/n' instead on input line 938.


LaTeX Font Warning: Font shape `TU/phv/b/n' undefined
(Font)              using `TU/phv/bx/n' instead on input line 938.


LaTeX Font Warning: Font shape `TU/phv/b/n' undefined
(Font)              using `TU/phv/bx/n' instead on input line 938.

[70]

LaTeX Font Warning: Font shape `TU/phv/b/n' undefined
(Font)              using `TU/phv/bx/n' instead on input line 956.


LaTeX Font Warning: Font shape `TU/phv/b/n' undefined
(Font)              using `TU/phv/bx/n' instead on input line 977.


LaTeX Font Warning: Font shape `TU/phv/b/n' undefined
(Font)              using `TU/phv/bx/n' instead on input line 1000.


LaTeX Font Warning: Font shape `TU/phv/b/n' undefined
(Font)              using `TU/phv/bx/n' instead on input line 1000.


LaTeX Font Warning: Font shape `TU/phv/b/n' undefined
(Font)              using `TU/phv/bx/n' instead on input line 1000.

[71]

LaTeX Font Warning: Font shape `TU/phv/b/n' undefined
(Font)              using `TU/phv/bx/n' instead on input line 1018.


LaTeX Font Warning: Font shape `TU/phv/b/n' undefined
(Font)              using `TU/phv/bx/n' instead on input line 1043.


LaTeX Font Warning: Font shape `TU/phv/b/n' undefined
(Font)              using `TU/phv/bx/n' instead on input line 1064.


LaTeX Font Warning: Font shape `TU/phv/b/n' undefined
(Font)              using `TU/phv/bx/n' instead on input line 1067.


LaTeX Font Warning: Font shape `TU/phv/b/n' undefined
(Font)              using `TU/phv/bx/n' instead on input line 1067.


LaTeX Font Warning: Font shape `TU/phv/b/n' undefined
(Font)              using `TU/phv/bx/n' instead on input line 1067.

[72]
File: namespacemain_a3266eba28f90daf8ebf7b423324df72c_cgraph.pdf Graphic file (
type pdf)
<use namespacemain_a3266eba28f90daf8ebf7b423324df72c_cgraph.pdf>


LaTeX Font Warning: Font shape `TU/phv/b/n' undefined
(Font)              using `TU/phv/bx/n' instead on input line 1110.


LaTeX Font Warning: Font shape `TU/phv/b/n' undefined
(Font)              using `TU/phv/bx/n' instead on input line 1132.


LaTeX Font Warning: Font shape `TU/phv/b/n' undefined
(Font)              using `TU/phv/bx/n' instead on input line 1132.


LaTeX Font Warning: Font shape `TU/phv/b/n' undefined
(Font)              using `TU/phv/bx/n' instead on input line 1132.

[73]
File: namespacemain_a0be48579aa86eb7b0fa96ce9b096bf57_cgraph.pdf Graphic file (
type pdf)
<use namespacemain_a0be48579aa86eb7b0fa96ce9b096bf57_cgraph.pdf>


LaTeX Font Warning: Font shape `TU/phv/b/n' undefined
(Font)              using `TU/phv/bx/n' instead on input line 1147.


LaTeX Font Warning: Font shape `TU/phv/b/n' undefined
(Font)              using `TU/phv/bx/n' instead on input line 1171.


LaTeX Font Warning: Font shape `TU/phv/b/n' undefined
(Font)              using `TU/phv/bx/n' instead on input line 1191.


LaTeX Font Warning: Font shape `TU/phv/b/n' undefined
(Font)              using `TU/phv/bx/n' instead on input line 1191.


LaTeX Font Warning: Font shape `TU/phv/b/n' undefined
(Font)              using `TU/phv/bx/n' instead on input line 1191.

[74]

LaTeX Font Warning: Font shape `TU/phv/b/n' undefined
(Font)              using `TU/phv/bx/n' instead on input line 1207.


LaTeX Font Warning: Font shape `TU/phv/b/n' undefined
(Font)              using `TU/phv/bx/n' instead on input line 1238.


LaTeX Font Warning: Font shape `TU/phv/b/n' undefined
(Font)              using `TU/phv/bx/n' instead on input line 1264.


LaTeX Font Warning: Font shape `TU/phv/b/n' undefined
(Font)              using `TU/phv/bx/n' instead on input line 1264.


LaTeX Font Warning: Font shape `TU/phv/b/n' undefined
(Font)              using `TU/phv/bx/n' instead on input line 1264.

[75]
Missing character: There is no ✅ (U+2705) in font [lmroman7-regular]:mapping=te
x-text;!
Missing character: There is no 🚚 (U+1F69A) in font [lmroman7-regular]:mapping=t
ex-text;!
Missing character: There is no 🎉 (U+1F389) in font [lmroman7-regular]:mapping=t
ex-text;!
Missing character: There is no ❌ (U+274C) in font [lmroman7-regular]:mapping=te
x-text;!

LaTeX Font Warning: Font shape `TU/phv/b/n' undefined
(Font)              using `TU/phv/bx/n' instead on input line 1304.


LaTeX Font Warning: Font shape `TU/phv/b/n' undefined
(Font)              using `TU/phv/bx/n' instead on input line 1341.


LaTeX Font Warning: Font shape `TU/phv/b/n' undefined
(Font)              using `TU/phv/bx/n' instead on input line 1341.


LaTeX Font Warning: Font shape `TU/phv/b/n' undefined
(Font)              using `TU/phv/bx/n' instead on input line 1341.

[76]
Missing character: There is no 🎉 (U+1F389) in font [lmroman7-regular]:mapping=t
ex-text;!

LaTeX Font Warning: Font shape `TU/phv/b/n' undefined
(Font)              using `TU/phv/bx/n' instead on input line 1394.


LaTeX Font Warning: Font shape `TU/phv/b/n' undefined
(Font)              using `TU/phv/bx/n' instead on input line 1397.


LaTeX Font Warning: Font shape `TU/phv/b/n' undefined
(Font)              using `TU/phv/bx/n' instead on input line 1407.


LaTeX Font Warning: Font shape `TU/phv/b/n' undefined
(Font)              using `TU/phv/bx/n' instead on input line 1417.


LaTeX Font Warning: Font shape `TU/phv/b/n' undefined
(Font)              using `TU/phv/bx/n' instead on input line 1427.


LaTeX Font Warning: Font shape `TU/phv/b/n' undefined
(Font)              using `TU/phv/bx/n' instead on input line 1433.


LaTeX Font Warning: Font shape `TU/phv/b/n' undefined
(Font)              using `TU/phv/bx/n' instead on input line 1433.


LaTeX Font Warning: Font shape `TU/phv/b/n' undefined
(Font)              using `TU/phv/bx/n' instead on input line 1433.

[77]

LaTeX Font Warning: Font shape `TU/phv/b/n' undefined
(Font)              using `TU/phv/bx/n' instead on input line 1437.


LaTeX Font Warning: Font shape `TU/phv/b/n' undefined
(Font)              using `TU/phv/bx/n' instead on input line 1447.


LaTeX Font Warning: Font shape `TU/phv/b/n' undefined
(Font)              using `TU/phv/bx/n' instead on input line 1457.


LaTeX Font Warning: Font shape `TU/phv/b/n' undefined
(Font)              using `TU/phv/bx/n' instead on input line 1467.

) (./namespaceMenuItemAdapter.tex

LaTeX Font Warning: Font shape `TU/phv/b/n' undefined
(Font)              using `TU/phv/bx/n' instead on input line 1.


LaTeX Font Warning: Font shape `TU/phv/b/n' undefined
(Font)              using `TU/phv/bx/n' instead on input line 3.

) (./namespaceMenuItemAdapter_1_1MenuItemViewHolder.tex

LaTeX Font Warning: Font shape `TU/phv/b/n' undefined
(Font)              using `TU/phv/bx/n' instead on input line 1.

) (./namespaceMenuItemAdapterSmall.tex

LaTeX Font Warning: Font shape `TU/phv/b/n' undefined
(Font)              using `TU/phv/bx/n' instead on input line 1.


LaTeX Font Warning: Font shape `TU/phv/b/n' undefined
(Font)              using `TU/phv/bx/n' instead on input line 3.

) (./namespaceMenuItemAdapterSmall_1_1MenuItemViewHolder.tex

LaTeX Font Warning: Font shape `TU/phv/b/n' undefined
(Font)              using `TU/phv/bx/n' instead on input line 1.

) (./namespacemodels.tex

LaTeX Font Warning: Font shape `TU/phv/b/n' undefined
(Font)              using `TU/phv/bx/n' instead on input line 1.


LaTeX Font Warning: Font shape `TU/phv/b/n' undefined
(Font)              using `TU/phv/bx/n' instead on input line 3.


LaTeX Font Warning: Font shape `TU/phv/b/n' undefined
(Font)              using `TU/phv/bx/n' instead on input line 22.


LaTeX Font Warning: Font shape `TU/phv/b/n' undefined
(Font)              using `TU/phv/bx/n' instead on input line 22.


LaTeX Font Warning: Font shape `TU/phv/b/n' undefined
(Font)              using `TU/phv/bx/n' instead on input line 22.

[78]

LaTeX Font Warning: Font shape `TU/phv/b/n' undefined
(Font)              using `TU/phv/bx/n' instead on input line 50.

) (./namespaceNetworkConfig.tex

LaTeX Font Warning: Font shape `TU/phv/b/n' undefined
(Font)              using `TU/phv/bx/n' instead on input line 1.

) (./namespacenotification__service.tex

LaTeX Font Warning: Font shape `TU/phv/b/n' undefined
(Font)              using `TU/phv/bx/n' instead on input line 1.


LaTeX Font Warning: Font shape `TU/phv/b/n' undefined
(Font)              using `TU/phv/bx/n' instead on input line 3.


LaTeX Font Warning: Font shape `TU/phv/b/n' undefined
(Font)              using `TU/phv/bx/n' instead on input line 12.


LaTeX Font Warning: Font shape `TU/phv/b/n' undefined
(Font)              using `TU/phv/bx/n' instead on input line 22.


LaTeX Font Warning: Font shape `TU/phv/b/n' undefined
(Font)              using `TU/phv/bx/n' instead on input line 25.


LaTeX Font Warning: Font shape `TU/phv/b/n' undefined
(Font)              using `TU/phv/bx/n' instead on input line 28.


LaTeX Font Warning: Font shape `TU/phv/b/n' undefined
(Font)              using `TU/phv/bx/n' instead on input line 28.


LaTeX Font Warning: Font shape `TU/phv/b/n' undefined
(Font)              using `TU/phv/bx/n' instead on input line 28.

[79]
File: namespacenotification__service_acd13d6252bcf90c70d06efbe0ccfafeb_cgraph.p
df Graphic file (type pdf)
<use namespacenotification__service_acd13d6252bcf90c70d06efbe0ccfafeb_cgraph.pd
f>


LaTeX Font Warning: Font shape `TU/phv/b/n' undefined
(Font)              using `TU/phv/bx/n' instead on input line 73.


LaTeX Font Warning: Font shape `TU/phv/b/n' undefined
(Font)              using `TU/phv/bx/n' instead on input line 91.


LaTeX Font Warning: Font shape `TU/phv/b/n' undefined
(Font)              using `TU/phv/bx/n' instead on input line 91.


LaTeX Font Warning: Font shape `TU/phv/b/n' undefined
(Font)              using `TU/phv/bx/n' instead on input line 91.

[80]
File: namespacenotification__service_a0250629a5f0d126be42b05d98c031778_icgraph.
pdf Graphic file (type pdf)
<use namespacenotification__service_a0250629a5f0d126be42b05d98c031778_icgraph.p
df>
) (./namespaceNotificationAdapter.tex

LaTeX Font Warning: Font shape `TU/phv/b/n' undefined
(Font)              using `TU/phv/bx/n' instead on input line 1.


LaTeX Font Warning: Font shape `TU/phv/b/n' undefined
(Font)              using `TU/phv/bx/n' instead on input line 3.

) (./namespaceNotificationAdapter_1_1NotificationViewHolder.tex

LaTeX Font Warning: Font shape `TU/phv/b/n' undefined
(Font)              using `TU/phv/bx/n' instead on input line 1.

) (./namespacepayment__service.tex

LaTeX Font Warning: Font shape `TU/phv/b/n' undefined
(Font)              using `TU/phv/bx/n' instead on input line 1.


LaTeX Font Warning: Font shape `TU/phv/b/n' undefined
(Font)              using `TU/phv/bx/n' instead on input line 3.


LaTeX Font Warning: Font shape `TU/phv/b/n' undefined
(Font)              using `TU/phv/bx/n' instead on input line 8.


LaTeX Font Warning: Font shape `TU/phv/b/n' undefined
(Font)              using `TU/phv/bx/n' instead on input line 21.


LaTeX Font Warning: Font shape `TU/phv/b/n' undefined
(Font)              using `TU/phv/bx/n' instead on input line 31.


LaTeX Font Warning: Font shape `TU/phv/b/n' undefined
(Font)              using `TU/phv/bx/n' instead on input line 34.


LaTeX Font Warning: Font shape `TU/phv/b/n' undefined
(Font)              using `TU/phv/bx/n' instead on input line 37.


LaTeX Font Warning: Font shape `TU/phv/b/n' undefined
(Font)              using `TU/phv/bx/n' instead on input line 37.


LaTeX Font Warning: Font shape `TU/phv/b/n' undefined
(Font)              using `TU/phv/bx/n' instead on input line 37.

[81]

LaTeX Font Warning: Font shape `TU/phv/b/n' undefined
(Font)              using `TU/phv/bx/n' instead on input line 89.


LaTeX Font Warning: Font shape `TU/phv/b/n' undefined
(Font)              using `TU/phv/bx/n' instead on input line 92.


LaTeX Font Warning: Font shape `TU/phv/b/n' undefined
(Font)              using `TU/phv/bx/n' instead on input line 102.


LaTeX Font Warning: Font shape `TU/phv/b/n' undefined
(Font)              using `TU/phv/bx/n' instead on input line 112.


LaTeX Font Warning: Font shape `TU/phv/b/n' undefined
(Font)              using `TU/phv/bx/n' instead on input line 118.


LaTeX Font Warning: Font shape `TU/phv/b/n' undefined
(Font)              using `TU/phv/bx/n' instead on input line 118.


LaTeX Font Warning: Font shape `TU/phv/b/n' undefined
(Font)              using `TU/phv/bx/n' instead on input line 118.

[82]

LaTeX Font Warning: Font shape `TU/phv/b/n' undefined
(Font)              using `TU/phv/bx/n' instead on input line 122.

) (./namespaceRestaurantAdapter.tex

LaTeX Font Warning: Font shape `TU/phv/b/n' undefined
(Font)              using `TU/phv/bx/n' instead on input line 1.


LaTeX Font Warning: Font shape `TU/phv/b/n' undefined
(Font)              using `TU/phv/bx/n' instead on input line 3.

) (./namespaceRestaurantAdapter_1_1RestaurantViewHolder.tex

LaTeX Font Warning: Font shape `TU/phv/b/n' undefined
(Font)              using `TU/phv/bx/n' instead on input line 1.

) (./namespaceRetrofitClient.tex

LaTeX Font Warning: Font shape `TU/phv/b/n' undefined
(Font)              using `TU/phv/bx/n' instead on input line 1.

) (./namespaceschemas.tex

LaTeX Font Warning: Font shape `TU/phv/b/n' undefined
(Font)              using `TU/phv/bx/n' instead on input line 1.


LaTeX Font Warning: Font shape `TU/phv/b/n' undefined
(Font)              using `TU/phv/bx/n' instead on input line 3.


LaTeX Font Warning: Font shape `TU/phv/b/n' undefined
(Font)              using `TU/phv/bx/n' instead on input line 58.


LaTeX Font Warning: Font shape `TU/phv/b/n' undefined
(Font)              using `TU/phv/bx/n' instead on input line 58.


LaTeX Font Warning: Font shape `TU/phv/b/n' undefined
(Font)              using `TU/phv/bx/n' instead on input line 58.

[83]

LaTeX Font Warning: Font shape `TU/phv/b/n' undefined
(Font)              using `TU/phv/bx/n' instead on input line 152.


LaTeX Font Warning: Font shape `TU/phv/b/n' undefined
(Font)              using `TU/phv/bx/n' instead on input line 153.


LaTeX Font Warning: Font shape `TU/phv/b/n' undefined
(Font)              using `TU/phv/bx/n' instead on input line 153.


LaTeX Font Warning: Font shape `TU/phv/b/n' undefined
(Font)              using `TU/phv/bx/n' instead on input line 153.

[84]) (./namespaceview__data.tex

LaTeX Font Warning: Font shape `TU/phv/b/n' undefined
(Font)              using `TU/phv/bx/n' instead on input line 1.


LaTeX Font Warning: Font shape `TU/phv/b/n' undefined
(Font)              using `TU/phv/bx/n' instead on input line 3.


LaTeX Font Warning: Font shape `TU/phv/b/n' undefined
(Font)              using `TU/phv/bx/n' instead on input line 14.


LaTeX Font Warning: Font shape `TU/phv/b/n' undefined
(Font)              using `TU/phv/bx/n' instead on input line 23.


LaTeX Font Warning: Font shape `TU/phv/b/n' undefined
(Font)              using `TU/phv/bx/n' instead on input line 30.


LaTeX Font Warning: Font shape `TU/phv/b/n' undefined
(Font)              using `TU/phv/bx/n' instead on input line 33.


LaTeX Font Warning: Font shape `TU/phv/b/n' undefined
(Font)              using `TU/phv/bx/n' instead on input line 53.


LaTeX Font Warning: Font shape `TU/phv/b/n' undefined
(Font)              using `TU/phv/bx/n' instead on input line 84.


LaTeX Font Warning: Font shape `TU/phv/b/n' undefined
(Font)              using `TU/phv/bx/n' instead on input line 84.


LaTeX Font Warning: Font shape `TU/phv/b/n' undefined
(Font)              using `TU/phv/bx/n' instead on input line 84.

[85]
File: namespaceview__data_a9b6231e088188412492b5711af6b3115_cgraph.pdf Graphic 
file (type pdf)
<use namespaceview__data_a9b6231e088188412492b5711af6b3115_cgraph.pdf>


LaTeX Font Warning: Font shape `TU/phv/b/n' undefined
(Font)              using `TU/phv/bx/n' instead on input line 97.

File: namespaceview__data_ac035f3894613808d6b84ac788141049b_cgraph.pdf Graphic 
file (type pdf)
<use namespaceview__data_ac035f3894613808d6b84ac788141049b_cgraph.pdf>

LaTeX Font Warning: Font shape `TU/phv/b/n' undefined
(Font)              using `TU/phv/bx/n' instead on input line 139.


LaTeX Font Warning: Font shape `TU/phv/b/n' undefined
(Font)              using `TU/phv/bx/n' instead on input line 139.


LaTeX Font Warning: Font shape `TU/phv/b/n' undefined
(Font)              using `TU/phv/bx/n' instead on input line 139.

[86]

LaTeX Font Warning: Font shape `TU/phv/b/n' undefined
(Font)              using `TU/phv/bx/n' instead on input line 141.

File: namespaceview__data_adfef500479f0f7ea2615abe4c7e813f2_icgraph.pdf Graphic
 file (type pdf)
<use namespaceview__data_adfef500479f0f7ea2615abe4c7e813f2_icgraph.pdf>

LaTeX Font Warning: Font shape `TU/phv/b/n' undefined
(Font)              using `TU/phv/bx/n' instead on input line 197.


LaTeX Font Warning: Font shape `TU/phv/b/n' undefined
(Font)              using `TU/phv/bx/n' instead on input line 197.


LaTeX Font Warning: Font shape `TU/phv/b/n' undefined
(Font)              using `TU/phv/bx/n' instead on input line 197.

[87]

LaTeX Font Warning: Font shape `TU/phv/b/n' undefined
(Font)              using `TU/phv/bx/n' instead on input line 201.


LaTeX Font Warning: Font shape `TU/phv/b/n' undefined
(Font)              using `TU/phv/bx/n' instead on input line 204.


LaTeX Font Warning: Font shape `TU/phv/b/n' undefined
(Font)              using `TU/phv/bx/n' instead on input line 214.

)

LaTeX Font Warning: Font shape `TU/phv/b/n' undefined
(Font)              using `TU/phv/bx/n' instead on input line 285.


LaTeX Font Warning: Font shape `TU/phv/b/n' undefined
(Font)              using `TU/phv/bx/n' instead on input line 285.


LaTeX Font Warning: Font shape `TU/phv/b/n' undefined
(Font)              using `TU/phv/bx/n' instead on input line 285.

[88]
Chapter 8.

LaTeX Font Warning: Font shape `TU/phv/b/n' undefined
(Font)              using `TU/phv/bx/n' instead on input line 285.

(./classmodels_1_1Address.tex

LaTeX Font Warning: Font shape `TU/phv/b/n' undefined
(Font)              using `TU/phv/bx/n' instead on input line 1.

File: classmodels_1_1Address__inherit__graph.pdf Graphic file (type pdf)
<use classmodels_1_1Address__inherit__graph.pdf>
File: classmodels_1_1Address__coll__graph.pdf Graphic file (type pdf)
<use classmodels_1_1Address__coll__graph.pdf>

LaTeX Font Warning: Font shape `TU/phv/b/n' undefined
(Font)              using `TU/phv/bx/n' instead on input line 23.


LaTeX Font Warning: Font shape `TU/phv/b/n' undefined
(Font)              using `TU/phv/bx/n' instead on input line 36.

[89

]

LaTeX Font Warning: Font shape `TU/phv/b/n' undefined
(Font)              using `TU/phv/bx/n' instead on input line 38.


LaTeX Font Warning: Font shape `TU/phv/b/n' undefined
(Font)              using `TU/phv/bx/n' instead on input line 45.


LaTeX Font Warning: Font shape `TU/phv/b/n' undefined
(Font)              using `TU/phv/bx/n' instead on input line 55.


LaTeX Font Warning: Font shape `TU/phv/b/n' undefined
(Font)              using `TU/phv/bx/n' instead on input line 58.


LaTeX Font Warning: Font shape `TU/phv/b/n' undefined
(Font)              using `TU/phv/bx/n' instead on input line 68.


LaTeX Font Warning: Font shape `TU/phv/b/n' undefined
(Font)              using `TU/phv/bx/n' instead on input line 78.


LaTeX Font Warning: Font shape `TU/phv/b/n' undefined
(Font)              using `TU/phv/bx/n' instead on input line 88.


LaTeX Font Warning: Font shape `TU/phv/b/n' undefined
(Font)              using `TU/phv/bx/n' instead on input line 98.


LaTeX Font Warning: Font shape `TU/phv/b/n' undefined
(Font)              using `TU/phv/bx/n' instead on input line 108.


LaTeX Font Warning: Font shape `TU/phv/b/n' undefined
(Font)              using `TU/phv/bx/n' instead on input line 118.


LaTeX Font Warning: Font shape `TU/phv/b/n' undefined
(Font)              using `TU/phv/bx/n' instead on input line 128.


LaTeX Font Warning: Font shape `TU/phv/b/n' undefined
(Font)              using `TU/phv/bx/n' instead on input line 128.


LaTeX Font Warning: Font shape `TU/phv/b/n' undefined
(Font)              using `TU/phv/bx/n' instead on input line 128.

[90]) (./classschemas_1_1Address.tex

LaTeX Font Warning: Font shape `TU/phv/b/n' undefined
(Font)              using `TU/phv/bx/n' instead on input line 1.

File: classschemas_1_1Address__inherit__graph.pdf Graphic file (type pdf)
<use classschemas_1_1Address__inherit__graph.pdf>
File: classschemas_1_1Address__coll__graph.pdf Graphic file (type pdf)
<use classschemas_1_1Address__coll__graph.pdf>

LaTeX Font Warning: Font shape `TU/phv/b/n' undefined
(Font)              using `TU/phv/bx/n' instead on input line 23.


LaTeX Font Warning: Font shape `TU/phv/b/n' undefined
(Font)              using `TU/phv/bx/n' instead on input line 23.


LaTeX Font Warning: Font shape `TU/phv/b/n' undefined
(Font)              using `TU/phv/bx/n' instead on input line 23.

[91]

LaTeX Font Warning: Font shape `TU/phv/b/n' undefined
(Font)              using `TU/phv/bx/n' instead on input line 23.


LaTeX Font Warning: Font shape `TU/phv/b/n' undefined
(Font)              using `TU/phv/bx/n' instead on input line 28.


LaTeX Font Warning: Font shape `TU/phv/b/n' undefined
(Font)              using `TU/phv/bx/n' instead on input line 35.


LaTeX Font Warning: Font shape `TU/phv/b/n' undefined
(Font)              using `TU/phv/bx/n' instead on input line 44.


LaTeX Font Warning: Font shape `TU/phv/b/n' undefined
(Font)              using `TU/phv/bx/n' instead on input line 47.

) (./classschemas_1_1AddressBase.tex

LaTeX Font Warning: Font shape `TU/phv/b/n' undefined
(Font)              using `TU/phv/bx/n' instead on input line 1.

File: classschemas_1_1AddressBase__inherit__graph.pdf Graphic file (type pdf)
<use classschemas_1_1AddressBase__inherit__graph.pdf>

LaTeX Font Warning: Font shape `TU/phv/b/n' undefined
(Font)              using `TU/phv/bx/n' instead on input line 13.


LaTeX Font Warning: Font shape `TU/phv/b/n' undefined
(Font)              using `TU/phv/bx/n' instead on input line 13.


LaTeX Font Warning: Font shape `TU/phv/b/n' undefined
(Font)              using `TU/phv/bx/n' instead on input line 13.

[92]
File: classschemas_1_1AddressBase__coll__graph.pdf Graphic file (type pdf)
<use classschemas_1_1AddressBase__coll__graph.pdf>


LaTeX Font Warning: Font shape `TU/phv/b/n' undefined
(Font)              using `TU/phv/bx/n' instead on input line 23.


LaTeX Font Warning: Font shape `TU/phv/b/n' undefined
(Font)              using `TU/phv/bx/n' instead on input line 30.


LaTeX Font Warning: Font shape `TU/phv/b/n' undefined
(Font)              using `TU/phv/bx/n' instead on input line 40.


LaTeX Font Warning: Font shape `TU/phv/b/n' undefined
(Font)              using `TU/phv/bx/n' instead on input line 43.


LaTeX Font Warning: Font shape `TU/phv/b/n' undefined
(Font)              using `TU/phv/bx/n' instead on input line 55.


LaTeX Font Warning: Font shape `TU/phv/b/n' undefined
(Font)              using `TU/phv/bx/n' instead on input line 55.


LaTeX Font Warning: Font shape `TU/phv/b/n' undefined
(Font)              using `TU/phv/bx/n' instead on input line 55.

[93]) (./classschemas_1_1AddressCreate.tex

LaTeX Font Warning: Font shape `TU/phv/b/n' undefined
(Font)              using `TU/phv/bx/n' instead on input line 1.

File: classschemas_1_1AddressCreate__inherit__graph.pdf Graphic file (type pdf)

<use classschemas_1_1AddressCreate__inherit__graph.pdf>
File: classschemas_1_1AddressCreate__coll__graph.pdf Graphic file (type pdf)
<use classschemas_1_1AddressCreate__coll__graph.pdf>

LaTeX Font Warning: Font shape `TU/phv/b/n' undefined
(Font)              using `TU/phv/bx/n' instead on input line 23.


LaTeX Font Warning: Font shape `TU/phv/b/n' undefined
(Font)              using `TU/phv/bx/n' instead on input line 24.


LaTeX Font Warning: Font shape `TU/phv/b/n' undefined
(Font)              using `TU/phv/bx/n' instead on input line 28.


LaTeX Font Warning: Font shape `TU/phv/b/n' undefined
(Font)              using `TU/phv/bx/n' instead on input line 28.


LaTeX Font Warning: Font shape `TU/phv/b/n' undefined
(Font)              using `TU/phv/bx/n' instead on input line 28.

[94]

LaTeX Font Warning: Font shape `TU/phv/b/n' undefined
(Font)              using `TU/phv/bx/n' instead on input line 31.

) (./classschemas_1_1AddressUpdate.tex

LaTeX Font Warning: Font shape `TU/phv/b/n' undefined
(Font)              using `TU/phv/bx/n' instead on input line 1.

File: classschemas_1_1AddressUpdate__inherit__graph.pdf Graphic file (type pdf)

<use classschemas_1_1AddressUpdate__inherit__graph.pdf>
File: classschemas_1_1AddressUpdate__coll__graph.pdf Graphic file (type pdf)
<use classschemas_1_1AddressUpdate__coll__graph.pdf>

LaTeX Font Warning: Font shape `TU/phv/b/n' undefined
(Font)              using `TU/phv/bx/n' instead on input line 23.


LaTeX Font Warning: Font shape `TU/phv/b/n' undefined
(Font)              using `TU/phv/bx/n' instead on input line 32.


LaTeX Font Warning: Font shape `TU/phv/b/n' undefined
(Font)              using `TU/phv/bx/n' instead on input line 41.


LaTeX Font Warning: Font shape `TU/phv/b/n' undefined
(Font)              using `TU/phv/bx/n' instead on input line 44.


LaTeX Font Warning: Font shape `TU/phv/b/n' undefined
(Font)              using `TU/phv/bx/n' instead on input line 50.


LaTeX Font Warning: Font shape `TU/phv/b/n' undefined
(Font)              using `TU/phv/bx/n' instead on input line 50.


LaTeX Font Warning: Font shape `TU/phv/b/n' undefined
(Font)              using `TU/phv/bx/n' instead on input line 50.

[95]

LaTeX Font Warning: Font shape `TU/phv/b/n' undefined
(Font)              using `TU/phv/bx/n' instead on input line 54.

) (./classmodels_1_1Category.tex

LaTeX Font Warning: Font shape `TU/phv/b/n' undefined
(Font)              using `TU/phv/bx/n' instead on input line 1.

File: classmodels_1_1Category__inherit__graph.pdf Graphic file (type pdf)
<use classmodels_1_1Category__inherit__graph.pdf>
File: classmodels_1_1Category__coll__graph.pdf Graphic file (type pdf)
<use classmodels_1_1Category__coll__graph.pdf>

LaTeX Font Warning: Font shape `TU/phv/b/n' undefined
(Font)              using `TU/phv/bx/n' instead on input line 23.


LaTeX Font Warning: Font shape `TU/phv/b/n' undefined
(Font)              using `TU/phv/bx/n' instead on input line 23.


LaTeX Font Warning: Font shape `TU/phv/b/n' undefined
(Font)              using `TU/phv/bx/n' instead on input line 23.

[96]

LaTeX Font Warning: Font shape `TU/phv/b/n' undefined
(Font)              using `TU/phv/bx/n' instead on input line 23.


LaTeX Font Warning: Font shape `TU/phv/b/n' undefined
(Font)              using `TU/phv/bx/n' instead on input line 36.


LaTeX Font Warning: Font shape `TU/phv/b/n' undefined
(Font)              using `TU/phv/bx/n' instead on input line 43.


LaTeX Font Warning: Font shape `TU/phv/b/n' undefined
(Font)              using `TU/phv/bx/n' instead on input line 53.


LaTeX Font Warning: Font shape `TU/phv/b/n' undefined
(Font)              using `TU/phv/bx/n' instead on input line 56.


LaTeX Font Warning: Font shape `TU/phv/b/n' undefined
(Font)              using `TU/phv/bx/n' instead on input line 66.


LaTeX Font Warning: Font shape `TU/phv/b/n' undefined
(Font)              using `TU/phv/bx/n' instead on input line 76.


LaTeX Font Warning: Font shape `TU/phv/b/n' undefined
(Font)              using `TU/phv/bx/n' instead on input line 86.


LaTeX Font Warning: Font shape `TU/phv/b/n' undefined
(Font)              using `TU/phv/bx/n' instead on input line 96.


LaTeX Font Warning: Font shape `TU/phv/b/n' undefined
(Font)              using `TU/phv/bx/n' instead on input line 102.


LaTeX Font Warning: Font shape `TU/phv/b/n' undefined
(Font)              using `TU/phv/bx/n' instead on input line 102.


LaTeX Font Warning: Font shape `TU/phv/b/n' undefined
(Font)              using `TU/phv/bx/n' instead on input line 102.

[97]

LaTeX Font Warning: Font shape `TU/phv/b/n' undefined
(Font)              using `TU/phv/bx/n' instead on input line 106.

) (./classschemas_1_1Category.tex

LaTeX Font Warning: Font shape `TU/phv/b/n' undefined
(Font)              using `TU/phv/bx/n' instead on input line 1.

File: classschemas_1_1Category__inherit__graph.pdf Graphic file (type pdf)
<use classschemas_1_1Category__inherit__graph.pdf>
File: classschemas_1_1Category__coll__graph.pdf Graphic file (type pdf)
<use classschemas_1_1Category__coll__graph.pdf>

LaTeX Font Warning: Font shape `TU/phv/b/n' undefined
(Font)              using `TU/phv/bx/n' instead on input line 23.


LaTeX Font Warning: Font shape `TU/phv/b/n' undefined
(Font)              using `TU/phv/bx/n' instead on input line 23.


LaTeX Font Warning: Font shape `TU/phv/b/n' undefined
(Font)              using `TU/phv/bx/n' instead on input line 23.

[98]

LaTeX Font Warning: Font shape `TU/phv/b/n' undefined
(Font)              using `TU/phv/bx/n' instead on input line 23.


LaTeX Font Warning: Font shape `TU/phv/b/n' undefined
(Font)              using `TU/phv/bx/n' instead on input line 28.


LaTeX Font Warning: Font shape `TU/phv/b/n' undefined
(Font)              using `TU/phv/bx/n' instead on input line 37.


LaTeX Font Warning: Font shape `TU/phv/b/n' undefined
(Font)              using `TU/phv/bx/n' instead on input line 46.


LaTeX Font Warning: Font shape `TU/phv/b/n' undefined
(Font)              using `TU/phv/bx/n' instead on input line 49.

) (./classschemas_1_1CategoryBase.tex

LaTeX Font Warning: Font shape `TU/phv/b/n' undefined
(Font)              using `TU/phv/bx/n' instead on input line 1.

File: classschemas_1_1CategoryBase__inherit__graph.pdf Graphic file (type pdf)
<use classschemas_1_1CategoryBase__inherit__graph.pdf>

LaTeX Font Warning: Font shape `TU/phv/b/n' undefined
(Font)              using `TU/phv/bx/n' instead on input line 13.


LaTeX Font Warning: Font shape `TU/phv/b/n' undefined
(Font)              using `TU/phv/bx/n' instead on input line 13.


LaTeX Font Warning: Font shape `TU/phv/b/n' undefined
(Font)              using `TU/phv/bx/n' instead on input line 13.

[99]
File: classschemas_1_1CategoryBase__coll__graph.pdf Graphic file (type pdf)
<use classschemas_1_1CategoryBase__coll__graph.pdf>


LaTeX Font Warning: Font shape `TU/phv/b/n' undefined
(Font)              using `TU/phv/bx/n' instead on input line 23.


LaTeX Font Warning: Font shape `TU/phv/b/n' undefined
(Font)              using `TU/phv/bx/n' instead on input line 32.


LaTeX Font Warning: Font shape `TU/phv/b/n' undefined
(Font)              using `TU/phv/bx/n' instead on input line 42.


LaTeX Font Warning: Font shape `TU/phv/b/n' undefined
(Font)              using `TU/phv/bx/n' instead on input line 45.


LaTeX Font Warning: Font shape `TU/phv/b/n' undefined
(Font)              using `TU/phv/bx/n' instead on input line 55.


LaTeX Font Warning: Font shape `TU/phv/b/n' undefined
(Font)              using `TU/phv/bx/n' instead on input line 61.


LaTeX Font Warning: Font shape `TU/phv/b/n' undefined
(Font)              using `TU/phv/bx/n' instead on input line 61.


LaTeX Font Warning: Font shape `TU/phv/b/n' undefined
(Font)              using `TU/phv/bx/n' instead on input line 61.

[100]) (./classschemas_1_1CategoryCreate.tex

LaTeX Font Warning: Font shape `TU/phv/b/n' undefined
(Font)              using `TU/phv/bx/n' instead on input line 1.

File: classschemas_1_1CategoryCreate__inherit__graph.pdf Graphic file (type pdf
)
<use classschemas_1_1CategoryCreate__inherit__graph.pdf>
File: classschemas_1_1CategoryCreate__coll__graph.pdf Graphic file (type pdf)
<use classschemas_1_1CategoryCreate__coll__graph.pdf>

LaTeX Font Warning: Font shape `TU/phv/b/n' undefined
(Font)              using `TU/phv/bx/n' instead on input line 23.


LaTeX Font Warning: Font shape `TU/phv/b/n' undefined
(Font)              using `TU/phv/bx/n' instead on input line 23.


LaTeX Font Warning: Font shape `TU/phv/b/n' undefined
(Font)              using `TU/phv/bx/n' instead on input line 23.

[101]

LaTeX Font Warning: Font shape `TU/phv/b/n' undefined
(Font)              using `TU/phv/bx/n' instead on input line 23.


LaTeX Font Warning: Font shape `TU/phv/b/n' undefined
(Font)              using `TU/phv/bx/n' instead on input line 24.


LaTeX Font Warning: Font shape `TU/phv/b/n' undefined
(Font)              using `TU/phv/bx/n' instead on input line 33.

) (./classchatbot__service_1_1ChatBotService.tex

LaTeX Font Warning: Font shape `TU/phv/b/n' undefined
(Font)              using `TU/phv/bx/n' instead on input line 1.


LaTeX Font Warning: Font shape `TU/phv/b/n' undefined
(Font)              using `TU/phv/bx/n' instead on input line 3.


LaTeX Font Warning: Font shape `TU/phv/b/n' undefined
(Font)              using `TU/phv/bx/n' instead on input line 12.


LaTeX Font Warning: Font shape `TU/phv/b/n' undefined
(Font)              using `TU/phv/bx/n' instead on input line 21.


LaTeX Font Warning: Font shape `TU/phv/b/n' undefined
(Font)              using `TU/phv/bx/n' instead on input line 26.


LaTeX Font Warning: Font shape `TU/phv/b/n' undefined
(Font)              using `TU/phv/bx/n' instead on input line 33.


LaTeX Font Warning: Font shape `TU/phv/b/n' undefined
(Font)              using `TU/phv/bx/n' instead on input line 34.


LaTeX Font Warning: Font shape `TU/phv/b/n' undefined
(Font)              using `TU/phv/bx/n' instead on input line 34.


LaTeX Font Warning: Font shape `TU/phv/b/n' undefined
(Font)              using `TU/phv/bx/n' instead on input line 34.

[102]

LaTeX Font Warning: Font shape `TU/phv/b/n' undefined
(Font)              using `TU/phv/bx/n' instead on input line 43.


LaTeX Font Warning: Font shape `TU/phv/b/n' undefined
(Font)              using `TU/phv/bx/n' instead on input line 46.


LaTeX Font Warning: Font shape `TU/phv/b/n' undefined
(Font)              using `TU/phv/bx/n' instead on input line 71.


LaTeX Font Warning: Font shape `TU/phv/b/n' undefined
(Font)              using `TU/phv/bx/n' instead on input line 74.


LaTeX Font Warning: Font shape `TU/phv/b/n' undefined
(Font)              using `TU/phv/bx/n' instead on input line 113.


LaTeX Font Warning: Font shape `TU/phv/b/n' undefined
(Font)              using `TU/phv/bx/n' instead on input line 116.


LaTeX Font Warning: Font shape `TU/phv/b/n' undefined
(Font)              using `TU/phv/bx/n' instead on input line 116.


LaTeX Font Warning: Font shape `TU/phv/b/n' undefined
(Font)              using `TU/phv/bx/n' instead on input line 116.

[103]
File: classchatbot__service_1_1ChatBotService_af1679fb2e1b0ba407c2aa0fceda6684c
_icgraph.pdf Graphic file (type pdf)
<use classchatbot__service_1_1ChatBotService_af1679fb2e1b0ba407c2aa0fceda6684c_
icgraph.pdf>


LaTeX Font Warning: Font shape `TU/phv/b/n' undefined
(Font)              using `TU/phv/bx/n' instead on input line 174.


LaTeX Font Warning: Font shape `TU/phv/b/n' undefined
(Font)              using `TU/phv/bx/n' instead on input line 191.


LaTeX Font Warning: Font shape `TU/phv/b/n' undefined
(Font)              using `TU/phv/bx/n' instead on input line 191.


LaTeX Font Warning: Font shape `TU/phv/b/n' undefined
(Font)              using `TU/phv/bx/n' instead on input line 191.

[104]
Missing character: There is no ⚠ (U+26A0) in font [lmroman7-regular]:mapping=te
x-text;!
Missing character: There is no ️ (U+FE0F) in font [lmroman7-regular]:mapping=te
x-text;!
File: classchatbot__service_1_1ChatBotService_a10894ab19417d8055e374edd37f68e1d
_cgraph.pdf Graphic file (type pdf)
<use classchatbot__service_1_1ChatBotService_a10894ab19417d8055e374edd37f68e1d_
cgraph.pdf>

LaTeX Font Warning: Font shape `TU/phv/b/n' undefined
(Font)              using `TU/phv/bx/n' instead on input line 227.


LaTeX Font Warning: Font shape `TU/phv/b/n' undefined
(Font)              using `TU/phv/bx/n' instead on input line 230.


LaTeX Font Warning: Font shape `TU/phv/b/n' undefined
(Font)              using `TU/phv/bx/n' instead on input line 240.


LaTeX Font Warning: Font shape `TU/phv/b/n' undefined
(Font)              using `TU/phv/bx/n' instead on input line 250.


LaTeX Font Warning: Font shape `TU/phv/b/n' undefined
(Font)              using `TU/phv/bx/n' instead on input line 260.


LaTeX Font Warning: Font shape `TU/phv/b/n' undefined
(Font)              using `TU/phv/bx/n' instead on input line 272.


LaTeX Font Warning: Font shape `TU/phv/b/n' undefined
(Font)              using `TU/phv/bx/n' instead on input line 272.


LaTeX Font Warning: Font shape `TU/phv/b/n' undefined
(Font)              using `TU/phv/bx/n' instead on input line 272.

[105]) (./classmodels_1_1ChatMessage.tex

LaTeX Font Warning: Font shape `TU/phv/b/n' undefined
(Font)              using `TU/phv/bx/n' instead on input line 1.

File: classmodels_1_1ChatMessage__inherit__graph.pdf Graphic file (type pdf)
<use classmodels_1_1ChatMessage__inherit__graph.pdf>
File: classmodels_1_1ChatMessage__coll__graph.pdf Graphic file (type pdf)
<use classmodels_1_1ChatMessage__coll__graph.pdf>

LaTeX Font Warning: Font shape `TU/phv/b/n' undefined
(Font)              using `TU/phv/bx/n' instead on input line 23.


LaTeX Font Warning: Font shape `TU/phv/b/n' undefined
(Font)              using `TU/phv/bx/n' instead on input line 38.


LaTeX Font Warning: Font shape `TU/phv/b/n' undefined
(Font)              using `TU/phv/bx/n' instead on input line 45.


LaTeX Font Warning: Font shape `TU/phv/b/n' undefined
(Font)              using `TU/phv/bx/n' instead on input line 46.


LaTeX Font Warning: Font shape `TU/phv/b/n' undefined
(Font)              using `TU/phv/bx/n' instead on input line 46.


LaTeX Font Warning: Font shape `TU/phv/b/n' undefined
(Font)              using `TU/phv/bx/n' instead on input line 46.

[106]

LaTeX Font Warning: Font shape `TU/phv/b/n' undefined
(Font)              using `TU/phv/bx/n' instead on input line 55.


LaTeX Font Warning: Font shape `TU/phv/b/n' undefined
(Font)              using `TU/phv/bx/n' instead on input line 58.


LaTeX Font Warning: Font shape `TU/phv/b/n' undefined
(Font)              using `TU/phv/bx/n' instead on input line 68.


LaTeX Font Warning: Font shape `TU/phv/b/n' undefined
(Font)              using `TU/phv/bx/n' instead on input line 78.


LaTeX Font Warning: Font shape `TU/phv/b/n' undefined
(Font)              using `TU/phv/bx/n' instead on input line 88.


LaTeX Font Warning: Font shape `TU/phv/b/n' undefined
(Font)              using `TU/phv/bx/n' instead on input line 98.


LaTeX Font Warning: Font shape `TU/phv/b/n' undefined
(Font)              using `TU/phv/bx/n' instead on input line 108.


LaTeX Font Warning: Font shape `TU/phv/b/n' undefined
(Font)              using `TU/phv/bx/n' instead on input line 118.

) (./classschemas_1_1ChatMessage.tex

LaTeX Font Warning: Font shape `TU/phv/b/n' undefined
(Font)              using `TU/phv/bx/n' instead on input line 1.

File: classschemas_1_1ChatMessage__inherit__graph.pdf Graphic file (type pdf)
<use classschemas_1_1ChatMessage__inherit__graph.pdf>

LaTeX Font Warning: Font shape `TU/phv/b/n' undefined
(Font)              using `TU/phv/bx/n' instead on input line 13.


LaTeX Font Warning: Font shape `TU/phv/b/n' undefined
(Font)              using `TU/phv/bx/n' instead on input line 13.


LaTeX Font Warning: Font shape `TU/phv/b/n' undefined
(Font)              using `TU/phv/bx/n' instead on input line 13.

[107]
File: classschemas_1_1ChatMessage__coll__graph.pdf Graphic file (type pdf)
<use classschemas_1_1ChatMessage__coll__graph.pdf>


LaTeX Font Warning: Font shape `TU/phv/b/n' undefined
(Font)              using `TU/phv/bx/n' instead on input line 23.


LaTeX Font Warning: Font shape `TU/phv/b/n' undefined
(Font)              using `TU/phv/bx/n' instead on input line 30.


LaTeX Font Warning: Font shape `TU/phv/b/n' undefined
(Font)              using `TU/phv/bx/n' instead on input line 39.


LaTeX Font Warning: Font shape `TU/phv/b/n' undefined
(Font)              using `TU/phv/bx/n' instead on input line 39.


LaTeX Font Warning: Font shape `TU/phv/b/n' undefined
(Font)              using `TU/phv/bx/n' instead on input line 39.

[108]

LaTeX Font Warning: Font shape `TU/phv/b/n' undefined
(Font)              using `TU/phv/bx/n' instead on input line 39.


LaTeX Font Warning: Font shape `TU/phv/b/n' undefined
(Font)              using `TU/phv/bx/n' instead on input line 42.

) (./classschemas_1_1ChatMessageBase.tex

LaTeX Font Warning: Font shape `TU/phv/b/n' undefined
(Font)              using `TU/phv/bx/n' instead on input line 1.

File: classschemas_1_1ChatMessageBase__inherit__graph.pdf Graphic file (type pd
f)
<use classschemas_1_1ChatMessageBase__inherit__graph.pdf>
File: classschemas_1_1ChatMessageBase__coll__graph.pdf Graphic file (type pdf)
<use classschemas_1_1ChatMessageBase__coll__graph.pdf>

LaTeX Font Warning: Font shape `TU/phv/b/n' undefined
(Font)              using `TU/phv/bx/n' instead on input line 23.


LaTeX Font Warning: Font shape `TU/phv/b/n' undefined
(Font)              using `TU/phv/bx/n' instead on input line 23.


LaTeX Font Warning: Font shape `TU/phv/b/n' undefined
(Font)              using `TU/phv/bx/n' instead on input line 23.

[109]

LaTeX Font Warning: Font shape `TU/phv/b/n' undefined
(Font)              using `TU/phv/bx/n' instead on input line 25.

) (./classschemas_1_1ChatMessageCreate.tex

LaTeX Font Warning: Font shape `TU/phv/b/n' undefined
(Font)              using `TU/phv/bx/n' instead on input line 1.

File: classschemas_1_1ChatMessageCreate__inherit__graph.pdf Graphic file (type 
pdf)
<use classschemas_1_1ChatMessageCreate__inherit__graph.pdf>
File: classschemas_1_1ChatMessageCreate__coll__graph.pdf Graphic file (type pdf
)
<use classschemas_1_1ChatMessageCreate__coll__graph.pdf>

LaTeX Font Warning: Font shape `TU/phv/b/n' undefined
(Font)              using `TU/phv/bx/n' instead on input line 23.


LaTeX Font Warning: Font shape `TU/phv/b/n' undefined
(Font)              using `TU/phv/bx/n' instead on input line 23.


LaTeX Font Warning: Font shape `TU/phv/b/n' undefined
(Font)              using `TU/phv/bx/n' instead on input line 23.

[110]

LaTeX Font Warning: Font shape `TU/phv/b/n' undefined
(Font)              using `TU/phv/bx/n' instead on input line 25.

) (./classmodels_1_1ChatSession.tex

LaTeX Font Warning: Font shape `TU/phv/b/n' undefined
(Font)              using `TU/phv/bx/n' instead on input line 1.

File: classmodels_1_1ChatSession__inherit__graph.pdf Graphic file (type pdf)
<use classmodels_1_1ChatSession__inherit__graph.pdf>
File: classmodels_1_1ChatSession__coll__graph.pdf Graphic file (type pdf)
<use classmodels_1_1ChatSession__coll__graph.pdf>

LaTeX Font Warning: Font shape `TU/phv/b/n' undefined
(Font)              using `TU/phv/bx/n' instead on input line 23.


LaTeX Font Warning: Font shape `TU/phv/b/n' undefined
(Font)              using `TU/phv/bx/n' instead on input line 23.


LaTeX Font Warning: Font shape `TU/phv/b/n' undefined
(Font)              using `TU/phv/bx/n' instead on input line 23.

[111]

LaTeX Font Warning: Font shape `TU/phv/b/n' undefined
(Font)              using `TU/phv/bx/n' instead on input line 23.


LaTeX Font Warning: Font shape `TU/phv/b/n' undefined
(Font)              using `TU/phv/bx/n' instead on input line 40.


LaTeX Font Warning: Font shape `TU/phv/b/n' undefined
(Font)              using `TU/phv/bx/n' instead on input line 47.


LaTeX Font Warning: Font shape `TU/phv/b/n' undefined
(Font)              using `TU/phv/bx/n' instead on input line 57.


LaTeX Font Warning: Font shape `TU/phv/b/n' undefined
(Font)              using `TU/phv/bx/n' instead on input line 60.


LaTeX Font Warning: Font shape `TU/phv/b/n' undefined
(Font)              using `TU/phv/bx/n' instead on input line 70.


LaTeX Font Warning: Font shape `TU/phv/b/n' undefined
(Font)              using `TU/phv/bx/n' instead on input line 80.


LaTeX Font Warning: Font shape `TU/phv/b/n' undefined
(Font)              using `TU/phv/bx/n' instead on input line 90.


LaTeX Font Warning: Font shape `TU/phv/b/n' undefined
(Font)              using `TU/phv/bx/n' instead on input line 96.


LaTeX Font Warning: Font shape `TU/phv/b/n' undefined
(Font)              using `TU/phv/bx/n' instead on input line 96.


LaTeX Font Warning: Font shape `TU/phv/b/n' undefined
(Font)              using `TU/phv/bx/n' instead on input line 96.

[112]

LaTeX Font Warning: Font shape `TU/phv/b/n' undefined
(Font)              using `TU/phv/bx/n' instead on input line 100.


LaTeX Font Warning: Font shape `TU/phv/b/n' undefined
(Font)              using `TU/phv/bx/n' instead on input line 110.


LaTeX Font Warning: Font shape `TU/phv/b/n' undefined
(Font)              using `TU/phv/bx/n' instead on input line 120.


LaTeX Font Warning: Font shape `TU/phv/b/n' undefined
(Font)              using `TU/phv/bx/n' instead on input line 130.

) (./classschemas_1_1ChatSession.tex

LaTeX Font Warning: Font shape `TU/phv/b/n' undefined
(Font)              using `TU/phv/bx/n' instead on input line 1.

File: classschemas_1_1ChatSession__inherit__graph.pdf Graphic file (type pdf)
<use classschemas_1_1ChatSession__inherit__graph.pdf>
File: classschemas_1_1ChatSession__coll__graph.pdf Graphic file (type pdf)
<use classschemas_1_1ChatSession__coll__graph.pdf>

LaTeX Font Warning: Font shape `TU/phv/b/n' undefined
(Font)              using `TU/phv/bx/n' instead on input line 23.


LaTeX Font Warning: Font shape `TU/phv/b/n' undefined
(Font)              using `TU/phv/bx/n' instead on input line 23.


LaTeX Font Warning: Font shape `TU/phv/b/n' undefined
(Font)              using `TU/phv/bx/n' instead on input line 23.

[113]

LaTeX Font Warning: Font shape `TU/phv/b/n' undefined
(Font)              using `TU/phv/bx/n' instead on input line 23.


LaTeX Font Warning: Font shape `TU/phv/b/n' undefined
(Font)              using `TU/phv/bx/n' instead on input line 32.


LaTeX Font Warning: Font shape `TU/phv/b/n' undefined
(Font)              using `TU/phv/bx/n' instead on input line 41.


LaTeX Font Warning: Font shape `TU/phv/b/n' undefined
(Font)              using `TU/phv/bx/n' instead on input line 44.


LaTeX Font Warning: Font shape `TU/phv/b/n' undefined
(Font)              using `TU/phv/bx/n' instead on input line 54.


LaTeX Font Warning: Font shape `TU/phv/b/n' undefined
(Font)              using `TU/phv/bx/n' instead on input line 66.


LaTeX Font Warning: Font shape `TU/phv/b/n' undefined
(Font)              using `TU/phv/bx/n' instead on input line 66.


LaTeX Font Warning: Font shape `TU/phv/b/n' undefined
(Font)              using `TU/phv/bx/n' instead on input line 66.

[114]) (./classschemas_1_1ChatSessionCreate.tex

LaTeX Font Warning: Font shape `TU/phv/b/n' undefined
(Font)              using `TU/phv/bx/n' instead on input line 1.

File: classschemas_1_1ChatSessionCreate__inherit__graph.pdf Graphic file (type 
pdf)
<use classschemas_1_1ChatSessionCreate__inherit__graph.pdf>
File: classschemas_1_1ChatSessionCreate__coll__graph.pdf Graphic file (type pdf
)
<use classschemas_1_1ChatSessionCreate__coll__graph.pdf>

LaTeX Font Warning: Font shape `TU/phv/b/n' undefined
(Font)              using `TU/phv/bx/n' instead on input line 25.

) (./classmodels_1_1Delivery.tex

LaTeX Font Warning: Font shape `TU/phv/b/n' undefined
(Font)              using `TU/phv/bx/n' instead on input line 1.

File: classmodels_1_1Delivery__inherit__graph.pdf Graphic file (type pdf)
<use classmodels_1_1Delivery__inherit__graph.pdf>

LaTeX Font Warning: Font shape `TU/phv/b/n' undefined
(Font)              using `TU/phv/bx/n' instead on input line 13.


LaTeX Font Warning: Font shape `TU/phv/b/n' undefined
(Font)              using `TU/phv/bx/n' instead on input line 13.


LaTeX Font Warning: Font shape `TU/phv/b/n' undefined
(Font)              using `TU/phv/bx/n' instead on input line 13.

[115]
File: classmodels_1_1Delivery__coll__graph.pdf Graphic file (type pdf)
<use classmodels_1_1Delivery__coll__graph.pdf>


LaTeX Font Warning: Font shape `TU/phv/b/n' undefined
(Font)              using `TU/phv/bx/n' instead on input line 23.


LaTeX Font Warning: Font shape `TU/phv/b/n' undefined
(Font)              using `TU/phv/bx/n' instead on input line 40.


LaTeX Font Warning: Font shape `TU/phv/b/n' undefined
(Font)              using `TU/phv/bx/n' instead on input line 47.


LaTeX Font Warning: Font shape `TU/phv/b/n' undefined
(Font)              using `TU/phv/bx/n' instead on input line 57.


LaTeX Font Warning: Font shape `TU/phv/b/n' undefined
(Font)              using `TU/phv/bx/n' instead on input line 60.


LaTeX Font Warning: Font shape `TU/phv/b/n' undefined
(Font)              using `TU/phv/bx/n' instead on input line 66.


LaTeX Font Warning: Font shape `TU/phv/b/n' undefined
(Font)              using `TU/phv/bx/n' instead on input line 66.


LaTeX Font Warning: Font shape `TU/phv/b/n' undefined
(Font)              using `TU/phv/bx/n' instead on input line 66.

[116]

LaTeX Font Warning: Font shape `TU/phv/b/n' undefined
(Font)              using `TU/phv/bx/n' instead on input line 70.


LaTeX Font Warning: Font shape `TU/phv/b/n' undefined
(Font)              using `TU/phv/bx/n' instead on input line 80.


LaTeX Font Warning: Font shape `TU/phv/b/n' undefined
(Font)              using `TU/phv/bx/n' instead on input line 90.


LaTeX Font Warning: Font shape `TU/phv/b/n' undefined
(Font)              using `TU/phv/bx/n' instead on input line 100.


LaTeX Font Warning: Font shape `TU/phv/b/n' undefined
(Font)              using `TU/phv/bx/n' instead on input line 110.


LaTeX Font Warning: Font shape `TU/phv/b/n' undefined
(Font)              using `TU/phv/bx/n' instead on input line 120.


LaTeX Font Warning: Font shape `TU/phv/b/n' undefined
(Font)              using `TU/phv/bx/n' instead on input line 130.

) (./classschemas_1_1Delivery.tex

LaTeX Font Warning: Font shape `TU/phv/b/n' undefined
(Font)              using `TU/phv/bx/n' instead on input line 1.

File: classschemas_1_1Delivery__inherit__graph.pdf Graphic file (type pdf)
<use classschemas_1_1Delivery__inherit__graph.pdf>

LaTeX Font Warning: Font shape `TU/phv/b/n' undefined
(Font)              using `TU/phv/bx/n' instead on input line 13.


LaTeX Font Warning: Font shape `TU/phv/b/n' undefined
(Font)              using `TU/phv/bx/n' instead on input line 13.


LaTeX Font Warning: Font shape `TU/phv/b/n' undefined
(Font)              using `TU/phv/bx/n' instead on input line 13.

[117]
File: classschemas_1_1Delivery__coll__graph.pdf Graphic file (type pdf)
<use classschemas_1_1Delivery__coll__graph.pdf>


LaTeX Font Warning: Font shape `TU/phv/b/n' undefined
(Font)              using `TU/phv/bx/n' instead on input line 23.


LaTeX Font Warning: Font shape `TU/phv/b/n' undefined
(Font)              using `TU/phv/bx/n' instead on input line 28.


LaTeX Font Warning: Font shape `TU/phv/b/n' undefined
(Font)              using `TU/phv/bx/n' instead on input line 32.


LaTeX Font Warning: Font shape `TU/phv/b/n' undefined
(Font)              using `TU/phv/bx/n' instead on input line 32.


LaTeX Font Warning: Font shape `TU/phv/b/n' undefined
(Font)              using `TU/phv/bx/n' instead on input line 32.

[118]

LaTeX Font Warning: Font shape `TU/phv/b/n' undefined
(Font)              using `TU/phv/bx/n' instead on input line 35.


LaTeX Font Warning: Font shape `TU/phv/b/n' undefined
(Font)              using `TU/phv/bx/n' instead on input line 44.


LaTeX Font Warning: Font shape `TU/phv/b/n' undefined
(Font)              using `TU/phv/bx/n' instead on input line 47.

) (./classschemas_1_1DeliveryBase.tex

LaTeX Font Warning: Font shape `TU/phv/b/n' undefined
(Font)              using `TU/phv/bx/n' instead on input line 1.

File: classschemas_1_1DeliveryBase__inherit__graph.pdf Graphic file (type pdf)
<use classschemas_1_1DeliveryBase__inherit__graph.pdf>
File: classschemas_1_1DeliveryBase__coll__graph.pdf Graphic file (type pdf)
<use classschemas_1_1DeliveryBase__coll__graph.pdf>

LaTeX Font Warning: Font shape `TU/phv/b/n' undefined
(Font)              using `TU/phv/bx/n' instead on input line 23.


LaTeX Font Warning: Font shape `TU/phv/b/n' undefined
(Font)              using `TU/phv/bx/n' instead on input line 23.


LaTeX Font Warning: Font shape `TU/phv/b/n' undefined
(Font)              using `TU/phv/bx/n' instead on input line 23.

[119]

LaTeX Font Warning: Font shape `TU/phv/b/n' undefined
(Font)              using `TU/phv/bx/n' instead on input line 23.


LaTeX Font Warning: Font shape `TU/phv/b/n' undefined
(Font)              using `TU/phv/bx/n' instead on input line 30.


LaTeX Font Warning: Font shape `TU/phv/b/n' undefined
(Font)              using `TU/phv/bx/n' instead on input line 40.


LaTeX Font Warning: Font shape `TU/phv/b/n' undefined
(Font)              using `TU/phv/bx/n' instead on input line 43.

) (./classschemas_1_1DeliveryCreate.tex

LaTeX Font Warning: Font shape `TU/phv/b/n' undefined
(Font)              using `TU/phv/bx/n' instead on input line 1.

File: classschemas_1_1DeliveryCreate__inherit__graph.pdf Graphic file (type pdf
)
<use classschemas_1_1DeliveryCreate__inherit__graph.pdf>

LaTeX Font Warning: Font shape `TU/phv/b/n' undefined
(Font)              using `TU/phv/bx/n' instead on input line 13.


LaTeX Font Warning: Font shape `TU/phv/b/n' undefined
(Font)              using `TU/phv/bx/n' instead on input line 13.


LaTeX Font Warning: Font shape `TU/phv/b/n' undefined
(Font)              using `TU/phv/bx/n' instead on input line 13.

[120]
File: classschemas_1_1DeliveryCreate__coll__graph.pdf Graphic file (type pdf)
<use classschemas_1_1DeliveryCreate__coll__graph.pdf>


LaTeX Font Warning: Font shape `TU/phv/b/n' undefined
(Font)              using `TU/phv/bx/n' instead on input line 23.


LaTeX Font Warning: Font shape `TU/phv/b/n' undefined
(Font)              using `TU/phv/bx/n' instead on input line 24.


LaTeX Font Warning: Font shape `TU/phv/b/n' undefined
(Font)              using `TU/phv/bx/n' instead on input line 31.

) (./classmodels_1_1FAQ.tex

LaTeX Font Warning: Font shape `TU/phv/b/n' undefined
(Font)              using `TU/phv/bx/n' instead on input line 1.

File: classmodels_1_1FAQ__inherit__graph.pdf Graphic file (type pdf)
<use classmodels_1_1FAQ__inherit__graph.pdf>

LaTeX Font Warning: Font shape `TU/phv/b/n' undefined
(Font)              using `TU/phv/bx/n' instead on input line 13.


LaTeX Font Warning: Font shape `TU/phv/b/n' undefined
(Font)              using `TU/phv/bx/n' instead on input line 13.


LaTeX Font Warning: Font shape `TU/phv/b/n' undefined
(Font)              using `TU/phv/bx/n' instead on input line 13.

[121]
File: classmodels_1_1FAQ__coll__graph.pdf Graphic file (type pdf)
<use classmodels_1_1FAQ__coll__graph.pdf>


LaTeX Font Warning: Font shape `TU/phv/b/n' undefined
(Font)              using `TU/phv/bx/n' instead on input line 23.


LaTeX Font Warning: Font shape `TU/phv/b/n' undefined
(Font)              using `TU/phv/bx/n' instead on input line 36.


LaTeX Font Warning: Font shape `TU/phv/b/n' undefined
(Font)              using `TU/phv/bx/n' instead on input line 43.


LaTeX Font Warning: Font shape `TU/phv/b/n' undefined
(Font)              using `TU/phv/bx/n' instead on input line 44.


LaTeX Font Warning: Font shape `TU/phv/b/n' undefined
(Font)              using `TU/phv/bx/n' instead on input line 44.


LaTeX Font Warning: Font shape `TU/phv/b/n' undefined
(Font)              using `TU/phv/bx/n' instead on input line 44.

[122]

LaTeX Font Warning: Font shape `TU/phv/b/n' undefined
(Font)              using `TU/phv/bx/n' instead on input line 53.


LaTeX Font Warning: Font shape `TU/phv/b/n' undefined
(Font)              using `TU/phv/bx/n' instead on input line 56.


LaTeX Font Warning: Font shape `TU/phv/b/n' undefined
(Font)              using `TU/phv/bx/n' instead on input line 66.


LaTeX Font Warning: Font shape `TU/phv/b/n' undefined
(Font)              using `TU/phv/bx/n' instead on input line 76.


LaTeX Font Warning: Font shape `TU/phv/b/n' undefined
(Font)              using `TU/phv/bx/n' instead on input line 86.


LaTeX Font Warning: Font shape `TU/phv/b/n' undefined
(Font)              using `TU/phv/bx/n' instead on input line 96.


LaTeX Font Warning: Font shape `TU/phv/b/n' undefined
(Font)              using `TU/phv/bx/n' instead on input line 106.

) (./classschemas_1_1FAQ.tex

LaTeX Font Warning: Font shape `TU/phv/b/n' undefined
(Font)              using `TU/phv/bx/n' instead on input line 1.

File: classschemas_1_1FAQ__inherit__graph.pdf Graphic file (type pdf)
<use classschemas_1_1FAQ__inherit__graph.pdf>

LaTeX Font Warning: Font shape `TU/phv/b/n' undefined
(Font)              using `TU/phv/bx/n' instead on input line 13.


LaTeX Font Warning: Font shape `TU/phv/b/n' undefined
(Font)              using `TU/phv/bx/n' instead on input line 13.


LaTeX Font Warning: Font shape `TU/phv/b/n' undefined
(Font)              using `TU/phv/bx/n' instead on input line 13.

[123]
File: classschemas_1_1FAQ__coll__graph.pdf Graphic file (type pdf)
<use classschemas_1_1FAQ__coll__graph.pdf>


LaTeX Font Warning: Font shape `TU/phv/b/n' undefined
(Font)              using `TU/phv/bx/n' instead on input line 23.


LaTeX Font Warning: Font shape `TU/phv/b/n' undefined
(Font)              using `TU/phv/bx/n' instead on input line 28.


LaTeX Font Warning: Font shape `TU/phv/b/n' undefined
(Font)              using `TU/phv/bx/n' instead on input line 32.


LaTeX Font Warning: Font shape `TU/phv/b/n' undefined
(Font)              using `TU/phv/bx/n' instead on input line 32.


LaTeX Font Warning: Font shape `TU/phv/b/n' undefined
(Font)              using `TU/phv/bx/n' instead on input line 32.

[124]

LaTeX Font Warning: Font shape `TU/phv/b/n' undefined
(Font)              using `TU/phv/bx/n' instead on input line 35.


LaTeX Font Warning: Font shape `TU/phv/b/n' undefined
(Font)              using `TU/phv/bx/n' instead on input line 44.


LaTeX Font Warning: Font shape `TU/phv/b/n' undefined
(Font)              using `TU/phv/bx/n' instead on input line 47.

) (./classschemas_1_1FAQBase.tex

LaTeX Font Warning: Font shape `TU/phv/b/n' undefined
(Font)              using `TU/phv/bx/n' instead on input line 1.

File: classschemas_1_1FAQBase__inherit__graph.pdf Graphic file (type pdf)
<use classschemas_1_1FAQBase__inherit__graph.pdf>
File: classschemas_1_1FAQBase__coll__graph.pdf Graphic file (type pdf)
<use classschemas_1_1FAQBase__coll__graph.pdf>

LaTeX Font Warning: Font shape `TU/phv/b/n' undefined
(Font)              using `TU/phv/bx/n' instead on input line 23.


LaTeX Font Warning: Font shape `TU/phv/b/n' undefined
(Font)              using `TU/phv/bx/n' instead on input line 23.


LaTeX Font Warning: Font shape `TU/phv/b/n' undefined
(Font)              using `TU/phv/bx/n' instead on input line 23.

[125]

LaTeX Font Warning: Font shape `TU/phv/b/n' undefined
(Font)              using `TU/phv/bx/n' instead on input line 23.


LaTeX Font Warning: Font shape `TU/phv/b/n' undefined
(Font)              using `TU/phv/bx/n' instead on input line 30.


LaTeX Font Warning: Font shape `TU/phv/b/n' undefined
(Font)              using `TU/phv/bx/n' instead on input line 40.


LaTeX Font Warning: Font shape `TU/phv/b/n' undefined
(Font)              using `TU/phv/bx/n' instead on input line 43.

) (./classschemas_1_1FAQCreate.tex

LaTeX Font Warning: Font shape `TU/phv/b/n' undefined
(Font)              using `TU/phv/bx/n' instead on input line 1.

File: classschemas_1_1FAQCreate__inherit__graph.pdf Graphic file (type pdf)
<use classschemas_1_1FAQCreate__inherit__graph.pdf>

LaTeX Font Warning: Font shape `TU/phv/b/n' undefined
(Font)              using `TU/phv/bx/n' instead on input line 13.


LaTeX Font Warning: Font shape `TU/phv/b/n' undefined
(Font)              using `TU/phv/bx/n' instead on input line 13.


LaTeX Font Warning: Font shape `TU/phv/b/n' undefined
(Font)              using `TU/phv/bx/n' instead on input line 13.

[126]
File: classschemas_1_1FAQCreate__coll__graph.pdf Graphic file (type pdf)
<use classschemas_1_1FAQCreate__coll__graph.pdf>


LaTeX Font Warning: Font shape `TU/phv/b/n' undefined
(Font)              using `TU/phv/bx/n' instead on input line 23.


LaTeX Font Warning: Font shape `TU/phv/b/n' undefined
(Font)              using `TU/phv/bx/n' instead on input line 24.


LaTeX Font Warning: Font shape `TU/phv/b/n' undefined
(Font)              using `TU/phv/bx/n' instead on input line 31.

) (./classmodels_1_1LoyaltyPoint.tex

LaTeX Font Warning: Font shape `TU/phv/b/n' undefined
(Font)              using `TU/phv/bx/n' instead on input line 1.

File: classmodels_1_1LoyaltyPoint__inherit__graph.pdf Graphic file (type pdf)
<use classmodels_1_1LoyaltyPoint__inherit__graph.pdf>

LaTeX Font Warning: Font shape `TU/phv/b/n' undefined
(Font)              using `TU/phv/bx/n' instead on input line 13.


LaTeX Font Warning: Font shape `TU/phv/b/n' undefined
(Font)              using `TU/phv/bx/n' instead on input line 13.


LaTeX Font Warning: Font shape `TU/phv/b/n' undefined
(Font)              using `TU/phv/bx/n' instead on input line 13.

[127]
File: classmodels_1_1LoyaltyPoint__coll__graph.pdf Graphic file (type pdf)
<use classmodels_1_1LoyaltyPoint__coll__graph.pdf>


LaTeX Font Warning: Font shape `TU/phv/b/n' undefined
(Font)              using `TU/phv/bx/n' instead on input line 23.


LaTeX Font Warning: Font shape `TU/phv/b/n' undefined
(Font)              using `TU/phv/bx/n' instead on input line 40.


LaTeX Font Warning: Font shape `TU/phv/b/n' undefined
(Font)              using `TU/phv/bx/n' instead on input line 47.


LaTeX Font Warning: Font shape `TU/phv/b/n' undefined
(Font)              using `TU/phv/bx/n' instead on input line 48.


LaTeX Font Warning: Font shape `TU/phv/b/n' undefined
(Font)              using `TU/phv/bx/n' instead on input line 48.


LaTeX Font Warning: Font shape `TU/phv/b/n' undefined
(Font)              using `TU/phv/bx/n' instead on input line 48.

[128]

LaTeX Font Warning: Font shape `TU/phv/b/n' undefined
(Font)              using `TU/phv/bx/n' instead on input line 57.


LaTeX Font Warning: Font shape `TU/phv/b/n' undefined
(Font)              using `TU/phv/bx/n' instead on input line 60.


LaTeX Font Warning: Font shape `TU/phv/b/n' undefined
(Font)              using `TU/phv/bx/n' instead on input line 70.


LaTeX Font Warning: Font shape `TU/phv/b/n' undefined
(Font)              using `TU/phv/bx/n' instead on input line 80.


LaTeX Font Warning: Font shape `TU/phv/b/n' undefined
(Font)              using `TU/phv/bx/n' instead on input line 90.


LaTeX Font Warning: Font shape `TU/phv/b/n' undefined
(Font)              using `TU/phv/bx/n' instead on input line 100.


LaTeX Font Warning: Font shape `TU/phv/b/n' undefined
(Font)              using `TU/phv/bx/n' instead on input line 110.


LaTeX Font Warning: Font shape `TU/phv/b/n' undefined
(Font)              using `TU/phv/bx/n' instead on input line 120.


LaTeX Font Warning: Font shape `TU/phv/b/n' undefined
(Font)              using `TU/phv/bx/n' instead on input line 130.


LaTeX Font Warning: Font shape `TU/phv/b/n' undefined
(Font)              using `TU/phv/bx/n' instead on input line 142.


LaTeX Font Warning: Font shape `TU/phv/b/n' undefined
(Font)              using `TU/phv/bx/n' instead on input line 142.


LaTeX Font Warning: Font shape `TU/phv/b/n' undefined
(Font)              using `TU/phv/bx/n' instead on input line 142.

[129]) (./classschemas_1_1LoyaltyPoint.tex

LaTeX Font Warning: Font shape `TU/phv/b/n' undefined
(Font)              using `TU/phv/bx/n' instead on input line 1.

File: classschemas_1_1LoyaltyPoint__inherit__graph.pdf Graphic file (type pdf)
<use classschemas_1_1LoyaltyPoint__inherit__graph.pdf>
File: classschemas_1_1LoyaltyPoint__coll__graph.pdf Graphic file (type pdf)
<use classschemas_1_1LoyaltyPoint__coll__graph.pdf>

LaTeX Font Warning: Font shape `TU/phv/b/n' undefined
(Font)              using `TU/phv/bx/n' instead on input line 23.


LaTeX Font Warning: Font shape `TU/phv/b/n' undefined
(Font)              using `TU/phv/bx/n' instead on input line 23.


LaTeX Font Warning: Font shape `TU/phv/b/n' undefined
(Font)              using `TU/phv/bx/n' instead on input line 23.

[130]

LaTeX Font Warning: Font shape `TU/phv/b/n' undefined
(Font)              using `TU/phv/bx/n' instead on input line 23.


LaTeX Font Warning: Font shape `TU/phv/b/n' undefined
(Font)              using `TU/phv/bx/n' instead on input line 28.


LaTeX Font Warning: Font shape `TU/phv/b/n' undefined
(Font)              using `TU/phv/bx/n' instead on input line 35.


LaTeX Font Warning: Font shape `TU/phv/b/n' undefined
(Font)              using `TU/phv/bx/n' instead on input line 44.


LaTeX Font Warning: Font shape `TU/phv/b/n' undefined
(Font)              using `TU/phv/bx/n' instead on input line 47.

) (./classschemas_1_1LoyaltyPointBase.tex

LaTeX Font Warning: Font shape `TU/phv/b/n' undefined
(Font)              using `TU/phv/bx/n' instead on input line 1.

File: classschemas_1_1LoyaltyPointBase__inherit__graph.pdf Graphic file (type p
df)
<use classschemas_1_1LoyaltyPointBase__inherit__graph.pdf>

LaTeX Font Warning: Font shape `TU/phv/b/n' undefined
(Font)              using `TU/phv/bx/n' instead on input line 13.


LaTeX Font Warning: Font shape `TU/phv/b/n' undefined
(Font)              using `TU/phv/bx/n' instead on input line 13.


LaTeX Font Warning: Font shape `TU/phv/b/n' undefined
(Font)              using `TU/phv/bx/n' instead on input line 13.

[131]
File: classschemas_1_1LoyaltyPointBase__coll__graph.pdf Graphic file (type pdf)

<use classschemas_1_1LoyaltyPointBase__coll__graph.pdf>


LaTeX Font Warning: Font shape `TU/phv/b/n' undefined
(Font)              using `TU/phv/bx/n' instead on input line 23.


LaTeX Font Warning: Font shape `TU/phv/b/n' undefined
(Font)              using `TU/phv/bx/n' instead on input line 30.


LaTeX Font Warning: Font shape `TU/phv/b/n' undefined
(Font)              using `TU/phv/bx/n' instead on input line 40.


LaTeX Font Warning: Font shape `TU/phv/b/n' undefined
(Font)              using `TU/phv/bx/n' instead on input line 43.


LaTeX Font Warning: Font shape `TU/phv/b/n' undefined
(Font)              using `TU/phv/bx/n' instead on input line 55.


LaTeX Font Warning: Font shape `TU/phv/b/n' undefined
(Font)              using `TU/phv/bx/n' instead on input line 55.


LaTeX Font Warning: Font shape `TU/phv/b/n' undefined
(Font)              using `TU/phv/bx/n' instead on input line 55.

[132]) (./classschemas_1_1LoyaltyPointCreate.tex

LaTeX Font Warning: Font shape `TU/phv/b/n' undefined
(Font)              using `TU/phv/bx/n' instead on input line 1.

File: classschemas_1_1LoyaltyPointCreate__inherit__graph.pdf Graphic file (type
 pdf)
<use classschemas_1_1LoyaltyPointCreate__inherit__graph.pdf>
File: classschemas_1_1LoyaltyPointCreate__coll__graph.pdf Graphic file (type pd
f)
<use classschemas_1_1LoyaltyPointCreate__coll__graph.pdf>

LaTeX Font Warning: Font shape `TU/phv/b/n' undefined
(Font)              using `TU/phv/bx/n' instead on input line 23.


LaTeX Font Warning: Font shape `TU/phv/b/n' undefined
(Font)              using `TU/phv/bx/n' instead on input line 24.


LaTeX Font Warning: Font shape `TU/phv/b/n' undefined
(Font)              using `TU/phv/bx/n' instead on input line 28.


LaTeX Font Warning: Font shape `TU/phv/b/n' undefined
(Font)              using `TU/phv/bx/n' instead on input line 28.


LaTeX Font Warning: Font shape `TU/phv/b/n' undefined
(Font)              using `TU/phv/bx/n' instead on input line 28.

[133]

LaTeX Font Warning: Font shape `TU/phv/b/n' undefined
(Font)              using `TU/phv/bx/n' instead on input line 31.

) (./classmodels_1_1MenuItem.tex

LaTeX Font Warning: Font shape `TU/phv/b/n' undefined
(Font)              using `TU/phv/bx/n' instead on input line 1.

File: classmodels_1_1MenuItem__inherit__graph.pdf Graphic file (type pdf)
<use classmodels_1_1MenuItem__inherit__graph.pdf>
File: classmodels_1_1MenuItem__coll__graph.pdf Graphic file (type pdf)
<use classmodels_1_1MenuItem__coll__graph.pdf>

LaTeX Font Warning: Font shape `TU/phv/b/n' undefined
(Font)              using `TU/phv/bx/n' instead on input line 23.


LaTeX Font Warning: Font shape `TU/phv/b/n' undefined
(Font)              using `TU/phv/bx/n' instead on input line 40.


LaTeX Font Warning: Font shape `TU/phv/b/n' undefined
(Font)              using `TU/phv/bx/n' instead on input line 40.


LaTeX Font Warning: Font shape `TU/phv/b/n' undefined
(Font)              using `TU/phv/bx/n' instead on input line 40.

[134]

LaTeX Font Warning: Font shape `TU/phv/b/n' undefined
(Font)              using `TU/phv/bx/n' instead on input line 52.


LaTeX Font Warning: Font shape `TU/phv/b/n' undefined
(Font)              using `TU/phv/bx/n' instead on input line 59.


LaTeX Font Warning: Font shape `TU/phv/b/n' undefined
(Font)              using `TU/phv/bx/n' instead on input line 69.


LaTeX Font Warning: Font shape `TU/phv/b/n' undefined
(Font)              using `TU/phv/bx/n' instead on input line 72.


LaTeX Font Warning: Font shape `TU/phv/b/n' undefined
(Font)              using `TU/phv/bx/n' instead on input line 82.


LaTeX Font Warning: Font shape `TU/phv/b/n' undefined
(Font)              using `TU/phv/bx/n' instead on input line 92.


LaTeX Font Warning: Font shape `TU/phv/b/n' undefined
(Font)              using `TU/phv/bx/n' instead on input line 102.


LaTeX Font Warning: Font shape `TU/phv/b/n' undefined
(Font)              using `TU/phv/bx/n' instead on input line 112.


LaTeX Font Warning: Font shape `TU/phv/b/n' undefined
(Font)              using `TU/phv/bx/n' instead on input line 122.


LaTeX Font Warning: Font shape `TU/phv/b/n' undefined
(Font)              using `TU/phv/bx/n' instead on input line 128.


LaTeX Font Warning: Font shape `TU/phv/b/n' undefined
(Font)              using `TU/phv/bx/n' instead on input line 128.


LaTeX Font Warning: Font shape `TU/phv/b/n' undefined
(Font)              using `TU/phv/bx/n' instead on input line 128.

[135]

LaTeX Font Warning: Font shape `TU/phv/b/n' undefined
(Font)              using `TU/phv/bx/n' instead on input line 132.


LaTeX Font Warning: Font shape `TU/phv/b/n' undefined
(Font)              using `TU/phv/bx/n' instead on input line 142.


LaTeX Font Warning: Font shape `TU/phv/b/n' undefined
(Font)              using `TU/phv/bx/n' instead on input line 152.


LaTeX Font Warning: Font shape `TU/phv/b/n' undefined
(Font)              using `TU/phv/bx/n' instead on input line 162.


LaTeX Font Warning: Font shape `TU/phv/b/n' undefined
(Font)              using `TU/phv/bx/n' instead on input line 172.


LaTeX Font Warning: Font shape `TU/phv/b/n' undefined
(Font)              using `TU/phv/bx/n' instead on input line 182.


LaTeX Font Warning: Font shape `TU/phv/b/n' undefined
(Font)              using `TU/phv/bx/n' instead on input line 192.


LaTeX Font Warning: Font shape `TU/phv/b/n' undefined
(Font)              using `TU/phv/bx/n' instead on input line 202.


LaTeX Font Warning: Font shape `TU/phv/b/n' undefined
(Font)              using `TU/phv/bx/n' instead on input line 208.


LaTeX Font Warning: Font shape `TU/phv/b/n' undefined
(Font)              using `TU/phv/bx/n' instead on input line 208.


LaTeX Font Warning: Font shape `TU/phv/b/n' undefined
(Font)              using `TU/phv/bx/n' instead on input line 208.

[136]) (./classschemas_1_1MenuItem.tex

LaTeX Font Warning: Font shape `TU/phv/b/n' undefined
(Font)              using `TU/phv/bx/n' instead on input line 1.

File: classschemas_1_1MenuItem__inherit__graph.pdf Graphic file (type pdf)
<use classschemas_1_1MenuItem__inherit__graph.pdf>
File: classschemas_1_1MenuItem__coll__graph.pdf Graphic file (type pdf)
<use classschemas_1_1MenuItem__coll__graph.pdf>

LaTeX Font Warning: Font shape `TU/phv/b/n' undefined
(Font)              using `TU/phv/bx/n' instead on input line 23.


LaTeX Font Warning: Font shape `TU/phv/b/n' undefined
(Font)              using `TU/phv/bx/n' instead on input line 23.


LaTeX Font Warning: Font shape `TU/phv/b/n' undefined
(Font)              using `TU/phv/bx/n' instead on input line 23.

[137]

LaTeX Font Warning: Font shape `TU/phv/b/n' undefined
(Font)              using `TU/phv/bx/n' instead on input line 23.


LaTeX Font Warning: Font shape `TU/phv/b/n' undefined
(Font)              using `TU/phv/bx/n' instead on input line 28.


LaTeX Font Warning: Font shape `TU/phv/b/n' undefined
(Font)              using `TU/phv/bx/n' instead on input line 39.


LaTeX Font Warning: Font shape `TU/phv/b/n' undefined
(Font)              using `TU/phv/bx/n' instead on input line 48.


LaTeX Font Warning: Font shape `TU/phv/b/n' undefined
(Font)              using `TU/phv/bx/n' instead on input line 51.

) (./classschemas_1_1MenuItemBase.tex

LaTeX Font Warning: Font shape `TU/phv/b/n' undefined
(Font)              using `TU/phv/bx/n' instead on input line 1.

File: classschemas_1_1MenuItemBase__inherit__graph.pdf Graphic file (type pdf)
<use classschemas_1_1MenuItemBase__inherit__graph.pdf>

LaTeX Font Warning: Font shape `TU/phv/b/n' undefined
(Font)              using `TU/phv/bx/n' instead on input line 13.


LaTeX Font Warning: Font shape `TU/phv/b/n' undefined
(Font)              using `TU/phv/bx/n' instead on input line 13.


LaTeX Font Warning: Font shape `TU/phv/b/n' undefined
(Font)              using `TU/phv/bx/n' instead on input line 13.

[138]
File: classschemas_1_1MenuItemBase__coll__graph.pdf Graphic file (type pdf)
<use classschemas_1_1MenuItemBase__coll__graph.pdf>


LaTeX Font Warning: Font shape `TU/phv/b/n' undefined
(Font)              using `TU/phv/bx/n' instead on input line 23.


LaTeX Font Warning: Font shape `TU/phv/b/n' undefined
(Font)              using `TU/phv/bx/n' instead on input line 34.


LaTeX Font Warning: Font shape `TU/phv/b/n' undefined
(Font)              using `TU/phv/bx/n' instead on input line 44.


LaTeX Font Warning: Font shape `TU/phv/b/n' undefined
(Font)              using `TU/phv/bx/n' instead on input line 47.


LaTeX Font Warning: Font shape `TU/phv/b/n' undefined
(Font)              using `TU/phv/bx/n' instead on input line 57.


LaTeX Font Warning: Font shape `TU/phv/b/n' undefined
(Font)              using `TU/phv/bx/n' instead on input line 67.


LaTeX Font Warning: Font shape `TU/phv/b/n' undefined
(Font)              using `TU/phv/bx/n' instead on input line 67.


LaTeX Font Warning: Font shape `TU/phv/b/n' undefined
(Font)              using `TU/phv/bx/n' instead on input line 67.

[139]

LaTeX Font Warning: Font shape `TU/phv/b/n' undefined
(Font)              using `TU/phv/bx/n' instead on input line 67.

) (./classschemas_1_1MenuItemCreate.tex

LaTeX Font Warning: Font shape `TU/phv/b/n' undefined
(Font)              using `TU/phv/bx/n' instead on input line 1.

File: classschemas_1_1MenuItemCreate__inherit__graph.pdf Graphic file (type pdf
)
<use classschemas_1_1MenuItemCreate__inherit__graph.pdf>
File: classschemas_1_1MenuItemCreate__coll__graph.pdf Graphic file (type pdf)
<use classschemas_1_1MenuItemCreate__coll__graph.pdf>

LaTeX Font Warning: Font shape `TU/phv/b/n' undefined
(Font)              using `TU/phv/bx/n' instead on input line 23.


LaTeX Font Warning: Font shape `TU/phv/b/n' undefined
(Font)              using `TU/phv/bx/n' instead on input line 23.


LaTeX Font Warning: Font shape `TU/phv/b/n' undefined
(Font)              using `TU/phv/bx/n' instead on input line 23.

[140]

LaTeX Font Warning: Font shape `TU/phv/b/n' undefined
(Font)              using `TU/phv/bx/n' instead on input line 23.


LaTeX Font Warning: Font shape `TU/phv/b/n' undefined
(Font)              using `TU/phv/bx/n' instead on input line 24.


LaTeX Font Warning: Font shape `TU/phv/b/n' undefined
(Font)              using `TU/phv/bx/n' instead on input line 35.

) (./classschemas_1_1MenuItemWithRestaurant.tex

LaTeX Font Warning: Font shape `TU/phv/b/n' undefined
(Font)              using `TU/phv/bx/n' instead on input line 1.

File: classschemas_1_1MenuItemWithRestaurant__inherit__graph.pdf Graphic file (
type pdf)
<use classschemas_1_1MenuItemWithRestaurant__inherit__graph.pdf>

LaTeX Font Warning: Font shape `TU/phv/b/n' undefined
(Font)              using `TU/phv/bx/n' instead on input line 13.


LaTeX Font Warning: Font shape `TU/phv/b/n' undefined
(Font)              using `TU/phv/bx/n' instead on input line 13.


LaTeX Font Warning: Font shape `TU/phv/b/n' undefined
(Font)              using `TU/phv/bx/n' instead on input line 13.

[141]
File: classschemas_1_1MenuItemWithRestaurant__coll__graph.pdf Graphic file (typ
e pdf)
<use classschemas_1_1MenuItemWithRestaurant__coll__graph.pdf>


LaTeX Font Warning: Font shape `TU/phv/b/n' undefined
(Font)              using `TU/phv/bx/n' instead on input line 23.


LaTeX Font Warning: Font shape `TU/phv/b/n' undefined
(Font)              using `TU/phv/bx/n' instead on input line 30.


LaTeX Font Warning: Font shape `TU/phv/b/n' undefined
(Font)              using `TU/phv/bx/n' instead on input line 41.


LaTeX Font Warning: Font shape `TU/phv/b/n' undefined
(Font)              using `TU/phv/bx/n' instead on input line 50.


LaTeX Font Warning: Font shape `TU/phv/b/n' undefined
(Font)              using `TU/phv/bx/n' instead on input line 50.


LaTeX Font Warning: Font shape `TU/phv/b/n' undefined
(Font)              using `TU/phv/bx/n' instead on input line 50.

[142]

LaTeX Font Warning: Font shape `TU/phv/b/n' undefined
(Font)              using `TU/phv/bx/n' instead on input line 50.


LaTeX Font Warning: Font shape `TU/phv/b/n' undefined
(Font)              using `TU/phv/bx/n' instead on input line 53.


LaTeX Font Warning: Font shape `TU/phv/b/n' undefined
(Font)              using `TU/phv/bx/n' instead on input line 63.

) (./classschemas_1_1MenuItemWithReviews.tex

LaTeX Font Warning: Font shape `TU/phv/b/n' undefined
(Font)              using `TU/phv/bx/n' instead on input line 1.

File: classschemas_1_1MenuItemWithReviews__inherit__graph.pdf Graphic file (typ
e pdf)
<use classschemas_1_1MenuItemWithReviews__inherit__graph.pdf>
File: classschemas_1_1MenuItemWithReviews__coll__graph.pdf Graphic file (type p
df)
<use classschemas_1_1MenuItemWithReviews__coll__graph.pdf>

LaTeX Font Warning: Font shape `TU/phv/b/n' undefined
(Font)              using `TU/phv/bx/n' instead on input line 23.


LaTeX Font Warning: Font shape `TU/phv/b/n' undefined
(Font)              using `TU/phv/bx/n' instead on input line 23.


LaTeX Font Warning: Font shape `TU/phv/b/n' undefined
(Font)              using `TU/phv/bx/n' instead on input line 23.

[143]

LaTeX Font Warning: Font shape `TU/phv/b/n' undefined
(Font)              using `TU/phv/bx/n' instead on input line 23.


LaTeX Font Warning: Font shape `TU/phv/b/n' undefined
(Font)              using `TU/phv/bx/n' instead on input line 34.


LaTeX Font Warning: Font shape `TU/phv/b/n' undefined
(Font)              using `TU/phv/bx/n' instead on input line 45.


LaTeX Font Warning: Font shape `TU/phv/b/n' undefined
(Font)              using `TU/phv/bx/n' instead on input line 55.


LaTeX Font Warning: Font shape `TU/phv/b/n' undefined
(Font)              using `TU/phv/bx/n' instead on input line 58.


LaTeX Font Warning: Font shape `TU/phv/b/n' undefined
(Font)              using `TU/phv/bx/n' instead on input line 68.


LaTeX Font Warning: Font shape `TU/phv/b/n' undefined
(Font)              using `TU/phv/bx/n' instead on input line 78.


LaTeX Font Warning: Font shape `TU/phv/b/n' undefined
(Font)              using `TU/phv/bx/n' instead on input line 88.


LaTeX Font Warning: Font shape `TU/phv/b/n' undefined
(Font)              using `TU/phv/bx/n' instead on input line 94.


LaTeX Font Warning: Font shape `TU/phv/b/n' undefined
(Font)              using `TU/phv/bx/n' instead on input line 94.


LaTeX Font Warning: Font shape `TU/phv/b/n' undefined
(Font)              using `TU/phv/bx/n' instead on input line 94.

[144]) (./classmodels_1_1Notification.tex

LaTeX Font Warning: Font shape `TU/phv/b/n' undefined
(Font)              using `TU/phv/bx/n' instead on input line 1.

File: classmodels_1_1Notification__inherit__graph.pdf Graphic file (type pdf)
<use classmodels_1_1Notification__inherit__graph.pdf>
File: classmodels_1_1Notification__coll__graph.pdf Graphic file (type pdf)
<use classmodels_1_1Notification__coll__graph.pdf>

LaTeX Font Warning: Font shape `TU/phv/b/n' undefined
(Font)              using `TU/phv/bx/n' instead on input line 23.


LaTeX Font Warning: Font shape `TU/phv/b/n' undefined
(Font)              using `TU/phv/bx/n' instead on input line 28.


LaTeX Font Warning: Font shape `TU/phv/b/n' undefined
(Font)              using `TU/phv/bx/n' instead on input line 28.


LaTeX Font Warning: Font shape `TU/phv/b/n' undefined
(Font)              using `TU/phv/bx/n' instead on input line 28.

[145]

LaTeX Font Warning: Font shape `TU/phv/b/n' undefined
(Font)              using `TU/phv/bx/n' instead on input line 50.


LaTeX Font Warning: Font shape `TU/phv/b/n' undefined
(Font)              using `TU/phv/bx/n' instead on input line 57.


LaTeX Font Warning: Font shape `TU/phv/b/n' undefined
(Font)              using `TU/phv/bx/n' instead on input line 67.


LaTeX Font Warning: Font shape `TU/phv/b/n' undefined
(Font)              using `TU/phv/bx/n' instead on input line 70.


LaTeX Font Warning: Font shape `TU/phv/b/n' undefined
(Font)              using `TU/phv/bx/n' instead on input line 80.


LaTeX Font Warning: Font shape `TU/phv/b/n' undefined
(Font)              using `TU/phv/bx/n' instead on input line 90.


LaTeX Font Warning: Font shape `TU/phv/b/n' undefined
(Font)              using `TU/phv/bx/n' instead on input line 100.


LaTeX Font Warning: Font shape `TU/phv/b/n' undefined
(Font)              using `TU/phv/bx/n' instead on input line 110.


LaTeX Font Warning: Font shape `TU/phv/b/n' undefined
(Font)              using `TU/phv/bx/n' instead on input line 120.


LaTeX Font Warning: Font shape `TU/phv/b/n' undefined
(Font)              using `TU/phv/bx/n' instead on input line 130.


LaTeX Font Warning: Font shape `TU/phv/b/n' undefined
(Font)              using `TU/phv/bx/n' instead on input line 130.


LaTeX Font Warning: Font shape `TU/phv/b/n' undefined
(Font)              using `TU/phv/bx/n' instead on input line 130.

[146]

LaTeX Font Warning: Font shape `TU/phv/b/n' undefined
(Font)              using `TU/phv/bx/n' instead on input line 130.


LaTeX Font Warning: Font shape `TU/phv/b/n' undefined
(Font)              using `TU/phv/bx/n' instead on input line 140.


LaTeX Font Warning: Font shape `TU/phv/b/n' undefined
(Font)              using `TU/phv/bx/n' instead on input line 150.


LaTeX Font Warning: Font shape `TU/phv/b/n' undefined
(Font)              using `TU/phv/bx/n' instead on input line 160.


LaTeX Font Warning: Font shape `TU/phv/b/n' undefined
(Font)              using `TU/phv/bx/n' instead on input line 170.


LaTeX Font Warning: Font shape `TU/phv/b/n' undefined
(Font)              using `TU/phv/bx/n' instead on input line 180.


LaTeX Font Warning: Font shape `TU/phv/b/n' undefined
(Font)              using `TU/phv/bx/n' instead on input line 190.

) (./classschemas_1_1Notification.tex

LaTeX Font Warning: Font shape `TU/phv/b/n' undefined
(Font)              using `TU/phv/bx/n' instead on input line 1.

File: classschemas_1_1Notification__inherit__graph.pdf Graphic file (type pdf)
<use classschemas_1_1Notification__inherit__graph.pdf>

LaTeX Font Warning: Font shape `TU/phv/b/n' undefined
(Font)              using `TU/phv/bx/n' instead on input line 13.


LaTeX Font Warning: Font shape `TU/phv/b/n' undefined
(Font)              using `TU/phv/bx/n' instead on input line 13.


LaTeX Font Warning: Font shape `TU/phv/b/n' undefined
(Font)              using `TU/phv/bx/n' instead on input line 13.

[147]
File: classschemas_1_1Notification__coll__graph.pdf Graphic file (type pdf)
<use classschemas_1_1Notification__coll__graph.pdf>


LaTeX Font Warning: Font shape `TU/phv/b/n' undefined
(Font)              using `TU/phv/bx/n' instead on input line 23.


LaTeX Font Warning: Font shape `TU/phv/b/n' undefined
(Font)              using `TU/phv/bx/n' instead on input line 23.


LaTeX Font Warning: Font shape `TU/phv/b/n' undefined
(Font)              using `TU/phv/bx/n' instead on input line 23.

[148]

LaTeX Font Warning: Font shape `TU/phv/b/n' undefined
(Font)              using `TU/phv/bx/n' instead on input line 23.


LaTeX Font Warning: Font shape `TU/phv/b/n' undefined
(Font)              using `TU/phv/bx/n' instead on input line 28.


LaTeX Font Warning: Font shape `TU/phv/b/n' undefined
(Font)              using `TU/phv/bx/n' instead on input line 39.


LaTeX Font Warning: Font shape `TU/phv/b/n' undefined
(Font)              using `TU/phv/bx/n' instead on input line 48.


LaTeX Font Warning: Font shape `TU/phv/b/n' undefined
(Font)              using `TU/phv/bx/n' instead on input line 51.

) (./classschemas_1_1NotificationBase.tex

LaTeX Font Warning: Font shape `TU/phv/b/n' undefined
(Font)              using `TU/phv/bx/n' instead on input line 1.

File: classschemas_1_1NotificationBase__inherit__graph.pdf Graphic file (type p
df)
<use classschemas_1_1NotificationBase__inherit__graph.pdf>

LaTeX Font Warning: Font shape `TU/phv/b/n' undefined
(Font)              using `TU/phv/bx/n' instead on input line 13.


LaTeX Font Warning: Font shape `TU/phv/b/n' undefined
(Font)              using `TU/phv/bx/n' instead on input line 13.


LaTeX Font Warning: Font shape `TU/phv/b/n' undefined
(Font)              using `TU/phv/bx/n' instead on input line 13.

[149]
File: classschemas_1_1NotificationBase__coll__graph.pdf Graphic file (type pdf)

<use classschemas_1_1NotificationBase__coll__graph.pdf>


LaTeX Font Warning: Font shape `TU/phv/b/n' undefined
(Font)              using `TU/phv/bx/n' instead on input line 23.


LaTeX Font Warning: Font shape `TU/phv/b/n' undefined
(Font)              using `TU/phv/bx/n' instead on input line 34.


LaTeX Font Warning: Font shape `TU/phv/b/n' undefined
(Font)              using `TU/phv/bx/n' instead on input line 44.


LaTeX Font Warning: Font shape `TU/phv/b/n' undefined
(Font)              using `TU/phv/bx/n' instead on input line 47.


LaTeX Font Warning: Font shape `TU/phv/b/n' undefined
(Font)              using `TU/phv/bx/n' instead on input line 57.


LaTeX Font Warning: Font shape `TU/phv/b/n' undefined
(Font)              using `TU/phv/bx/n' instead on input line 57.


LaTeX Font Warning: Font shape `TU/phv/b/n' undefined
(Font)              using `TU/phv/bx/n' instead on input line 57.

[150]

LaTeX Font Warning: Font shape `TU/phv/b/n' undefined
(Font)              using `TU/phv/bx/n' instead on input line 57.


LaTeX Font Warning: Font shape `TU/phv/b/n' undefined
(Font)              using `TU/phv/bx/n' instead on input line 67.

) (./classschemas_1_1NotificationCreate.tex

LaTeX Font Warning: Font shape `TU/phv/b/n' undefined
(Font)              using `TU/phv/bx/n' instead on input line 1.

File: classschemas_1_1NotificationCreate__inherit__graph.pdf Graphic file (type
 pdf)
<use classschemas_1_1NotificationCreate__inherit__graph.pdf>
File: classschemas_1_1NotificationCreate__coll__graph.pdf Graphic file (type pd
f)
<use classschemas_1_1NotificationCreate__coll__graph.pdf>

LaTeX Font Warning: Font shape `TU/phv/b/n' undefined
(Font)              using `TU/phv/bx/n' instead on input line 23.


LaTeX Font Warning: Font shape `TU/phv/b/n' undefined
(Font)              using `TU/phv/bx/n' instead on input line 23.


LaTeX Font Warning: Font shape `TU/phv/b/n' undefined
(Font)              using `TU/phv/bx/n' instead on input line 23.

[151]

LaTeX Font Warning: Font shape `TU/phv/b/n' undefined
(Font)              using `TU/phv/bx/n' instead on input line 23.


LaTeX Font Warning: Font shape `TU/phv/b/n' undefined
(Font)              using `TU/phv/bx/n' instead on input line 24.


LaTeX Font Warning: Font shape `TU/phv/b/n' undefined
(Font)              using `TU/phv/bx/n' instead on input line 35.

) (./classschemas_1_1Order.tex

LaTeX Font Warning: Font shape `TU/phv/b/n' undefined
(Font)              using `TU/phv/bx/n' instead on input line 1.

File: classschemas_1_1Order__inherit__graph.pdf Graphic file (type pdf)
<use classschemas_1_1Order__inherit__graph.pdf>

LaTeX Font Warning: Font shape `TU/phv/b/n' undefined
(Font)              using `TU/phv/bx/n' instead on input line 13.


LaTeX Font Warning: Font shape `TU/phv/b/n' undefined
(Font)              using `TU/phv/bx/n' instead on input line 13.


LaTeX Font Warning: Font shape `TU/phv/b/n' undefined
(Font)              using `TU/phv/bx/n' instead on input line 13.

[152]
File: classschemas_1_1Order__coll__graph.pdf Graphic file (type pdf)
<use classschemas_1_1Order__coll__graph.pdf>


LaTeX Font Warning: Font shape `TU/phv/b/n' undefined
(Font)              using `TU/phv/bx/n' instead on input line 23.


LaTeX Font Warning: Font shape `TU/phv/b/n' undefined
(Font)              using `TU/phv/bx/n' instead on input line 30.


LaTeX Font Warning: Font shape `TU/phv/b/n' undefined
(Font)              using `TU/phv/bx/n' instead on input line 39.


LaTeX Font Warning: Font shape `TU/phv/b/n' undefined
(Font)              using `TU/phv/bx/n' instead on input line 48.


LaTeX Font Warning: Font shape `TU/phv/b/n' undefined
(Font)              using `TU/phv/bx/n' instead on input line 48.


LaTeX Font Warning: Font shape `TU/phv/b/n' undefined
(Font)              using `TU/phv/bx/n' instead on input line 48.

[153]

LaTeX Font Warning: Font shape `TU/phv/b/n' undefined
(Font)              using `TU/phv/bx/n' instead on input line 48.


LaTeX Font Warning: Font shape `TU/phv/b/n' undefined
(Font)              using `TU/phv/bx/n' instead on input line 51.


LaTeX Font Warning: Font shape `TU/phv/b/n' undefined
(Font)              using `TU/phv/bx/n' instead on input line 61.

) (./classschemas_1_1OrderBase.tex

LaTeX Font Warning: Font shape `TU/phv/b/n' undefined
(Font)              using `TU/phv/bx/n' instead on input line 1.

File: classschemas_1_1OrderBase__inherit__graph.pdf Graphic file (type pdf)
<use classschemas_1_1OrderBase__inherit__graph.pdf>
File: classschemas_1_1OrderBase__coll__graph.pdf Graphic file (type pdf)
<use classschemas_1_1OrderBase__coll__graph.pdf>

LaTeX Font Warning: Font shape `TU/phv/b/n' undefined
(Font)              using `TU/phv/bx/n' instead on input line 23.


LaTeX Font Warning: Font shape `TU/phv/b/n' undefined
(Font)              using `TU/phv/bx/n' instead on input line 28.


LaTeX Font Warning: Font shape `TU/phv/b/n' undefined
(Font)              using `TU/phv/bx/n' instead on input line 28.


LaTeX Font Warning: Font shape `TU/phv/b/n' undefined
(Font)              using `TU/phv/bx/n' instead on input line 28.

[154]

LaTeX Font Warning: Font shape `TU/phv/b/n' undefined
(Font)              using `TU/phv/bx/n' instead on input line 32.


LaTeX Font Warning: Font shape `TU/phv/b/n' undefined
(Font)              using `TU/phv/bx/n' instead on input line 42.


LaTeX Font Warning: Font shape `TU/phv/b/n' undefined
(Font)              using `TU/phv/bx/n' instead on input line 45.


LaTeX Font Warning: Font shape `TU/phv/b/n' undefined
(Font)              using `TU/phv/bx/n' instead on input line 55.

) (./classschemas_1_1OrderCreate.tex

LaTeX Font Warning: Font shape `TU/phv/b/n' undefined
(Font)              using `TU/phv/bx/n' instead on input line 1.

File: classschemas_1_1OrderCreate__inherit__graph.pdf Graphic file (type pdf)
<use classschemas_1_1OrderCreate__inherit__graph.pdf>
File: classschemas_1_1OrderCreate__coll__graph.pdf Graphic file (type pdf)
<use classschemas_1_1OrderCreate__coll__graph.pdf>

LaTeX Font Warning: Font shape `TU/phv/b/n' undefined
(Font)              using `TU/phv/bx/n' instead on input line 23.


LaTeX Font Warning: Font shape `TU/phv/b/n' undefined
(Font)              using `TU/phv/bx/n' instead on input line 23.


LaTeX Font Warning: Font shape `TU/phv/b/n' undefined
(Font)              using `TU/phv/bx/n' instead on input line 23.

[155]

LaTeX Font Warning: Font shape `TU/phv/b/n' undefined
(Font)              using `TU/phv/bx/n' instead on input line 23.


LaTeX Font Warning: Font shape `TU/phv/b/n' undefined
(Font)              using `TU/phv/bx/n' instead on input line 28.


LaTeX Font Warning: Font shape `TU/phv/b/n' undefined
(Font)              using `TU/phv/bx/n' instead on input line 37.


LaTeX Font Warning: Font shape `TU/phv/b/n' undefined
(Font)              using `TU/phv/bx/n' instead on input line 46.


LaTeX Font Warning: Font shape `TU/phv/b/n' undefined
(Font)              using `TU/phv/bx/n' instead on input line 49.

) (./classschemas_1_1OrderDetail.tex

LaTeX Font Warning: Font shape `TU/phv/b/n' undefined
(Font)              using `TU/phv/bx/n' instead on input line 1.

File: classschemas_1_1OrderDetail__inherit__graph.pdf Graphic file (type pdf)
<use classschemas_1_1OrderDetail__inherit__graph.pdf>

LaTeX Font Warning: Font shape `TU/phv/b/n' undefined
(Font)              using `TU/phv/bx/n' instead on input line 13.


LaTeX Font Warning: Font shape `TU/phv/b/n' undefined
(Font)              using `TU/phv/bx/n' instead on input line 13.


LaTeX Font Warning: Font shape `TU/phv/b/n' undefined
(Font)              using `TU/phv/bx/n' instead on input line 13.

[156]
File: classschemas_1_1OrderDetail__coll__graph.pdf Graphic file (type pdf)
<use classschemas_1_1OrderDetail__coll__graph.pdf>


LaTeX Font Warning: Font shape `TU/phv/b/n' undefined
(Font)              using `TU/phv/bx/n' instead on input line 23.


LaTeX Font Warning: Font shape `TU/phv/b/n' undefined
(Font)              using `TU/phv/bx/n' instead on input line 32.


LaTeX Font Warning: Font shape `TU/phv/b/n' undefined
(Font)              using `TU/phv/bx/n' instead on input line 41.


LaTeX Font Warning: Font shape `TU/phv/b/n' undefined
(Font)              using `TU/phv/bx/n' instead on input line 42.


LaTeX Font Warning: Font shape `TU/phv/b/n' undefined
(Font)              using `TU/phv/bx/n' instead on input line 42.


LaTeX Font Warning: Font shape `TU/phv/b/n' undefined
(Font)              using `TU/phv/bx/n' instead on input line 42.

[157]

LaTeX Font Warning: Font shape `TU/phv/b/n' undefined
(Font)              using `TU/phv/bx/n' instead on input line 51.


LaTeX Font Warning: Font shape `TU/phv/b/n' undefined
(Font)              using `TU/phv/bx/n' instead on input line 54.


LaTeX Font Warning: Font shape `TU/phv/b/n' undefined
(Font)              using `TU/phv/bx/n' instead on input line 64.


LaTeX Font Warning: Font shape `TU/phv/b/n' undefined
(Font)              using `TU/phv/bx/n' instead on input line 74.

) (./classmodels_1_1OrderItem.tex

LaTeX Font Warning: Font shape `TU/phv/b/n' undefined
(Font)              using `TU/phv/bx/n' instead on input line 1.

File: classmodels_1_1OrderItem__inherit__graph.pdf Graphic file (type pdf)
<use classmodels_1_1OrderItem__inherit__graph.pdf>
File: classmodels_1_1OrderItem__coll__graph.pdf Graphic file (type pdf)
<use classmodels_1_1OrderItem__coll__graph.pdf>

LaTeX Font Warning: Font shape `TU/phv/b/n' undefined
(Font)              using `TU/phv/bx/n' instead on input line 23.


LaTeX Font Warning: Font shape `TU/phv/b/n' undefined
(Font)              using `TU/phv/bx/n' instead on input line 23.


LaTeX Font Warning: Font shape `TU/phv/b/n' undefined
(Font)              using `TU/phv/bx/n' instead on input line 23.

[158]

LaTeX Font Warning: Font shape `TU/phv/b/n' undefined
(Font)              using `TU/phv/bx/n' instead on input line 23.


LaTeX Font Warning: Font shape `TU/phv/b/n' undefined
(Font)              using `TU/phv/bx/n' instead on input line 40.


LaTeX Font Warning: Font shape `TU/phv/b/n' undefined
(Font)              using `TU/phv/bx/n' instead on input line 47.


LaTeX Font Warning: Font shape `TU/phv/b/n' undefined
(Font)              using `TU/phv/bx/n' instead on input line 57.


LaTeX Font Warning: Font shape `TU/phv/b/n' undefined
(Font)              using `TU/phv/bx/n' instead on input line 60.


LaTeX Font Warning: Font shape `TU/phv/b/n' undefined
(Font)              using `TU/phv/bx/n' instead on input line 70.


LaTeX Font Warning: Font shape `TU/phv/b/n' undefined
(Font)              using `TU/phv/bx/n' instead on input line 80.


LaTeX Font Warning: Font shape `TU/phv/b/n' undefined
(Font)              using `TU/phv/bx/n' instead on input line 90.


LaTeX Font Warning: Font shape `TU/phv/b/n' undefined
(Font)              using `TU/phv/bx/n' instead on input line 96.


LaTeX Font Warning: Font shape `TU/phv/b/n' undefined
(Font)              using `TU/phv/bx/n' instead on input line 96.


LaTeX Font Warning: Font shape `TU/phv/b/n' undefined
(Font)              using `TU/phv/bx/n' instead on input line 96.

[159]

LaTeX Font Warning: Font shape `TU/phv/b/n' undefined
(Font)              using `TU/phv/bx/n' instead on input line 100.


LaTeX Font Warning: Font shape `TU/phv/b/n' undefined
(Font)              using `TU/phv/bx/n' instead on input line 110.


LaTeX Font Warning: Font shape `TU/phv/b/n' undefined
(Font)              using `TU/phv/bx/n' instead on input line 120.


LaTeX Font Warning: Font shape `TU/phv/b/n' undefined
(Font)              using `TU/phv/bx/n' instead on input line 130.

) (./classschemas_1_1OrderItem.tex

LaTeX Font Warning: Font shape `TU/phv/b/n' undefined
(Font)              using `TU/phv/bx/n' instead on input line 1.

File: classschemas_1_1OrderItem__inherit__graph.pdf Graphic file (type pdf)
<use classschemas_1_1OrderItem__inherit__graph.pdf>

LaTeX Font Warning: Font shape `TU/phv/b/n' undefined
(Font)              using `TU/phv/bx/n' instead on input line 13.


LaTeX Font Warning: Font shape `TU/phv/b/n' undefined
(Font)              using `TU/phv/bx/n' instead on input line 13.


LaTeX Font Warning: Font shape `TU/phv/b/n' undefined
(Font)              using `TU/phv/bx/n' instead on input line 13.

[160]
File: classschemas_1_1OrderItem__coll__graph.pdf Graphic file (type pdf)
<use classschemas_1_1OrderItem__coll__graph.pdf>


LaTeX Font Warning: Font shape `TU/phv/b/n' undefined
(Font)              using `TU/phv/bx/n' instead on input line 23.


LaTeX Font Warning: Font shape `TU/phv/b/n' undefined
(Font)              using `TU/phv/bx/n' instead on input line 30.


LaTeX Font Warning: Font shape `TU/phv/b/n' undefined
(Font)              using `TU/phv/bx/n' instead on input line 39.


LaTeX Font Warning: Font shape `TU/phv/b/n' undefined
(Font)              using `TU/phv/bx/n' instead on input line 42.


LaTeX Font Warning: Font shape `TU/phv/b/n' undefined
(Font)              using `TU/phv/bx/n' instead on input line 48.


LaTeX Font Warning: Font shape `TU/phv/b/n' undefined
(Font)              using `TU/phv/bx/n' instead on input line 48.


LaTeX Font Warning: Font shape `TU/phv/b/n' undefined
(Font)              using `TU/phv/bx/n' instead on input line 48.

[161]) (./classschemas_1_1OrderItemBase.tex

LaTeX Font Warning: Font shape `TU/phv/b/n' undefined
(Font)              using `TU/phv/bx/n' instead on input line 1.

File: classschemas_1_1OrderItemBase__inherit__graph.pdf Graphic file (type pdf)

<use classschemas_1_1OrderItemBase__inherit__graph.pdf>
File: classschemas_1_1OrderItemBase__coll__graph.pdf Graphic file (type pdf)
<use classschemas_1_1OrderItemBase__coll__graph.pdf>

LaTeX Font Warning: Font shape `TU/phv/b/n' undefined
(Font)              using `TU/phv/bx/n' instead on input line 25.


LaTeX Font Warning: Font shape `TU/phv/b/n' undefined
(Font)              using `TU/phv/bx/n' instead on input line 35.


LaTeX Font Warning: Font shape `TU/phv/b/n' undefined
(Font)              using `TU/phv/bx/n' instead on input line 35.


LaTeX Font Warning: Font shape `TU/phv/b/n' undefined
(Font)              using `TU/phv/bx/n' instead on input line 35.

[162]) (./classschemas_1_1OrderItemCreate.tex

LaTeX Font Warning: Font shape `TU/phv/b/n' undefined
(Font)              using `TU/phv/bx/n' instead on input line 1.

File: classschemas_1_1OrderItemCreate__inherit__graph.pdf Graphic file (type pd
f)
<use classschemas_1_1OrderItemCreate__inherit__graph.pdf>
File: classschemas_1_1OrderItemCreate__coll__graph.pdf Graphic file (type pdf)
<use classschemas_1_1OrderItemCreate__coll__graph.pdf>

LaTeX Font Warning: Font shape `TU/phv/b/n' undefined
(Font)              using `TU/phv/bx/n' instead on input line 25.


LaTeX Font Warning: Font shape `TU/phv/b/n' undefined
(Font)              using `TU/phv/bx/n' instead on input line 34.


LaTeX Font Warning: Font shape `TU/phv/b/n' undefined
(Font)              using `TU/phv/bx/n' instead on input line 34.


LaTeX Font Warning: Font shape `TU/phv/b/n' undefined
(Font)              using `TU/phv/bx/n' instead on input line 34.

[163]) (./classschemas_1_1OrderItemDetail.tex

LaTeX Font Warning: Font shape `TU/phv/b/n' undefined
(Font)              using `TU/phv/bx/n' instead on input line 1.

File: classschemas_1_1OrderItemDetail__inherit__graph.pdf Graphic file (type pd
f)
<use classschemas_1_1OrderItemDetail__inherit__graph.pdf>
File: classschemas_1_1OrderItemDetail__coll__graph.pdf Graphic file (type pdf)
<use classschemas_1_1OrderItemDetail__coll__graph.pdf>

LaTeX Font Warning: Font shape `TU/phv/b/n' undefined
(Font)              using `TU/phv/bx/n' instead on input line 23.


LaTeX Font Warning: Font shape `TU/phv/b/n' undefined
(Font)              using `TU/phv/bx/n' instead on input line 32.


LaTeX Font Warning: Font shape `TU/phv/b/n' undefined
(Font)              using `TU/phv/bx/n' instead on input line 42.


LaTeX Font Warning: Font shape `TU/phv/b/n' undefined
(Font)              using `TU/phv/bx/n' instead on input line 45.


LaTeX Font Warning: Font shape `TU/phv/b/n' undefined
(Font)              using `TU/phv/bx/n' instead on input line 51.


LaTeX Font Warning: Font shape `TU/phv/b/n' undefined
(Font)              using `TU/phv/bx/n' instead on input line 51.


LaTeX Font Warning: Font shape `TU/phv/b/n' undefined
(Font)              using `TU/phv/bx/n' instead on input line 51.

[164]

LaTeX Font Warning: Font shape `TU/phv/b/n' undefined
(Font)              using `TU/phv/bx/n' instead on input line 55.

) (./classmodels_1_1Orders.tex

LaTeX Font Warning: Font shape `TU/phv/b/n' undefined
(Font)              using `TU/phv/bx/n' instead on input line 1.

File: classmodels_1_1Orders__inherit__graph.pdf Graphic file (type pdf)
<use classmodels_1_1Orders__inherit__graph.pdf>
File: classmodels_1_1Orders__coll__graph.pdf Graphic file (type pdf)
<use classmodels_1_1Orders__coll__graph.pdf>

LaTeX Font Warning: Font shape `TU/phv/b/n' undefined
(Font)              using `TU/phv/bx/n' instead on input line 23.


LaTeX Font Warning: Font shape `TU/phv/b/n' undefined
(Font)              using `TU/phv/bx/n' instead on input line 34.


LaTeX Font Warning: Font shape `TU/phv/b/n' undefined
(Font)              using `TU/phv/bx/n' instead on input line 34.


LaTeX Font Warning: Font shape `TU/phv/b/n' undefined
(Font)              using `TU/phv/bx/n' instead on input line 34.

[165]

LaTeX Font Warning: Font shape `TU/phv/b/n' undefined
(Font)              using `TU/phv/bx/n' instead on input line 60.


LaTeX Font Warning: Font shape `TU/phv/b/n' undefined
(Font)              using `TU/phv/bx/n' instead on input line 67.


LaTeX Font Warning: Font shape `TU/phv/b/n' undefined
(Font)              using `TU/phv/bx/n' instead on input line 77.


LaTeX Font Warning: Font shape `TU/phv/b/n' undefined
(Font)              using `TU/phv/bx/n' instead on input line 80.


LaTeX Font Warning: Font shape `TU/phv/b/n' undefined
(Font)              using `TU/phv/bx/n' instead on input line 90.


LaTeX Font Warning: Font shape `TU/phv/b/n' undefined
(Font)              using `TU/phv/bx/n' instead on input line 100.


LaTeX Font Warning: Font shape `TU/phv/b/n' undefined
(Font)              using `TU/phv/bx/n' instead on input line 110.


LaTeX Font Warning: Font shape `TU/phv/b/n' undefined
(Font)              using `TU/phv/bx/n' instead on input line 120.


LaTeX Font Warning: Font shape `TU/phv/b/n' undefined
(Font)              using `TU/phv/bx/n' instead on input line 130.


LaTeX Font Warning: Font shape `TU/phv/b/n' undefined
(Font)              using `TU/phv/bx/n' instead on input line 130.


LaTeX Font Warning: Font shape `TU/phv/b/n' undefined
(Font)              using `TU/phv/bx/n' instead on input line 130.

[166]

LaTeX Font Warning: Font shape `TU/phv/b/n' undefined
(Font)              using `TU/phv/bx/n' instead on input line 130.


LaTeX Font Warning: Font shape `TU/phv/b/n' undefined
(Font)              using `TU/phv/bx/n' instead on input line 140.


LaTeX Font Warning: Font shape `TU/phv/b/n' undefined
(Font)              using `TU/phv/bx/n' instead on input line 150.


LaTeX Font Warning: Font shape `TU/phv/b/n' undefined
(Font)              using `TU/phv/bx/n' instead on input line 160.


LaTeX Font Warning: Font shape `TU/phv/b/n' undefined
(Font)              using `TU/phv/bx/n' instead on input line 170.


LaTeX Font Warning: Font shape `TU/phv/b/n' undefined
(Font)              using `TU/phv/bx/n' instead on input line 180.


LaTeX Font Warning: Font shape `TU/phv/b/n' undefined
(Font)              using `TU/phv/bx/n' instead on input line 190.


LaTeX Font Warning: Font shape `TU/phv/b/n' undefined
(Font)              using `TU/phv/bx/n' instead on input line 200.


LaTeX Font Warning: Font shape `TU/phv/b/n' undefined
(Font)              using `TU/phv/bx/n' instead on input line 210.


LaTeX Font Warning: Font shape `TU/phv/b/n' undefined
(Font)              using `TU/phv/bx/n' instead on input line 216.


LaTeX Font Warning: Font shape `TU/phv/b/n' undefined
(Font)              using `TU/phv/bx/n' instead on input line 216.


LaTeX Font Warning: Font shape `TU/phv/b/n' undefined
(Font)              using `TU/phv/bx/n' instead on input line 216.

[167]

LaTeX Font Warning: Font shape `TU/phv/b/n' undefined
(Font)              using `TU/phv/bx/n' instead on input line 220.


LaTeX Font Warning: Font shape `TU/phv/b/n' undefined
(Font)              using `TU/phv/bx/n' instead on input line 230.


LaTeX Font Warning: Font shape `TU/phv/b/n' undefined
(Font)              using `TU/phv/bx/n' instead on input line 240.


LaTeX Font Warning: Font shape `TU/phv/b/n' undefined
(Font)              using `TU/phv/bx/n' instead on input line 250.

) (./classschemas_1_1OrderStatusUpdate.tex

LaTeX Font Warning: Font shape `TU/phv/b/n' undefined
(Font)              using `TU/phv/bx/n' instead on input line 1.

File: classschemas_1_1OrderStatusUpdate__inherit__graph.pdf Graphic file (type 
pdf)
<use classschemas_1_1OrderStatusUpdate__inherit__graph.pdf>

LaTeX Font Warning: Font shape `TU/phv/b/n' undefined
(Font)              using `TU/phv/bx/n' instead on input line 13.


LaTeX Font Warning: Font shape `TU/phv/b/n' undefined
(Font)              using `TU/phv/bx/n' instead on input line 13.


LaTeX Font Warning: Font shape `TU/phv/b/n' undefined
(Font)              using `TU/phv/bx/n' instead on input line 13.

[168]
File: classschemas_1_1OrderStatusUpdate__coll__graph.pdf Graphic file (type pdf
)
<use classschemas_1_1OrderStatusUpdate__coll__graph.pdf>


LaTeX Font Warning: Font shape `TU/phv/b/n' undefined
(Font)              using `TU/phv/bx/n' instead on input line 25.

) (./classmodels_1_1Payment.tex

LaTeX Font Warning: Font shape `TU/phv/b/n' undefined
(Font)              using `TU/phv/bx/n' instead on input line 1.

File: classmodels_1_1Payment__inherit__graph.pdf Graphic file (type pdf)
<use classmodels_1_1Payment__inherit__graph.pdf>

LaTeX Font Warning: Font shape `TU/phv/b/n' undefined
(Font)              using `TU/phv/bx/n' instead on input line 13.


LaTeX Font Warning: Font shape `TU/phv/b/n' undefined
(Font)              using `TU/phv/bx/n' instead on input line 13.


LaTeX Font Warning: Font shape `TU/phv/b/n' undefined
(Font)              using `TU/phv/bx/n' instead on input line 13.

[169]
File: classmodels_1_1Payment__coll__graph.pdf Graphic file (type pdf)
<use classmodels_1_1Payment__coll__graph.pdf>


LaTeX Font Warning: Font shape `TU/phv/b/n' undefined
(Font)              using `TU/phv/bx/n' instead on input line 23.


LaTeX Font Warning: Font shape `TU/phv/b/n' undefined
(Font)              using `TU/phv/bx/n' instead on input line 36.


LaTeX Font Warning: Font shape `TU/phv/b/n' undefined
(Font)              using `TU/phv/bx/n' instead on input line 43.


LaTeX Font Warning: Font shape `TU/phv/b/n' undefined
(Font)              using `TU/phv/bx/n' instead on input line 53.


LaTeX Font Warning: Font shape `TU/phv/b/n' undefined
(Font)              using `TU/phv/bx/n' instead on input line 56.


LaTeX Font Warning: Font shape `TU/phv/b/n' undefined
(Font)              using `TU/phv/bx/n' instead on input line 62.


LaTeX Font Warning: Font shape `TU/phv/b/n' undefined
(Font)              using `TU/phv/bx/n' instead on input line 62.


LaTeX Font Warning: Font shape `TU/phv/b/n' undefined
(Font)              using `TU/phv/bx/n' instead on input line 62.

[170]

LaTeX Font Warning: Font shape `TU/phv/b/n' undefined
(Font)              using `TU/phv/bx/n' instead on input line 66.


LaTeX Font Warning: Font shape `TU/phv/b/n' undefined
(Font)              using `TU/phv/bx/n' instead on input line 76.


LaTeX Font Warning: Font shape `TU/phv/b/n' undefined
(Font)              using `TU/phv/bx/n' instead on input line 86.


LaTeX Font Warning: Font shape `TU/phv/b/n' undefined
(Font)              using `TU/phv/bx/n' instead on input line 96.


LaTeX Font Warning: Font shape `TU/phv/b/n' undefined
(Font)              using `TU/phv/bx/n' instead on input line 106.

) (./classschemas_1_1Payment.tex

LaTeX Font Warning: Font shape `TU/phv/b/n' undefined
(Font)              using `TU/phv/bx/n' instead on input line 1.

File: classschemas_1_1Payment__inherit__graph.pdf Graphic file (type pdf)
<use classschemas_1_1Payment__inherit__graph.pdf>

LaTeX Font Warning: Font shape `TU/phv/b/n' undefined
(Font)              using `TU/phv/bx/n' instead on input line 13.


LaTeX Font Warning: Font shape `TU/phv/b/n' undefined
(Font)              using `TU/phv/bx/n' instead on input line 13.


LaTeX Font Warning: Font shape `TU/phv/b/n' undefined
(Font)              using `TU/phv/bx/n' instead on input line 13.

[171]
File: classschemas_1_1Payment__coll__graph.pdf Graphic file (type pdf)
<use classschemas_1_1Payment__coll__graph.pdf>


LaTeX Font Warning: Font shape `TU/phv/b/n' undefined
(Font)              using `TU/phv/bx/n' instead on input line 23.


LaTeX Font Warning: Font shape `TU/phv/b/n' undefined
(Font)              using `TU/phv/bx/n' instead on input line 30.


LaTeX Font Warning: Font shape `TU/phv/b/n' undefined
(Font)              using `TU/phv/bx/n' instead on input line 39.


LaTeX Font Warning: Font shape `TU/phv/b/n' undefined
(Font)              using `TU/phv/bx/n' instead on input line 42.


LaTeX Font Warning: Font shape `TU/phv/b/n' undefined
(Font)              using `TU/phv/bx/n' instead on input line 48.


LaTeX Font Warning: Font shape `TU/phv/b/n' undefined
(Font)              using `TU/phv/bx/n' instead on input line 48.


LaTeX Font Warning: Font shape `TU/phv/b/n' undefined
(Font)              using `TU/phv/bx/n' instead on input line 48.

[172]) (./classschemas_1_1PaymentBase.tex

LaTeX Font Warning: Font shape `TU/phv/b/n' undefined
(Font)              using `TU/phv/bx/n' instead on input line 1.

File: classschemas_1_1PaymentBase__inherit__graph.pdf Graphic file (type pdf)
<use classschemas_1_1PaymentBase__inherit__graph.pdf>
File: classschemas_1_1PaymentBase__coll__graph.pdf Graphic file (type pdf)
<use classschemas_1_1PaymentBase__coll__graph.pdf>

LaTeX Font Warning: Font shape `TU/phv/b/n' undefined
(Font)              using `TU/phv/bx/n' instead on input line 25.


LaTeX Font Warning: Font shape `TU/phv/b/n' undefined
(Font)              using `TU/phv/bx/n' instead on input line 35.


LaTeX Font Warning: Font shape `TU/phv/b/n' undefined
(Font)              using `TU/phv/bx/n' instead on input line 35.


LaTeX Font Warning: Font shape `TU/phv/b/n' undefined
(Font)              using `TU/phv/bx/n' instead on input line 35.

[173]) (./classschemas_1_1PaymentCreate.tex

LaTeX Font Warning: Font shape `TU/phv/b/n' undefined
(Font)              using `TU/phv/bx/n' instead on input line 1.

File: classschemas_1_1PaymentCreate__inherit__graph.pdf Graphic file (type pdf)

<use classschemas_1_1PaymentCreate__inherit__graph.pdf>
File: classschemas_1_1PaymentCreate__coll__graph.pdf Graphic file (type pdf)
<use classschemas_1_1PaymentCreate__coll__graph.pdf>

LaTeX Font Warning: Font shape `TU/phv/b/n' undefined
(Font)              using `TU/phv/bx/n' instead on input line 25.


LaTeX Font Warning: Font shape `TU/phv/b/n' undefined
(Font)              using `TU/phv/bx/n' instead on input line 34.


LaTeX Font Warning: Font shape `TU/phv/b/n' undefined
(Font)              using `TU/phv/bx/n' instead on input line 34.


LaTeX Font Warning: Font shape `TU/phv/b/n' undefined
(Font)              using `TU/phv/bx/n' instead on input line 34.

[174]) (./classmodels_1_1Promotion.tex

LaTeX Font Warning: Font shape `TU/phv/b/n' undefined
(Font)              using `TU/phv/bx/n' instead on input line 1.

File: classmodels_1_1Promotion__inherit__graph.pdf Graphic file (type pdf)
<use classmodels_1_1Promotion__inherit__graph.pdf>
File: classmodels_1_1Promotion__coll__graph.pdf Graphic file (type pdf)
<use classmodels_1_1Promotion__coll__graph.pdf>

LaTeX Font Warning: Font shape `TU/phv/b/n' undefined
(Font)              using `TU/phv/bx/n' instead on input line 23.


LaTeX Font Warning: Font shape `TU/phv/b/n' undefined
(Font)              using `TU/phv/bx/n' instead on input line 42.


LaTeX Font Warning: Font shape `TU/phv/b/n' undefined
(Font)              using `TU/phv/bx/n' instead on input line 49.


LaTeX Font Warning: Font shape `TU/phv/b/n' undefined
(Font)              using `TU/phv/bx/n' instead on input line 50.


LaTeX Font Warning: Font shape `TU/phv/b/n' undefined
(Font)              using `TU/phv/bx/n' instead on input line 50.


LaTeX Font Warning: Font shape `TU/phv/b/n' undefined
(Font)              using `TU/phv/bx/n' instead on input line 50.

[175]

LaTeX Font Warning: Font shape `TU/phv/b/n' undefined
(Font)              using `TU/phv/bx/n' instead on input line 59.


LaTeX Font Warning: Font shape `TU/phv/b/n' undefined
(Font)              using `TU/phv/bx/n' instead on input line 62.


LaTeX Font Warning: Font shape `TU/phv/b/n' undefined
(Font)              using `TU/phv/bx/n' instead on input line 72.


LaTeX Font Warning: Font shape `TU/phv/b/n' undefined
(Font)              using `TU/phv/bx/n' instead on input line 82.


LaTeX Font Warning: Font shape `TU/phv/b/n' undefined
(Font)              using `TU/phv/bx/n' instead on input line 92.


LaTeX Font Warning: Font shape `TU/phv/b/n' undefined
(Font)              using `TU/phv/bx/n' instead on input line 102.


LaTeX Font Warning: Font shape `TU/phv/b/n' undefined
(Font)              using `TU/phv/bx/n' instead on input line 112.


LaTeX Font Warning: Font shape `TU/phv/b/n' undefined
(Font)              using `TU/phv/bx/n' instead on input line 122.


LaTeX Font Warning: Font shape `TU/phv/b/n' undefined
(Font)              using `TU/phv/bx/n' instead on input line 132.


LaTeX Font Warning: Font shape `TU/phv/b/n' undefined
(Font)              using `TU/phv/bx/n' instead on input line 142.


LaTeX Font Warning: Font shape `TU/phv/b/n' undefined
(Font)              using `TU/phv/bx/n' instead on input line 148.


LaTeX Font Warning: Font shape `TU/phv/b/n' undefined
(Font)              using `TU/phv/bx/n' instead on input line 148.


LaTeX Font Warning: Font shape `TU/phv/b/n' undefined
(Font)              using `TU/phv/bx/n' instead on input line 148.

[176]) (./classschemas_1_1Promotion.tex

LaTeX Font Warning: Font shape `TU/phv/b/n' undefined
(Font)              using `TU/phv/bx/n' instead on input line 1.

File: classschemas_1_1Promotion__inherit__graph.pdf Graphic file (type pdf)
<use classschemas_1_1Promotion__inherit__graph.pdf>
File: classschemas_1_1Promotion__coll__graph.pdf Graphic file (type pdf)
<use classschemas_1_1Promotion__coll__graph.pdf>

LaTeX Font Warning: Font shape `TU/phv/b/n' undefined
(Font)              using `TU/phv/bx/n' instead on input line 23.


LaTeX Font Warning: Font shape `TU/phv/b/n' undefined
(Font)              using `TU/phv/bx/n' instead on input line 23.


LaTeX Font Warning: Font shape `TU/phv/b/n' undefined
(Font)              using `TU/phv/bx/n' instead on input line 23.

[177]

LaTeX Font Warning: Font shape `TU/phv/b/n' undefined
(Font)              using `TU/phv/bx/n' instead on input line 23.


LaTeX Font Warning: Font shape `TU/phv/b/n' undefined
(Font)              using `TU/phv/bx/n' instead on input line 30.


LaTeX Font Warning: Font shape `TU/phv/b/n' undefined
(Font)              using `TU/phv/bx/n' instead on input line 39.


LaTeX Font Warning: Font shape `TU/phv/b/n' undefined
(Font)              using `TU/phv/bx/n' instead on input line 42.

) (./classschemas_1_1PromotionBase.tex

LaTeX Font Warning: Font shape `TU/phv/b/n' undefined
(Font)              using `TU/phv/bx/n' instead on input line 1.

File: classschemas_1_1PromotionBase__inherit__graph.pdf Graphic file (type pdf)

<use classschemas_1_1PromotionBase__inherit__graph.pdf>

LaTeX Font Warning: Font shape `TU/phv/b/n' undefined
(Font)              using `TU/phv/bx/n' instead on input line 13.


LaTeX Font Warning: Font shape `TU/phv/b/n' undefined
(Font)              using `TU/phv/bx/n' instead on input line 13.


LaTeX Font Warning: Font shape `TU/phv/b/n' undefined
(Font)              using `TU/phv/bx/n' instead on input line 13.

[178]
File: classschemas_1_1PromotionBase__coll__graph.pdf Graphic file (type pdf)
<use classschemas_1_1PromotionBase__coll__graph.pdf>


LaTeX Font Warning: Font shape `TU/phv/b/n' undefined
(Font)              using `TU/phv/bx/n' instead on input line 25.

) (./classschemas_1_1PromotionCreate.tex

LaTeX Font Warning: Font shape `TU/phv/b/n' undefined
(Font)              using `TU/phv/bx/n' instead on input line 1.

File: classschemas_1_1PromotionCreate__inherit__graph.pdf Graphic file (type pd
f)
<use classschemas_1_1PromotionCreate__inherit__graph.pdf>

LaTeX Font Warning: Font shape `TU/phv/b/n' undefined
(Font)              using `TU/phv/bx/n' instead on input line 13.


LaTeX Font Warning: Font shape `TU/phv/b/n' undefined
(Font)              using `TU/phv/bx/n' instead on input line 13.


LaTeX Font Warning: Font shape `TU/phv/b/n' undefined
(Font)              using `TU/phv/bx/n' instead on input line 13.

[179]
File: classschemas_1_1PromotionCreate__coll__graph.pdf Graphic file (type pdf)
<use classschemas_1_1PromotionCreate__coll__graph.pdf>


LaTeX Font Warning: Font shape `TU/phv/b/n' undefined
(Font)              using `TU/phv/bx/n' instead on input line 25.

) (./classmodels_1_1Restaurant.tex

LaTeX Font Warning: Font shape `TU/phv/b/n' undefined
(Font)              using `TU/phv/bx/n' instead on input line 1.

File: classmodels_1_1Restaurant__inherit__graph.pdf Graphic file (type pdf)
<use classmodels_1_1Restaurant__inherit__graph.pdf>

LaTeX Font Warning: Font shape `TU/phv/b/n' undefined
(Font)              using `TU/phv/bx/n' instead on input line 13.


LaTeX Font Warning: Font shape `TU/phv/b/n' undefined
(Font)              using `TU/phv/bx/n' instead on input line 13.


LaTeX Font Warning: Font shape `TU/phv/b/n' undefined
(Font)              using `TU/phv/bx/n' instead on input line 13.

[180]
File: classmodels_1_1Restaurant__coll__graph.pdf Graphic file (type pdf)
<use classmodels_1_1Restaurant__coll__graph.pdf>


LaTeX Font Warning: Font shape `TU/phv/b/n' undefined
(Font)              using `TU/phv/bx/n' instead on input line 23.


LaTeX Font Warning: Font shape `TU/phv/b/n' undefined
(Font)              using `TU/phv/bx/n' instead on input line 54.


LaTeX Font Warning: Font shape `TU/phv/b/n' undefined
(Font)              using `TU/phv/bx/n' instead on input line 61.


LaTeX Font Warning: Font shape `TU/phv/b/n' undefined
(Font)              using `TU/phv/bx/n' instead on input line 62.


LaTeX Font Warning: Font shape `TU/phv/b/n' undefined
(Font)              using `TU/phv/bx/n' instead on input line 62.


LaTeX Font Warning: Font shape `TU/phv/b/n' undefined
(Font)              using `TU/phv/bx/n' instead on input line 62.

[181]

LaTeX Font Warning: Font shape `TU/phv/b/n' undefined
(Font)              using `TU/phv/bx/n' instead on input line 71.


LaTeX Font Warning: Font shape `TU/phv/b/n' undefined
(Font)              using `TU/phv/bx/n' instead on input line 74.


LaTeX Font Warning: Font shape `TU/phv/b/n' undefined
(Font)              using `TU/phv/bx/n' instead on input line 84.


LaTeX Font Warning: Font shape `TU/phv/b/n' undefined
(Font)              using `TU/phv/bx/n' instead on input line 94.


LaTeX Font Warning: Font shape `TU/phv/b/n' undefined
(Font)              using `TU/phv/bx/n' instead on input line 104.


LaTeX Font Warning: Font shape `TU/phv/b/n' undefined
(Font)              using `TU/phv/bx/n' instead on input line 114.


LaTeX Font Warning: Font shape `TU/phv/b/n' undefined
(Font)              using `TU/phv/bx/n' instead on input line 124.


LaTeX Font Warning: Font shape `TU/phv/b/n' undefined
(Font)              using `TU/phv/bx/n' instead on input line 134.


LaTeX Font Warning: Font shape `TU/phv/b/n' undefined
(Font)              using `TU/phv/bx/n' instead on input line 144.


LaTeX Font Warning: Font shape `TU/phv/b/n' undefined
(Font)              using `TU/phv/bx/n' instead on input line 154.


LaTeX Font Warning: Font shape `TU/phv/b/n' undefined
(Font)              using `TU/phv/bx/n' instead on input line 160.


LaTeX Font Warning: Font shape `TU/phv/b/n' undefined
(Font)              using `TU/phv/bx/n' instead on input line 160.


LaTeX Font Warning: Font shape `TU/phv/b/n' undefined
(Font)              using `TU/phv/bx/n' instead on input line 160.

[182]

LaTeX Font Warning: Font shape `TU/phv/b/n' undefined
(Font)              using `TU/phv/bx/n' instead on input line 164.


LaTeX Font Warning: Font shape `TU/phv/b/n' undefined
(Font)              using `TU/phv/bx/n' instead on input line 174.


LaTeX Font Warning: Font shape `TU/phv/b/n' undefined
(Font)              using `TU/phv/bx/n' instead on input line 184.


LaTeX Font Warning: Font shape `TU/phv/b/n' undefined
(Font)              using `TU/phv/bx/n' instead on input line 194.


LaTeX Font Warning: Font shape `TU/phv/b/n' undefined
(Font)              using `TU/phv/bx/n' instead on input line 204.


LaTeX Font Warning: Font shape `TU/phv/b/n' undefined
(Font)              using `TU/phv/bx/n' instead on input line 214.

) (./classschemas_1_1Restaurant.tex

LaTeX Font Warning: Font shape `TU/phv/b/n' undefined
(Font)              using `TU/phv/bx/n' instead on input line 1.

File: classschemas_1_1Restaurant__inherit__graph.pdf Graphic file (type pdf)
<use classschemas_1_1Restaurant__inherit__graph.pdf>

LaTeX Font Warning: Font shape `TU/phv/b/n' undefined
(Font)              using `TU/phv/bx/n' instead on input line 13.


LaTeX Font Warning: Font shape `TU/phv/b/n' undefined
(Font)              using `TU/phv/bx/n' instead on input line 13.


LaTeX Font Warning: Font shape `TU/phv/b/n' undefined
(Font)              using `TU/phv/bx/n' instead on input line 13.

[183]
File: classschemas_1_1Restaurant__coll__graph.pdf Graphic file (type pdf)
<use classschemas_1_1Restaurant__coll__graph.pdf>


LaTeX Font Warning: Font shape `TU/phv/b/n' undefined
(Font)              using `TU/phv/bx/n' instead on input line 23.


LaTeX Font Warning: Font shape `TU/phv/b/n' undefined
(Font)              using `TU/phv/bx/n' instead on input line 30.


LaTeX Font Warning: Font shape `TU/phv/b/n' undefined
(Font)              using `TU/phv/bx/n' instead on input line 35.


LaTeX Font Warning: Font shape `TU/phv/b/n' undefined
(Font)              using `TU/phv/bx/n' instead on input line 35.


LaTeX Font Warning: Font shape `TU/phv/b/n' undefined
(Font)              using `TU/phv/bx/n' instead on input line 35.

[184]

LaTeX Font Warning: Font shape `TU/phv/b/n' undefined
(Font)              using `TU/phv/bx/n' instead on input line 47.


LaTeX Font Warning: Font shape `TU/phv/b/n' undefined
(Font)              using `TU/phv/bx/n' instead on input line 56.


LaTeX Font Warning: Font shape `TU/phv/b/n' undefined
(Font)              using `TU/phv/bx/n' instead on input line 59.


LaTeX Font Warning: Font shape `TU/phv/b/n' undefined
(Font)              using `TU/phv/bx/n' instead on input line 69.

) (./classschemas_1_1RestaurantBase.tex

LaTeX Font Warning: Font shape `TU/phv/b/n' undefined
(Font)              using `TU/phv/bx/n' instead on input line 1.

File: classschemas_1_1RestaurantBase__inherit__graph.pdf Graphic file (type pdf
)
<use classschemas_1_1RestaurantBase__inherit__graph.pdf>
File: classschemas_1_1RestaurantBase__coll__graph.pdf Graphic file (type pdf)
<use classschemas_1_1RestaurantBase__coll__graph.pdf>

LaTeX Font Warning: Font shape `TU/phv/b/n' undefined
(Font)              using `TU/phv/bx/n' instead on input line 23.


LaTeX Font Warning: Font shape `TU/phv/b/n' undefined
(Font)              using `TU/phv/bx/n' instead on input line 23.


LaTeX Font Warning: Font shape `TU/phv/b/n' undefined
(Font)              using `TU/phv/bx/n' instead on input line 23.

[185]

LaTeX Font Warning: Font shape `TU/phv/b/n' undefined
(Font)              using `TU/phv/bx/n' instead on input line 23.


LaTeX Font Warning: Font shape `TU/phv/b/n' undefined
(Font)              using `TU/phv/bx/n' instead on input line 40.


LaTeX Font Warning: Font shape `TU/phv/b/n' undefined
(Font)              using `TU/phv/bx/n' instead on input line 50.


LaTeX Font Warning: Font shape `TU/phv/b/n' undefined
(Font)              using `TU/phv/bx/n' instead on input line 53.


LaTeX Font Warning: Font shape `TU/phv/b/n' undefined
(Font)              using `TU/phv/bx/n' instead on input line 59.


LaTeX Font Warning: Font shape `TU/phv/b/n' undefined
(Font)              using `TU/phv/bx/n' instead on input line 59.


LaTeX Font Warning: Font shape `TU/phv/b/n' undefined
(Font)              using `TU/phv/bx/n' instead on input line 59.

[186]

LaTeX Font Warning: Font shape `TU/phv/b/n' undefined
(Font)              using `TU/phv/bx/n' instead on input line 63.


LaTeX Font Warning: Font shape `TU/phv/b/n' undefined
(Font)              using `TU/phv/bx/n' instead on input line 73.


LaTeX Font Warning: Font shape `TU/phv/b/n' undefined
(Font)              using `TU/phv/bx/n' instead on input line 83.


LaTeX Font Warning: Font shape `TU/phv/b/n' undefined
(Font)              using `TU/phv/bx/n' instead on input line 93.


LaTeX Font Warning: Font shape `TU/phv/b/n' undefined
(Font)              using `TU/phv/bx/n' instead on input line 103.

) (./classschemas_1_1RestaurantCreate.tex

LaTeX Font Warning: Font shape `TU/phv/b/n' undefined
(Font)              using `TU/phv/bx/n' instead on input line 1.

File: classschemas_1_1RestaurantCreate__inherit__graph.pdf Graphic file (type p
df)
<use classschemas_1_1RestaurantCreate__inherit__graph.pdf>

LaTeX Font Warning: Font shape `TU/phv/b/n' undefined
(Font)              using `TU/phv/bx/n' instead on input line 13.


LaTeX Font Warning: Font shape `TU/phv/b/n' undefined
(Font)              using `TU/phv/bx/n' instead on input line 13.


LaTeX Font Warning: Font shape `TU/phv/b/n' undefined
(Font)              using `TU/phv/bx/n' instead on input line 13.

[187]
File: classschemas_1_1RestaurantCreate__coll__graph.pdf Graphic file (type pdf)

<use classschemas_1_1RestaurantCreate__coll__graph.pdf>


LaTeX Font Warning: Font shape `TU/phv/b/n' undefined
(Font)              using `TU/phv/bx/n' instead on input line 23.


LaTeX Font Warning: Font shape `TU/phv/b/n' undefined
(Font)              using `TU/phv/bx/n' instead on input line 24.


LaTeX Font Warning: Font shape `TU/phv/b/n' undefined
(Font)              using `TU/phv/bx/n' instead on input line 41.


LaTeX Font Warning: Font shape `TU/phv/b/n' undefined
(Font)              using `TU/phv/bx/n' instead on input line 48.


LaTeX Font Warning: Font shape `TU/phv/b/n' undefined
(Font)              using `TU/phv/bx/n' instead on input line 48.


LaTeX Font Warning: Font shape `TU/phv/b/n' undefined
(Font)              using `TU/phv/bx/n' instead on input line 48.

[188]) (./classmodels_1_1Review.tex

LaTeX Font Warning: Font shape `TU/phv/b/n' undefined
(Font)              using `TU/phv/bx/n' instead on input line 1.

File: classmodels_1_1Review__inherit__graph.pdf Graphic file (type pdf)
<use classmodels_1_1Review__inherit__graph.pdf>
File: classmodels_1_1Review__coll__graph.pdf Graphic file (type pdf)
<use classmodels_1_1Review__coll__graph.pdf>

LaTeX Font Warning: Font shape `TU/phv/b/n' undefined
(Font)              using `TU/phv/bx/n' instead on input line 23.


LaTeX Font Warning: Font shape `TU/phv/b/n' undefined
(Font)              using `TU/phv/bx/n' instead on input line 48.


LaTeX Font Warning: Font shape `TU/phv/b/n' undefined
(Font)              using `TU/phv/bx/n' instead on input line 52.


LaTeX Font Warning: Font shape `TU/phv/b/n' undefined
(Font)              using `TU/phv/bx/n' instead on input line 52.


LaTeX Font Warning: Font shape `TU/phv/b/n' undefined
(Font)              using `TU/phv/bx/n' instead on input line 52.

[189]

LaTeX Font Warning: Font shape `TU/phv/b/n' undefined
(Font)              using `TU/phv/bx/n' instead on input line 55.


LaTeX Font Warning: Font shape `TU/phv/b/n' undefined
(Font)              using `TU/phv/bx/n' instead on input line 65.


LaTeX Font Warning: Font shape `TU/phv/b/n' undefined
(Font)              using `TU/phv/bx/n' instead on input line 68.


LaTeX Font Warning: Font shape `TU/phv/b/n' undefined
(Font)              using `TU/phv/bx/n' instead on input line 78.


LaTeX Font Warning: Font shape `TU/phv/b/n' undefined
(Font)              using `TU/phv/bx/n' instead on input line 88.


LaTeX Font Warning: Font shape `TU/phv/b/n' undefined
(Font)              using `TU/phv/bx/n' instead on input line 98.


LaTeX Font Warning: Font shape `TU/phv/b/n' undefined
(Font)              using `TU/phv/bx/n' instead on input line 108.


LaTeX Font Warning: Font shape `TU/phv/b/n' undefined
(Font)              using `TU/phv/bx/n' instead on input line 118.


LaTeX Font Warning: Font shape `TU/phv/b/n' undefined
(Font)              using `TU/phv/bx/n' instead on input line 128.


LaTeX Font Warning: Font shape `TU/phv/b/n' undefined
(Font)              using `TU/phv/bx/n' instead on input line 138.


LaTeX Font Warning: Font shape `TU/phv/b/n' undefined
(Font)              using `TU/phv/bx/n' instead on input line 148.


LaTeX Font Warning: Font shape `TU/phv/b/n' undefined
(Font)              using `TU/phv/bx/n' instead on input line 154.


LaTeX Font Warning: Font shape `TU/phv/b/n' undefined
(Font)              using `TU/phv/bx/n' instead on input line 154.


LaTeX Font Warning: Font shape `TU/phv/b/n' undefined
(Font)              using `TU/phv/bx/n' instead on input line 154.

[190]

LaTeX Font Warning: Font shape `TU/phv/b/n' undefined
(Font)              using `TU/phv/bx/n' instead on input line 158.


LaTeX Font Warning: Font shape `TU/phv/b/n' undefined
(Font)              using `TU/phv/bx/n' instead on input line 168.


LaTeX Font Warning: Font shape `TU/phv/b/n' undefined
(Font)              using `TU/phv/bx/n' instead on input line 178.

) (./classschemas_1_1Review.tex

LaTeX Font Warning: Font shape `TU/phv/b/n' undefined
(Font)              using `TU/phv/bx/n' instead on input line 1.

File: classschemas_1_1Review__inherit__graph.pdf Graphic file (type pdf)
<use classschemas_1_1Review__inherit__graph.pdf>

LaTeX Font Warning: Font shape `TU/phv/b/n' undefined
(Font)              using `TU/phv/bx/n' instead on input line 13.


LaTeX Font Warning: Font shape `TU/phv/b/n' undefined
(Font)              using `TU/phv/bx/n' instead on input line 13.


LaTeX Font Warning: Font shape `TU/phv/b/n' undefined
(Font)              using `TU/phv/bx/n' instead on input line 13.

[191]
File: classschemas_1_1Review__coll__graph.pdf Graphic file (type pdf)
<use classschemas_1_1Review__coll__graph.pdf>


LaTeX Font Warning: Font shape `TU/phv/b/n' undefined
(Font)              using `TU/phv/bx/n' instead on input line 23.


LaTeX Font Warning: Font shape `TU/phv/b/n' undefined
(Font)              using `TU/phv/bx/n' instead on input line 28.


LaTeX Font Warning: Font shape `TU/phv/b/n' undefined
(Font)              using `TU/phv/bx/n' instead on input line 39.


LaTeX Font Warning: Font shape `TU/phv/b/n' undefined
(Font)              using `TU/phv/bx/n' instead on input line 48.


LaTeX Font Warning: Font shape `TU/phv/b/n' undefined
(Font)              using `TU/phv/bx/n' instead on input line 48.


LaTeX Font Warning: Font shape `TU/phv/b/n' undefined
(Font)              using `TU/phv/bx/n' instead on input line 48.

[192]

LaTeX Font Warning: Font shape `TU/phv/b/n' undefined
(Font)              using `TU/phv/bx/n' instead on input line 48.


LaTeX Font Warning: Font shape `TU/phv/b/n' undefined
(Font)              using `TU/phv/bx/n' instead on input line 51.

) (./classschemas_1_1ReviewBase.tex

LaTeX Font Warning: Font shape `TU/phv/b/n' undefined
(Font)              using `TU/phv/bx/n' instead on input line 1.

File: classschemas_1_1ReviewBase__inherit__graph.pdf Graphic file (type pdf)
<use classschemas_1_1ReviewBase__inherit__graph.pdf>
File: classschemas_1_1ReviewBase__coll__graph.pdf Graphic file (type pdf)
<use classschemas_1_1ReviewBase__coll__graph.pdf>

LaTeX Font Warning: Font shape `TU/phv/b/n' undefined
(Font)              using `TU/phv/bx/n' instead on input line 23.


LaTeX Font Warning: Font shape `TU/phv/b/n' undefined
(Font)              using `TU/phv/bx/n' instead on input line 28.


LaTeX Font Warning: Font shape `TU/phv/b/n' undefined
(Font)              using `TU/phv/bx/n' instead on input line 28.


LaTeX Font Warning: Font shape `TU/phv/b/n' undefined
(Font)              using `TU/phv/bx/n' instead on input line 28.

[193]

LaTeX Font Warning: Font shape `TU/phv/b/n' undefined
(Font)              using `TU/phv/bx/n' instead on input line 34.


LaTeX Font Warning: Font shape `TU/phv/b/n' undefined
(Font)              using `TU/phv/bx/n' instead on input line 44.


LaTeX Font Warning: Font shape `TU/phv/b/n' undefined
(Font)              using `TU/phv/bx/n' instead on input line 47.


LaTeX Font Warning: Font shape `TU/phv/b/n' undefined
(Font)              using `TU/phv/bx/n' instead on input line 57.


LaTeX Font Warning: Font shape `TU/phv/b/n' undefined
(Font)              using `TU/phv/bx/n' instead on input line 67.

) (./classschemas_1_1ReviewCreate.tex

LaTeX Font Warning: Font shape `TU/phv/b/n' undefined
(Font)              using `TU/phv/bx/n' instead on input line 1.

File: classschemas_1_1ReviewCreate__inherit__graph.pdf Graphic file (type pdf)
<use classschemas_1_1ReviewCreate__inherit__graph.pdf>
File: classschemas_1_1ReviewCreate__coll__graph.pdf Graphic file (type pdf)
<use classschemas_1_1ReviewCreate__coll__graph.pdf>

LaTeX Font Warning: Font shape `TU/phv/b/n' undefined
(Font)              using `TU/phv/bx/n' instead on input line 23.


LaTeX Font Warning: Font shape `TU/phv/b/n' undefined
(Font)              using `TU/phv/bx/n' instead on input line 23.


LaTeX Font Warning: Font shape `TU/phv/b/n' undefined
(Font)              using `TU/phv/bx/n' instead on input line 23.

[194]

LaTeX Font Warning: Font shape `TU/phv/b/n' undefined
(Font)              using `TU/phv/bx/n' instead on input line 23.


LaTeX Font Warning: Font shape `TU/phv/b/n' undefined
(Font)              using `TU/phv/bx/n' instead on input line 24.


LaTeX Font Warning: Font shape `TU/phv/b/n' undefined
(Font)              using `TU/phv/bx/n' instead on input line 35.


LaTeX Font Warning: Font shape `TU/phv/b/n' undefined
(Font)              using `TU/phv/bx/n' instead on input line 44.


LaTeX Font Warning: Font shape `TU/phv/b/n' undefined
(Font)              using `TU/phv/bx/n' instead on input line 44.


LaTeX Font Warning: Font shape `TU/phv/b/n' undefined
(Font)              using `TU/phv/bx/n' instead on input line 44.

[195]) (./classschemas_1_1ReviewResponse.tex

LaTeX Font Warning: Font shape `TU/phv/b/n' undefined
(Font)              using `TU/phv/bx/n' instead on input line 1.

File: classschemas_1_1ReviewResponse__inherit__graph.pdf Graphic file (type pdf
)
<use classschemas_1_1ReviewResponse__inherit__graph.pdf>
File: classschemas_1_1ReviewResponse__coll__graph.pdf Graphic file (type pdf)
<use classschemas_1_1ReviewResponse__coll__graph.pdf>

LaTeX Font Warning: Font shape `TU/phv/b/n' undefined
(Font)              using `TU/phv/bx/n' instead on input line 23.


LaTeX Font Warning: Font shape `TU/phv/b/n' undefined
(Font)              using `TU/phv/bx/n' instead on input line 34.


LaTeX Font Warning: Font shape `TU/phv/b/n' undefined
(Font)              using `TU/phv/bx/n' instead on input line 43.


LaTeX Font Warning: Font shape `TU/phv/b/n' undefined
(Font)              using `TU/phv/bx/n' instead on input line 46.


LaTeX Font Warning: Font shape `TU/phv/b/n' undefined
(Font)              using `TU/phv/bx/n' instead on input line 52.


LaTeX Font Warning: Font shape `TU/phv/b/n' undefined
(Font)              using `TU/phv/bx/n' instead on input line 52.


LaTeX Font Warning: Font shape `TU/phv/b/n' undefined
(Font)              using `TU/phv/bx/n' instead on input line 52.

[196]

LaTeX Font Warning: Font shape `TU/phv/b/n' undefined
(Font)              using `TU/phv/bx/n' instead on input line 56.


LaTeX Font Warning: Font shape `TU/phv/b/n' undefined
(Font)              using `TU/phv/bx/n' instead on input line 66.

) (./classmodels_1_1Shipper.tex

LaTeX Font Warning: Font shape `TU/phv/b/n' undefined
(Font)              using `TU/phv/bx/n' instead on input line 1.

File: classmodels_1_1Shipper__inherit__graph.pdf Graphic file (type pdf)
<use classmodels_1_1Shipper__inherit__graph.pdf>
File: classmodels_1_1Shipper__coll__graph.pdf Graphic file (type pdf)
<use classmodels_1_1Shipper__coll__graph.pdf>

LaTeX Font Warning: Font shape `TU/phv/b/n' undefined
(Font)              using `TU/phv/bx/n' instead on input line 23.


LaTeX Font Warning: Font shape `TU/phv/b/n' undefined
(Font)              using `TU/phv/bx/n' instead on input line 23.


LaTeX Font Warning: Font shape `TU/phv/b/n' undefined
(Font)              using `TU/phv/bx/n' instead on input line 23.

[197]

LaTeX Font Warning: Font shape `TU/phv/b/n' undefined
(Font)              using `TU/phv/bx/n' instead on input line 23.


LaTeX Font Warning: Font shape `TU/phv/b/n' undefined
(Font)              using `TU/phv/bx/n' instead on input line 40.


LaTeX Font Warning: Font shape `TU/phv/b/n' undefined
(Font)              using `TU/phv/bx/n' instead on input line 47.


LaTeX Font Warning: Font shape `TU/phv/b/n' undefined
(Font)              using `TU/phv/bx/n' instead on input line 57.


LaTeX Font Warning: Font shape `TU/phv/b/n' undefined
(Font)              using `TU/phv/bx/n' instead on input line 60.


LaTeX Font Warning: Font shape `TU/phv/b/n' undefined
(Font)              using `TU/phv/bx/n' instead on input line 70.


LaTeX Font Warning: Font shape `TU/phv/b/n' undefined
(Font)              using `TU/phv/bx/n' instead on input line 80.


LaTeX Font Warning: Font shape `TU/phv/b/n' undefined
(Font)              using `TU/phv/bx/n' instead on input line 90.


LaTeX Font Warning: Font shape `TU/phv/b/n' undefined
(Font)              using `TU/phv/bx/n' instead on input line 96.


LaTeX Font Warning: Font shape `TU/phv/b/n' undefined
(Font)              using `TU/phv/bx/n' instead on input line 96.


LaTeX Font Warning: Font shape `TU/phv/b/n' undefined
(Font)              using `TU/phv/bx/n' instead on input line 96.

[198]

LaTeX Font Warning: Font shape `TU/phv/b/n' undefined
(Font)              using `TU/phv/bx/n' instead on input line 100.


LaTeX Font Warning: Font shape `TU/phv/b/n' undefined
(Font)              using `TU/phv/bx/n' instead on input line 110.


LaTeX Font Warning: Font shape `TU/phv/b/n' undefined
(Font)              using `TU/phv/bx/n' instead on input line 120.


LaTeX Font Warning: Font shape `TU/phv/b/n' undefined
(Font)              using `TU/phv/bx/n' instead on input line 130.

) (./classschemas_1_1Shipper.tex

LaTeX Font Warning: Font shape `TU/phv/b/n' undefined
(Font)              using `TU/phv/bx/n' instead on input line 1.

File: classschemas_1_1Shipper__inherit__graph.pdf Graphic file (type pdf)
<use classschemas_1_1Shipper__inherit__graph.pdf>

LaTeX Font Warning: Font shape `TU/phv/b/n' undefined
(Font)              using `TU/phv/bx/n' instead on input line 13.


LaTeX Font Warning: Font shape `TU/phv/b/n' undefined
(Font)              using `TU/phv/bx/n' instead on input line 13.


LaTeX Font Warning: Font shape `TU/phv/b/n' undefined
(Font)              using `TU/phv/bx/n' instead on input line 13.

[199]
File: classschemas_1_1Shipper__coll__graph.pdf Graphic file (type pdf)
<use classschemas_1_1Shipper__coll__graph.pdf>


LaTeX Font Warning: Font shape `TU/phv/b/n' undefined
(Font)              using `TU/phv/bx/n' instead on input line 23.


LaTeX Font Warning: Font shape `TU/phv/b/n' undefined
(Font)              using `TU/phv/bx/n' instead on input line 28.


LaTeX Font Warning: Font shape `TU/phv/b/n' undefined
(Font)              using `TU/phv/bx/n' instead on input line 37.


LaTeX Font Warning: Font shape `TU/phv/b/n' undefined
(Font)              using `TU/phv/bx/n' instead on input line 46.


LaTeX Font Warning: Font shape `TU/phv/b/n' undefined
(Font)              using `TU/phv/bx/n' instead on input line 49.


LaTeX Font Warning: Font shape `TU/phv/b/n' undefined
(Font)              using `TU/phv/bx/n' instead on input line 55.


LaTeX Font Warning: Font shape `TU/phv/b/n' undefined
(Font)              using `TU/phv/bx/n' instead on input line 55.


LaTeX Font Warning: Font shape `TU/phv/b/n' undefined
(Font)              using `TU/phv/bx/n' instead on input line 55.

[200]) (./classschemas_1_1ShipperBase.tex

LaTeX Font Warning: Font shape `TU/phv/b/n' undefined
(Font)              using `TU/phv/bx/n' instead on input line 1.

File: classschemas_1_1ShipperBase__inherit__graph.pdf Graphic file (type pdf)
<use classschemas_1_1ShipperBase__inherit__graph.pdf>
File: classschemas_1_1ShipperBase__coll__graph.pdf Graphic file (type pdf)
<use classschemas_1_1ShipperBase__coll__graph.pdf>

LaTeX Font Warning: Font shape `TU/phv/b/n' undefined
(Font)              using `TU/phv/bx/n' instead on input line 23.


LaTeX Font Warning: Font shape `TU/phv/b/n' undefined
(Font)              using `TU/phv/bx/n' instead on input line 28.


LaTeX Font Warning: Font shape `TU/phv/b/n' undefined
(Font)              using `TU/phv/bx/n' instead on input line 28.


LaTeX Font Warning: Font shape `TU/phv/b/n' undefined
(Font)              using `TU/phv/bx/n' instead on input line 28.

[201]

LaTeX Font Warning: Font shape `TU/phv/b/n' undefined
(Font)              using `TU/phv/bx/n' instead on input line 32.


LaTeX Font Warning: Font shape `TU/phv/b/n' undefined
(Font)              using `TU/phv/bx/n' instead on input line 42.


LaTeX Font Warning: Font shape `TU/phv/b/n' undefined
(Font)              using `TU/phv/bx/n' instead on input line 45.


LaTeX Font Warning: Font shape `TU/phv/b/n' undefined
(Font)              using `TU/phv/bx/n' instead on input line 55.

) (./classschemas_1_1ShipperCreate.tex

LaTeX Font Warning: Font shape `TU/phv/b/n' undefined
(Font)              using `TU/phv/bx/n' instead on input line 1.

File: classschemas_1_1ShipperCreate__inherit__graph.pdf Graphic file (type pdf)

<use classschemas_1_1ShipperCreate__inherit__graph.pdf>
File: classschemas_1_1ShipperCreate__coll__graph.pdf Graphic file (type pdf)
<use classschemas_1_1ShipperCreate__coll__graph.pdf>

LaTeX Font Warning: Font shape `TU/phv/b/n' undefined
(Font)              using `TU/phv/bx/n' instead on input line 23.


LaTeX Font Warning: Font shape `TU/phv/b/n' undefined
(Font)              using `TU/phv/bx/n' instead on input line 23.


LaTeX Font Warning: Font shape `TU/phv/b/n' undefined
(Font)              using `TU/phv/bx/n' instead on input line 23.

[202]

LaTeX Font Warning: Font shape `TU/phv/b/n' undefined
(Font)              using `TU/phv/bx/n' instead on input line 23.


LaTeX Font Warning: Font shape `TU/phv/b/n' undefined
(Font)              using `TU/phv/bx/n' instead on input line 24.


LaTeX Font Warning: Font shape `TU/phv/b/n' undefined
(Font)              using `TU/phv/bx/n' instead on input line 33.

) (./classmodels_1_1SocialShare.tex

LaTeX Font Warning: Font shape `TU/phv/b/n' undefined
(Font)              using `TU/phv/bx/n' instead on input line 1.

File: classmodels_1_1SocialShare__inherit__graph.pdf Graphic file (type pdf)
<use classmodels_1_1SocialShare__inherit__graph.pdf>
File: classmodels_1_1SocialShare__coll__graph.pdf Graphic file (type pdf)
<use classmodels_1_1SocialShare__coll__graph.pdf>

LaTeX Font Warning: Font shape `TU/phv/b/n' undefined
(Font)              using `TU/phv/bx/n' instead on input line 23.


LaTeX Font Warning: Font shape `TU/phv/b/n' undefined
(Font)              using `TU/phv/bx/n' instead on input line 23.


LaTeX Font Warning: Font shape `TU/phv/b/n' undefined
(Font)              using `TU/phv/bx/n' instead on input line 23.

[203]

LaTeX Font Warning: Font shape `TU/phv/b/n' undefined
(Font)              using `TU/phv/bx/n' instead on input line 23.


LaTeX Font Warning: Font shape `TU/phv/b/n' undefined
(Font)              using `TU/phv/bx/n' instead on input line 48.


LaTeX Font Warning: Font shape `TU/phv/b/n' undefined
(Font)              using `TU/phv/bx/n' instead on input line 55.


LaTeX Font Warning: Font shape `TU/phv/b/n' undefined
(Font)              using `TU/phv/bx/n' instead on input line 65.


LaTeX Font Warning: Font shape `TU/phv/b/n' undefined
(Font)              using `TU/phv/bx/n' instead on input line 68.


LaTeX Font Warning: Font shape `TU/phv/b/n' undefined
(Font)              using `TU/phv/bx/n' instead on input line 78.


LaTeX Font Warning: Font shape `TU/phv/b/n' undefined
(Font)              using `TU/phv/bx/n' instead on input line 88.


LaTeX Font Warning: Font shape `TU/phv/b/n' undefined
(Font)              using `TU/phv/bx/n' instead on input line 98.


LaTeX Font Warning: Font shape `TU/phv/b/n' undefined
(Font)              using `TU/phv/bx/n' instead on input line 98.


LaTeX Font Warning: Font shape `TU/phv/b/n' undefined
(Font)              using `TU/phv/bx/n' instead on input line 98.

[204]

LaTeX Font Warning: Font shape `TU/phv/b/n' undefined
(Font)              using `TU/phv/bx/n' instead on input line 98.


LaTeX Font Warning: Font shape `TU/phv/b/n' undefined
(Font)              using `TU/phv/bx/n' instead on input line 108.


LaTeX Font Warning: Font shape `TU/phv/b/n' undefined
(Font)              using `TU/phv/bx/n' instead on input line 118.


LaTeX Font Warning: Font shape `TU/phv/b/n' undefined
(Font)              using `TU/phv/bx/n' instead on input line 128.


LaTeX Font Warning: Font shape `TU/phv/b/n' undefined
(Font)              using `TU/phv/bx/n' instead on input line 138.


LaTeX Font Warning: Font shape `TU/phv/b/n' undefined
(Font)              using `TU/phv/bx/n' instead on input line 148.


LaTeX Font Warning: Font shape `TU/phv/b/n' undefined
(Font)              using `TU/phv/bx/n' instead on input line 158.


LaTeX Font Warning: Font shape `TU/phv/b/n' undefined
(Font)              using `TU/phv/bx/n' instead on input line 168.


LaTeX Font Warning: Font shape `TU/phv/b/n' undefined
(Font)              using `TU/phv/bx/n' instead on input line 178.


LaTeX Font Warning: Font shape `TU/phv/b/n' undefined
(Font)              using `TU/phv/bx/n' instead on input line 184.


LaTeX Font Warning: Font shape `TU/phv/b/n' undefined
(Font)              using `TU/phv/bx/n' instead on input line 184.


LaTeX Font Warning: Font shape `TU/phv/b/n' undefined
(Font)              using `TU/phv/bx/n' instead on input line 184.

[205]) (./classschemas_1_1SocialShare.tex

LaTeX Font Warning: Font shape `TU/phv/b/n' undefined
(Font)              using `TU/phv/bx/n' instead on input line 1.

File: classschemas_1_1SocialShare__inherit__graph.pdf Graphic file (type pdf)
<use classschemas_1_1SocialShare__inherit__graph.pdf>
File: classschemas_1_1SocialShare__coll__graph.pdf Graphic file (type pdf)
<use classschemas_1_1SocialShare__coll__graph.pdf>

LaTeX Font Warning: Font shape `TU/phv/b/n' undefined
(Font)              using `TU/phv/bx/n' instead on input line 23.


LaTeX Font Warning: Font shape `TU/phv/b/n' undefined
(Font)              using `TU/phv/bx/n' instead on input line 23.


LaTeX Font Warning: Font shape `TU/phv/b/n' undefined
(Font)              using `TU/phv/bx/n' instead on input line 23.

[206]

LaTeX Font Warning: Font shape `TU/phv/b/n' undefined
(Font)              using `TU/phv/bx/n' instead on input line 23.


LaTeX Font Warning: Font shape `TU/phv/b/n' undefined
(Font)              using `TU/phv/bx/n' instead on input line 28.


LaTeX Font Warning: Font shape `TU/phv/b/n' undefined
(Font)              using `TU/phv/bx/n' instead on input line 35.


LaTeX Font Warning: Font shape `TU/phv/b/n' undefined
(Font)              using `TU/phv/bx/n' instead on input line 44.


LaTeX Font Warning: Font shape `TU/phv/b/n' undefined
(Font)              using `TU/phv/bx/n' instead on input line 47.

) (./classschemas_1_1SocialShareBase.tex

LaTeX Font Warning: Font shape `TU/phv/b/n' undefined
(Font)              using `TU/phv/bx/n' instead on input line 1.

File: classschemas_1_1SocialShareBase__inherit__graph.pdf Graphic file (type pd
f)
<use classschemas_1_1SocialShareBase__inherit__graph.pdf>

LaTeX Font Warning: Font shape `TU/phv/b/n' undefined
(Font)              using `TU/phv/bx/n' instead on input line 13.


LaTeX Font Warning: Font shape `TU/phv/b/n' undefined
(Font)              using `TU/phv/bx/n' instead on input line 13.


LaTeX Font Warning: Font shape `TU/phv/b/n' undefined
(Font)              using `TU/phv/bx/n' instead on input line 13.

[207]
File: classschemas_1_1SocialShareBase__coll__graph.pdf Graphic file (type pdf)
<use classschemas_1_1SocialShareBase__coll__graph.pdf>


LaTeX Font Warning: Font shape `TU/phv/b/n' undefined
(Font)              using `TU/phv/bx/n' instead on input line 23.


LaTeX Font Warning: Font shape `TU/phv/b/n' undefined
(Font)              using `TU/phv/bx/n' instead on input line 30.


LaTeX Font Warning: Font shape `TU/phv/b/n' undefined
(Font)              using `TU/phv/bx/n' instead on input line 40.


LaTeX Font Warning: Font shape `TU/phv/b/n' undefined
(Font)              using `TU/phv/bx/n' instead on input line 43.


LaTeX Font Warning: Font shape `TU/phv/b/n' undefined
(Font)              using `TU/phv/bx/n' instead on input line 55.


LaTeX Font Warning: Font shape `TU/phv/b/n' undefined
(Font)              using `TU/phv/bx/n' instead on input line 55.


LaTeX Font Warning: Font shape `TU/phv/b/n' undefined
(Font)              using `TU/phv/bx/n' instead on input line 55.

[208]) (./classschemas_1_1SocialShareCreate.tex

LaTeX Font Warning: Font shape `TU/phv/b/n' undefined
(Font)              using `TU/phv/bx/n' instead on input line 1.

File: classschemas_1_1SocialShareCreate__inherit__graph.pdf Graphic file (type 
pdf)
<use classschemas_1_1SocialShareCreate__inherit__graph.pdf>
File: classschemas_1_1SocialShareCreate__coll__graph.pdf Graphic file (type pdf
)
<use classschemas_1_1SocialShareCreate__coll__graph.pdf>

LaTeX Font Warning: Font shape `TU/phv/b/n' undefined
(Font)              using `TU/phv/bx/n' instead on input line 23.


LaTeX Font Warning: Font shape `TU/phv/b/n' undefined
(Font)              using `TU/phv/bx/n' instead on input line 24.


LaTeX Font Warning: Font shape `TU/phv/b/n' undefined
(Font)              using `TU/phv/bx/n' instead on input line 28.


LaTeX Font Warning: Font shape `TU/phv/b/n' undefined
(Font)              using `TU/phv/bx/n' instead on input line 28.


LaTeX Font Warning: Font shape `TU/phv/b/n' undefined
(Font)              using `TU/phv/bx/n' instead on input line 28.

[209]

LaTeX Font Warning: Font shape `TU/phv/b/n' undefined
(Font)              using `TU/phv/bx/n' instead on input line 31.

) (./classschemas_1_1Token.tex

LaTeX Font Warning: Font shape `TU/phv/b/n' undefined
(Font)              using `TU/phv/bx/n' instead on input line 1.

File: classschemas_1_1Token__inherit__graph.pdf Graphic file (type pdf)
<use classschemas_1_1Token__inherit__graph.pdf>
File: classschemas_1_1Token__coll__graph.pdf Graphic file (type pdf)
<use classschemas_1_1Token__coll__graph.pdf>

LaTeX Font Warning: Font shape `TU/phv/b/n' undefined
(Font)              using `TU/phv/bx/n' instead on input line 25.

) (./classschemas_1_1TokenData.tex

LaTeX Font Warning: Font shape `TU/phv/b/n' undefined
(Font)              using `TU/phv/bx/n' instead on input line 1.

File: classschemas_1_1TokenData__inherit__graph.pdf Graphic file (type pdf)
<use classschemas_1_1TokenData__inherit__graph.pdf>

LaTeX Font Warning: Font shape `TU/phv/b/n' undefined
(Font)              using `TU/phv/bx/n' instead on input line 13.


LaTeX Font Warning: Font shape `TU/phv/b/n' undefined
(Font)              using `TU/phv/bx/n' instead on input line 13.


LaTeX Font Warning: Font shape `TU/phv/b/n' undefined
(Font)              using `TU/phv/bx/n' instead on input line 13.

[210]
File: classschemas_1_1TokenData__coll__graph.pdf Graphic file (type pdf)
<use classschemas_1_1TokenData__coll__graph.pdf>


LaTeX Font Warning: Font shape `TU/phv/b/n' undefined
(Font)              using `TU/phv/bx/n' instead on input line 23.


LaTeX Font Warning: Font shape `TU/phv/b/n' undefined
(Font)              using `TU/phv/bx/n' instead on input line 30.


LaTeX Font Warning: Font shape `TU/phv/b/n' undefined
(Font)              using `TU/phv/bx/n' instead on input line 40.


LaTeX Font Warning: Font shape `TU/phv/b/n' undefined
(Font)              using `TU/phv/bx/n' instead on input line 43.


LaTeX Font Warning: Font shape `TU/phv/b/n' undefined
(Font)              using `TU/phv/bx/n' instead on input line 49.


LaTeX Font Warning: Font shape `TU/phv/b/n' undefined
(Font)              using `TU/phv/bx/n' instead on input line 49.


LaTeX Font Warning: Font shape `TU/phv/b/n' undefined
(Font)              using `TU/phv/bx/n' instead on input line 49.

[211]) (./classmodels_1_1UsedPromotion.tex

LaTeX Font Warning: Font shape `TU/phv/b/n' undefined
(Font)              using `TU/phv/bx/n' instead on input line 1.

File: classmodels_1_1UsedPromotion__inherit__graph.pdf Graphic file (type pdf)
<use classmodels_1_1UsedPromotion__inherit__graph.pdf>
File: classmodels_1_1UsedPromotion__coll__graph.pdf Graphic file (type pdf)
<use classmodels_1_1UsedPromotion__coll__graph.pdf>

LaTeX Font Warning: Font shape `TU/phv/b/n' undefined
(Font)              using `TU/phv/bx/n' instead on input line 23.


LaTeX Font Warning: Font shape `TU/phv/b/n' undefined
(Font)              using `TU/phv/bx/n' instead on input line 34.


LaTeX Font Warning: Font shape `TU/phv/b/n' undefined
(Font)              using `TU/phv/bx/n' instead on input line 34.


LaTeX Font Warning: Font shape `TU/phv/b/n' undefined
(Font)              using `TU/phv/bx/n' instead on input line 34.

[212]

LaTeX Font Warning: Font shape `TU/phv/b/n' undefined
(Font)              using `TU/phv/bx/n' instead on input line 38.


LaTeX Font Warning: Font shape `TU/phv/b/n' undefined
(Font)              using `TU/phv/bx/n' instead on input line 45.


LaTeX Font Warning: Font shape `TU/phv/b/n' undefined
(Font)              using `TU/phv/bx/n' instead on input line 55.


LaTeX Font Warning: Font shape `TU/phv/b/n' undefined
(Font)              using `TU/phv/bx/n' instead on input line 58.


LaTeX Font Warning: Font shape `TU/phv/b/n' undefined
(Font)              using `TU/phv/bx/n' instead on input line 68.


LaTeX Font Warning: Font shape `TU/phv/b/n' undefined
(Font)              using `TU/phv/bx/n' instead on input line 78.


LaTeX Font Warning: Font shape `TU/phv/b/n' undefined
(Font)              using `TU/phv/bx/n' instead on input line 88.


LaTeX Font Warning: Font shape `TU/phv/b/n' undefined
(Font)              using `TU/phv/bx/n' instead on input line 98.


LaTeX Font Warning: Font shape `TU/phv/b/n' undefined
(Font)              using `TU/phv/bx/n' instead on input line 108.


LaTeX Font Warning: Font shape `TU/phv/b/n' undefined
(Font)              using `TU/phv/bx/n' instead on input line 118.


LaTeX Font Warning: Font shape `TU/phv/b/n' undefined
(Font)              using `TU/phv/bx/n' instead on input line 128.


LaTeX Font Warning: Font shape `TU/phv/b/n' undefined
(Font)              using `TU/phv/bx/n' instead on input line 128.


LaTeX Font Warning: Font shape `TU/phv/b/n' undefined
(Font)              using `TU/phv/bx/n' instead on input line 128.

[213]) (./classschemas_1_1UsedPromotion.tex

LaTeX Font Warning: Font shape `TU/phv/b/n' undefined
(Font)              using `TU/phv/bx/n' instead on input line 1.

File: classschemas_1_1UsedPromotion__inherit__graph.pdf Graphic file (type pdf)

<use classschemas_1_1UsedPromotion__inherit__graph.pdf>
File: classschemas_1_1UsedPromotion__coll__graph.pdf Graphic file (type pdf)
<use classschemas_1_1UsedPromotion__coll__graph.pdf>

LaTeX Font Warning: Font shape `TU/phv/b/n' undefined
(Font)              using `TU/phv/bx/n' instead on input line 23.


LaTeX Font Warning: Font shape `TU/phv/b/n' undefined
(Font)              using `TU/phv/bx/n' instead on input line 23.


LaTeX Font Warning: Font shape `TU/phv/b/n' undefined
(Font)              using `TU/phv/bx/n' instead on input line 23.

[214]

LaTeX Font Warning: Font shape `TU/phv/b/n' undefined
(Font)              using `TU/phv/bx/n' instead on input line 23.


LaTeX Font Warning: Font shape `TU/phv/b/n' undefined
(Font)              using `TU/phv/bx/n' instead on input line 30.


LaTeX Font Warning: Font shape `TU/phv/b/n' undefined
(Font)              using `TU/phv/bx/n' instead on input line 39.


LaTeX Font Warning: Font shape `TU/phv/b/n' undefined
(Font)              using `TU/phv/bx/n' instead on input line 42.

) (./classschemas_1_1UsedPromotionBase.tex

LaTeX Font Warning: Font shape `TU/phv/b/n' undefined
(Font)              using `TU/phv/bx/n' instead on input line 1.

File: classschemas_1_1UsedPromotionBase__inherit__graph.pdf Graphic file (type 
pdf)
<use classschemas_1_1UsedPromotionBase__inherit__graph.pdf>

LaTeX Font Warning: Font shape `TU/phv/b/n' undefined
(Font)              using `TU/phv/bx/n' instead on input line 13.


LaTeX Font Warning: Font shape `TU/phv/b/n' undefined
(Font)              using `TU/phv/bx/n' instead on input line 13.


LaTeX Font Warning: Font shape `TU/phv/b/n' undefined
(Font)              using `TU/phv/bx/n' instead on input line 13.

[215]
File: classschemas_1_1UsedPromotionBase__coll__graph.pdf Graphic file (type pdf
)
<use classschemas_1_1UsedPromotionBase__coll__graph.pdf>


LaTeX Font Warning: Font shape `TU/phv/b/n' undefined
(Font)              using `TU/phv/bx/n' instead on input line 25.

) (./classschemas_1_1UsedPromotionCreate.tex

LaTeX Font Warning: Font shape `TU/phv/b/n' undefined
(Font)              using `TU/phv/bx/n' instead on input line 1.

File: classschemas_1_1UsedPromotionCreate__inherit__graph.pdf Graphic file (typ
e pdf)
<use classschemas_1_1UsedPromotionCreate__inherit__graph.pdf>

LaTeX Font Warning: Font shape `TU/phv/b/n' undefined
(Font)              using `TU/phv/bx/n' instead on input line 13.


LaTeX Font Warning: Font shape `TU/phv/b/n' undefined
(Font)              using `TU/phv/bx/n' instead on input line 13.


LaTeX Font Warning: Font shape `TU/phv/b/n' undefined
(Font)              using `TU/phv/bx/n' instead on input line 13.

[216]
File: classschemas_1_1UsedPromotionCreate__coll__graph.pdf Graphic file (type p
df)
<use classschemas_1_1UsedPromotionCreate__coll__graph.pdf>


LaTeX Font Warning: Font shape `TU/phv/b/n' undefined
(Font)              using `TU/phv/bx/n' instead on input line 25.

) (./classmodels_1_1User.tex

LaTeX Font Warning: Font shape `TU/phv/b/n' undefined
(Font)              using `TU/phv/bx/n' instead on input line 1.

File: classmodels_1_1User__inherit__graph.pdf Graphic file (type pdf)
<use classmodels_1_1User__inherit__graph.pdf>

LaTeX Font Warning: Font shape `TU/phv/b/n' undefined
(Font)              using `TU/phv/bx/n' instead on input line 13.


LaTeX Font Warning: Font shape `TU/phv/b/n' undefined
(Font)              using `TU/phv/bx/n' instead on input line 13.


LaTeX Font Warning: Font shape `TU/phv/b/n' undefined
(Font)              using `TU/phv/bx/n' instead on input line 13.

[217]
File: classmodels_1_1User__coll__graph.pdf Graphic file (type pdf)
<use classmodels_1_1User__coll__graph.pdf>


LaTeX Font Warning: Font shape `TU/phv/b/n' undefined
(Font)              using `TU/phv/bx/n' instead on input line 23.


LaTeX Font Warning: Font shape `TU/phv/b/n' undefined
(Font)              using `TU/phv/bx/n' instead on input line 58.


LaTeX Font Warning: Font shape `TU/phv/b/n' undefined
(Font)              using `TU/phv/bx/n' instead on input line 65.


LaTeX Font Warning: Font shape `TU/phv/b/n' undefined
(Font)              using `TU/phv/bx/n' instead on input line 66.


LaTeX Font Warning: Font shape `TU/phv/b/n' undefined
(Font)              using `TU/phv/bx/n' instead on input line 66.


LaTeX Font Warning: Font shape `TU/phv/b/n' undefined
(Font)              using `TU/phv/bx/n' instead on input line 66.

[218]

LaTeX Font Warning: Font shape `TU/phv/b/n' undefined
(Font)              using `TU/phv/bx/n' instead on input line 75.


LaTeX Font Warning: Font shape `TU/phv/b/n' undefined
(Font)              using `TU/phv/bx/n' instead on input line 78.


LaTeX Font Warning: Font shape `TU/phv/b/n' undefined
(Font)              using `TU/phv/bx/n' instead on input line 88.


LaTeX Font Warning: Font shape `TU/phv/b/n' undefined
(Font)              using `TU/phv/bx/n' instead on input line 98.


LaTeX Font Warning: Font shape `TU/phv/b/n' undefined
(Font)              using `TU/phv/bx/n' instead on input line 108.


LaTeX Font Warning: Font shape `TU/phv/b/n' undefined
(Font)              using `TU/phv/bx/n' instead on input line 118.


LaTeX Font Warning: Font shape `TU/phv/b/n' undefined
(Font)              using `TU/phv/bx/n' instead on input line 128.


LaTeX Font Warning: Font shape `TU/phv/b/n' undefined
(Font)              using `TU/phv/bx/n' instead on input line 138.


LaTeX Font Warning: Font shape `TU/phv/b/n' undefined
(Font)              using `TU/phv/bx/n' instead on input line 148.


LaTeX Font Warning: Font shape `TU/phv/b/n' undefined
(Font)              using `TU/phv/bx/n' instead on input line 158.


LaTeX Font Warning: Font shape `TU/phv/b/n' undefined
(Font)              using `TU/phv/bx/n' instead on input line 164.


LaTeX Font Warning: Font shape `TU/phv/b/n' undefined
(Font)              using `TU/phv/bx/n' instead on input line 164.


LaTeX Font Warning: Font shape `TU/phv/b/n' undefined
(Font)              using `TU/phv/bx/n' instead on input line 164.

[219]

LaTeX Font Warning: Font shape `TU/phv/b/n' undefined
(Font)              using `TU/phv/bx/n' instead on input line 168.


LaTeX Font Warning: Font shape `TU/phv/b/n' undefined
(Font)              using `TU/phv/bx/n' instead on input line 178.


LaTeX Font Warning: Font shape `TU/phv/b/n' undefined
(Font)              using `TU/phv/bx/n' instead on input line 188.


LaTeX Font Warning: Font shape `TU/phv/b/n' undefined
(Font)              using `TU/phv/bx/n' instead on input line 198.


LaTeX Font Warning: Font shape `TU/phv/b/n' undefined
(Font)              using `TU/phv/bx/n' instead on input line 208.


LaTeX Font Warning: Font shape `TU/phv/b/n' undefined
(Font)              using `TU/phv/bx/n' instead on input line 218.


LaTeX Font Warning: Font shape `TU/phv/b/n' undefined
(Font)              using `TU/phv/bx/n' instead on input line 228.


LaTeX Font Warning: Font shape `TU/phv/b/n' undefined
(Font)              using `TU/phv/bx/n' instead on input line 238.


LaTeX Font Warning: Font shape `TU/phv/b/n' undefined
(Font)              using `TU/phv/bx/n' instead on input line 244.


LaTeX Font Warning: Font shape `TU/phv/b/n' undefined
(Font)              using `TU/phv/bx/n' instead on input line 244.


LaTeX Font Warning: Font shape `TU/phv/b/n' undefined
(Font)              using `TU/phv/bx/n' instead on input line 244.

[220]) (./classschemas_1_1User.tex

LaTeX Font Warning: Font shape `TU/phv/b/n' undefined
(Font)              using `TU/phv/bx/n' instead on input line 1.

File: classschemas_1_1User__inherit__graph.pdf Graphic file (type pdf)
<use classschemas_1_1User__inherit__graph.pdf>
File: classschemas_1_1User__coll__graph.pdf Graphic file (type pdf)
<use classschemas_1_1User__coll__graph.pdf>

LaTeX Font Warning: Font shape `TU/phv/b/n' undefined
(Font)              using `TU/phv/bx/n' instead on input line 23.


LaTeX Font Warning: Font shape `TU/phv/b/n' undefined
(Font)              using `TU/phv/bx/n' instead on input line 23.


LaTeX Font Warning: Font shape `TU/phv/b/n' undefined
(Font)              using `TU/phv/bx/n' instead on input line 23.

[221]

LaTeX Font Warning: Font shape `TU/phv/b/n' undefined
(Font)              using `TU/phv/bx/n' instead on input line 23.


LaTeX Font Warning: Font shape `TU/phv/b/n' undefined
(Font)              using `TU/phv/bx/n' instead on input line 30.


LaTeX Font Warning: Font shape `TU/phv/b/n' undefined
(Font)              using `TU/phv/bx/n' instead on input line 39.


LaTeX Font Warning: Font shape `TU/phv/b/n' undefined
(Font)              using `TU/phv/bx/n' instead on input line 42.

) (./classschemas_1_1UserBase.tex

LaTeX Font Warning: Font shape `TU/phv/b/n' undefined
(Font)              using `TU/phv/bx/n' instead on input line 1.

File: classschemas_1_1UserBase__inherit__graph.pdf Graphic file (type pdf)
<use classschemas_1_1UserBase__inherit__graph.pdf>

LaTeX Font Warning: Font shape `TU/phv/b/n' undefined
(Font)              using `TU/phv/bx/n' instead on input line 13.


LaTeX Font Warning: Font shape `TU/phv/b/n' undefined
(Font)              using `TU/phv/bx/n' instead on input line 13.


LaTeX Font Warning: Font shape `TU/phv/b/n' undefined
(Font)              using `TU/phv/bx/n' instead on input line 13.

[222]
File: classschemas_1_1UserBase__coll__graph.pdf Graphic file (type pdf)
<use classschemas_1_1UserBase__coll__graph.pdf>


LaTeX Font Warning: Font shape `TU/phv/b/n' undefined
(Font)              using `TU/phv/bx/n' instead on input line 25.

) (./classschemas_1_1UserCreate.tex

LaTeX Font Warning: Font shape `TU/phv/b/n' undefined
(Font)              using `TU/phv/bx/n' instead on input line 1.

File: classschemas_1_1UserCreate__inherit__graph.pdf Graphic file (type pdf)
<use classschemas_1_1UserCreate__inherit__graph.pdf>

LaTeX Font Warning: Font shape `TU/phv/b/n' undefined
(Font)              using `TU/phv/bx/n' instead on input line 13.


LaTeX Font Warning: Font shape `TU/phv/b/n' undefined
(Font)              using `TU/phv/bx/n' instead on input line 13.


LaTeX Font Warning: Font shape `TU/phv/b/n' undefined
(Font)              using `TU/phv/bx/n' instead on input line 13.

[223]
File: classschemas_1_1UserCreate__coll__graph.pdf Graphic file (type pdf)
<use classschemas_1_1UserCreate__coll__graph.pdf>


LaTeX Font Warning: Font shape `TU/phv/b/n' undefined
(Font)              using `TU/phv/bx/n' instead on input line 25.

) (./classmodels_1_1UserDevice.tex

LaTeX Font Warning: Font shape `TU/phv/b/n' undefined
(Font)              using `TU/phv/bx/n' instead on input line 1.

File: classmodels_1_1UserDevice__inherit__graph.pdf Graphic file (type pdf)
<use classmodels_1_1UserDevice__inherit__graph.pdf>

LaTeX Font Warning: Font shape `TU/phv/b/n' undefined
(Font)              using `TU/phv/bx/n' instead on input line 13.


LaTeX Font Warning: Font shape `TU/phv/b/n' undefined
(Font)              using `TU/phv/bx/n' instead on input line 13.


LaTeX Font Warning: Font shape `TU/phv/b/n' undefined
(Font)              using `TU/phv/bx/n' instead on input line 13.

[224]
File: classmodels_1_1UserDevice__coll__graph.pdf Graphic file (type pdf)
<use classmodels_1_1UserDevice__coll__graph.pdf>


LaTeX Font Warning: Font shape `TU/phv/b/n' undefined
(Font)              using `TU/phv/bx/n' instead on input line 23.


LaTeX Font Warning: Font shape `TU/phv/b/n' undefined
(Font)              using `TU/phv/bx/n' instead on input line 38.


LaTeX Font Warning: Font shape `TU/phv/b/n' undefined
(Font)              using `TU/phv/bx/n' instead on input line 45.


LaTeX Font Warning: Font shape `TU/phv/b/n' undefined
(Font)              using `TU/phv/bx/n' instead on input line 55.


LaTeX Font Warning: Font shape `TU/phv/b/n' undefined
(Font)              using `TU/phv/bx/n' instead on input line 58.


LaTeX Font Warning: Font shape `TU/phv/b/n' undefined
(Font)              using `TU/phv/bx/n' instead on input line 64.


LaTeX Font Warning: Font shape `TU/phv/b/n' undefined
(Font)              using `TU/phv/bx/n' instead on input line 64.


LaTeX Font Warning: Font shape `TU/phv/b/n' undefined
(Font)              using `TU/phv/bx/n' instead on input line 64.

[225]

LaTeX Font Warning: Font shape `TU/phv/b/n' undefined
(Font)              using `TU/phv/bx/n' instead on input line 68.


LaTeX Font Warning: Font shape `TU/phv/b/n' undefined
(Font)              using `TU/phv/bx/n' instead on input line 78.


LaTeX Font Warning: Font shape `TU/phv/b/n' undefined
(Font)              using `TU/phv/bx/n' instead on input line 88.


LaTeX Font Warning: Font shape `TU/phv/b/n' undefined
(Font)              using `TU/phv/bx/n' instead on input line 98.


LaTeX Font Warning: Font shape `TU/phv/b/n' undefined
(Font)              using `TU/phv/bx/n' instead on input line 108.


LaTeX Font Warning: Font shape `TU/phv/b/n' undefined
(Font)              using `TU/phv/bx/n' instead on input line 118.

) (./classschemas_1_1UserDevice.tex

LaTeX Font Warning: Font shape `TU/phv/b/n' undefined
(Font)              using `TU/phv/bx/n' instead on input line 1.

File: classschemas_1_1UserDevice__inherit__graph.pdf Graphic file (type pdf)
<use classschemas_1_1UserDevice__inherit__graph.pdf>

LaTeX Font Warning: Font shape `TU/phv/b/n' undefined
(Font)              using `TU/phv/bx/n' instead on input line 13.


LaTeX Font Warning: Font shape `TU/phv/b/n' undefined
(Font)              using `TU/phv/bx/n' instead on input line 13.


LaTeX Font Warning: Font shape `TU/phv/b/n' undefined
(Font)              using `TU/phv/bx/n' instead on input line 13.

[226]
File: classschemas_1_1UserDevice__coll__graph.pdf Graphic file (type pdf)
<use classschemas_1_1UserDevice__coll__graph.pdf>


LaTeX Font Warning: Font shape `TU/phv/b/n' undefined
(Font)              using `TU/phv/bx/n' instead on input line 23.


LaTeX Font Warning: Font shape `TU/phv/b/n' undefined
(Font)              using `TU/phv/bx/n' instead on input line 28.


LaTeX Font Warning: Font shape `TU/phv/b/n' undefined
(Font)              using `TU/phv/bx/n' instead on input line 35.


LaTeX Font Warning: Font shape `TU/phv/b/n' undefined
(Font)              using `TU/phv/bx/n' instead on input line 44.


LaTeX Font Warning: Font shape `TU/phv/b/n' undefined
(Font)              using `TU/phv/bx/n' instead on input line 47.


LaTeX Font Warning: Font shape `TU/phv/b/n' undefined
(Font)              using `TU/phv/bx/n' instead on input line 53.


LaTeX Font Warning: Font shape `TU/phv/b/n' undefined
(Font)              using `TU/phv/bx/n' instead on input line 53.


LaTeX Font Warning: Font shape `TU/phv/b/n' undefined
(Font)              using `TU/phv/bx/n' instead on input line 53.

[227]) (./classschemas_1_1UserDeviceBase.tex

LaTeX Font Warning: Font shape `TU/phv/b/n' undefined
(Font)              using `TU/phv/bx/n' instead on input line 1.

File: classschemas_1_1UserDeviceBase__inherit__graph.pdf Graphic file (type pdf
)
<use classschemas_1_1UserDeviceBase__inherit__graph.pdf>
File: classschemas_1_1UserDeviceBase__coll__graph.pdf Graphic file (type pdf)
<use classschemas_1_1UserDeviceBase__coll__graph.pdf>

LaTeX Font Warning: Font shape `TU/phv/b/n' undefined
(Font)              using `TU/phv/bx/n' instead on input line 23.


LaTeX Font Warning: Font shape `TU/phv/b/n' undefined
(Font)              using `TU/phv/bx/n' instead on input line 27.


LaTeX Font Warning: Font shape `TU/phv/b/n' undefined
(Font)              using `TU/phv/bx/n' instead on input line 27.


LaTeX Font Warning: Font shape `TU/phv/b/n' undefined
(Font)              using `TU/phv/bx/n' instead on input line 27.

[228]

LaTeX Font Warning: Font shape `TU/phv/b/n' undefined
(Font)              using `TU/phv/bx/n' instead on input line 30.


LaTeX Font Warning: Font shape `TU/phv/b/n' undefined
(Font)              using `TU/phv/bx/n' instead on input line 40.


LaTeX Font Warning: Font shape `TU/phv/b/n' undefined
(Font)              using `TU/phv/bx/n' instead on input line 43.

) (./classschemas_1_1UserDeviceCreate.tex

LaTeX Font Warning: Font shape `TU/phv/b/n' undefined
(Font)              using `TU/phv/bx/n' instead on input line 1.

File: classschemas_1_1UserDeviceCreate__inherit__graph.pdf Graphic file (type p
df)
<use classschemas_1_1UserDeviceCreate__inherit__graph.pdf>
File: classschemas_1_1UserDeviceCreate__coll__graph.pdf Graphic file (type pdf)

<use classschemas_1_1UserDeviceCreate__coll__graph.pdf>

LaTeX Font Warning: Font shape `TU/phv/b/n' undefined
(Font)              using `TU/phv/bx/n' instead on input line 23.


LaTeX Font Warning: Font shape `TU/phv/b/n' undefined
(Font)              using `TU/phv/bx/n' instead on input line 23.


LaTeX Font Warning: Font shape `TU/phv/b/n' undefined
(Font)              using `TU/phv/bx/n' instead on input line 23.

[229]

LaTeX Font Warning: Font shape `TU/phv/b/n' undefined
(Font)              using `TU/phv/bx/n' instead on input line 23.


LaTeX Font Warning: Font shape `TU/phv/b/n' undefined
(Font)              using `TU/phv/bx/n' instead on input line 24.


LaTeX Font Warning: Font shape `TU/phv/b/n' undefined
(Font)              using `TU/phv/bx/n' instead on input line 31.

) (./classmodels_1_1UserFAQ.tex

LaTeX Font Warning: Font shape `TU/phv/b/n' undefined
(Font)              using `TU/phv/bx/n' instead on input line 1.

File: classmodels_1_1UserFAQ__inherit__graph.pdf Graphic file (type pdf)
<use classmodels_1_1UserFAQ__inherit__graph.pdf>
File: classmodels_1_1UserFAQ__coll__graph.pdf Graphic file (type pdf)
<use classmodels_1_1UserFAQ__coll__graph.pdf>

LaTeX Font Warning: Font shape `TU/phv/b/n' undefined
(Font)              using `TU/phv/bx/n' instead on input line 23.


LaTeX Font Warning: Font shape `TU/phv/b/n' undefined
(Font)              using `TU/phv/bx/n' instead on input line 23.


LaTeX Font Warning: Font shape `TU/phv/b/n' undefined
(Font)              using `TU/phv/bx/n' instead on input line 23.

[230]

LaTeX Font Warning: Font shape `TU/phv/b/n' undefined
(Font)              using `TU/phv/bx/n' instead on input line 23.


LaTeX Font Warning: Font shape `TU/phv/b/n' undefined
(Font)              using `TU/phv/bx/n' instead on input line 38.


LaTeX Font Warning: Font shape `TU/phv/b/n' undefined
(Font)              using `TU/phv/bx/n' instead on input line 45.


LaTeX Font Warning: Font shape `TU/phv/b/n' undefined
(Font)              using `TU/phv/bx/n' instead on input line 55.


LaTeX Font Warning: Font shape `TU/phv/b/n' undefined
(Font)              using `TU/phv/bx/n' instead on input line 58.


LaTeX Font Warning: Font shape `TU/phv/b/n' undefined
(Font)              using `TU/phv/bx/n' instead on input line 68.


LaTeX Font Warning: Font shape `TU/phv/b/n' undefined
(Font)              using `TU/phv/bx/n' instead on input line 78.


LaTeX Font Warning: Font shape `TU/phv/b/n' undefined
(Font)              using `TU/phv/bx/n' instead on input line 88.


LaTeX Font Warning: Font shape `TU/phv/b/n' undefined
(Font)              using `TU/phv/bx/n' instead on input line 98.


LaTeX Font Warning: Font shape `TU/phv/b/n' undefined
(Font)              using `TU/phv/bx/n' instead on input line 98.


LaTeX Font Warning: Font shape `TU/phv/b/n' undefined
(Font)              using `TU/phv/bx/n' instead on input line 98.

[231]

LaTeX Font Warning: Font shape `TU/phv/b/n' undefined
(Font)              using `TU/phv/bx/n' instead on input line 98.


LaTeX Font Warning: Font shape `TU/phv/b/n' undefined
(Font)              using `TU/phv/bx/n' instead on input line 108.


LaTeX Font Warning: Font shape `TU/phv/b/n' undefined
(Font)              using `TU/phv/bx/n' instead on input line 118.

) (./classschemas_1_1UserFAQ.tex

LaTeX Font Warning: Font shape `TU/phv/b/n' undefined
(Font)              using `TU/phv/bx/n' instead on input line 1.

File: classschemas_1_1UserFAQ__inherit__graph.pdf Graphic file (type pdf)
<use classschemas_1_1UserFAQ__inherit__graph.pdf>
File: classschemas_1_1UserFAQ__coll__graph.pdf Graphic file (type pdf)
<use classschemas_1_1UserFAQ__coll__graph.pdf>

LaTeX Font Warning: Font shape `TU/phv/b/n' undefined
(Font)              using `TU/phv/bx/n' instead on input line 23.


LaTeX Font Warning: Font shape `TU/phv/b/n' undefined
(Font)              using `TU/phv/bx/n' instead on input line 23.


LaTeX Font Warning: Font shape `TU/phv/b/n' undefined
(Font)              using `TU/phv/bx/n' instead on input line 23.

[232]

LaTeX Font Warning: Font shape `TU/phv/b/n' undefined
(Font)              using `TU/phv/bx/n' instead on input line 23.


LaTeX Font Warning: Font shape `TU/phv/b/n' undefined
(Font)              using `TU/phv/bx/n' instead on input line 30.


LaTeX Font Warning: Font shape `TU/phv/b/n' undefined
(Font)              using `TU/phv/bx/n' instead on input line 39.


LaTeX Font Warning: Font shape `TU/phv/b/n' undefined
(Font)              using `TU/phv/bx/n' instead on input line 42.


LaTeX Font Warning: Font shape `TU/phv/b/n' undefined
(Font)              using `TU/phv/bx/n' instead on input line 48.


LaTeX Font Warning: Font shape `TU/phv/b/n' undefined
(Font)              using `TU/phv/bx/n' instead on input line 48.


LaTeX Font Warning: Font shape `TU/phv/b/n' undefined
(Font)              using `TU/phv/bx/n' instead on input line 48.

[233]) (./classschemas_1_1UserFAQBase.tex

LaTeX Font Warning: Font shape `TU/phv/b/n' undefined
(Font)              using `TU/phv/bx/n' instead on input line 1.

File: classschemas_1_1UserFAQBase__inherit__graph.pdf Graphic file (type pdf)
<use classschemas_1_1UserFAQBase__inherit__graph.pdf>
File: classschemas_1_1UserFAQBase__coll__graph.pdf Graphic file (type pdf)
<use classschemas_1_1UserFAQBase__coll__graph.pdf>

LaTeX Font Warning: Font shape `TU/phv/b/n' undefined
(Font)              using `TU/phv/bx/n' instead on input line 25.


LaTeX Font Warning: Font shape `TU/phv/b/n' undefined
(Font)              using `TU/phv/bx/n' instead on input line 35.


LaTeX Font Warning: Font shape `TU/phv/b/n' undefined
(Font)              using `TU/phv/bx/n' instead on input line 35.


LaTeX Font Warning: Font shape `TU/phv/b/n' undefined
(Font)              using `TU/phv/bx/n' instead on input line 35.

[234]) (./classschemas_1_1UserFAQCreate.tex

LaTeX Font Warning: Font shape `TU/phv/b/n' undefined
(Font)              using `TU/phv/bx/n' instead on input line 1.

File: classschemas_1_1UserFAQCreate__inherit__graph.pdf Graphic file (type pdf)

<use classschemas_1_1UserFAQCreate__inherit__graph.pdf>
File: classschemas_1_1UserFAQCreate__coll__graph.pdf Graphic file (type pdf)
<use classschemas_1_1UserFAQCreate__coll__graph.pdf>

LaTeX Font Warning: Font shape `TU/phv/b/n' undefined
(Font)              using `TU/phv/bx/n' instead on input line 25.


LaTeX Font Warning: Font shape `TU/phv/b/n' undefined
(Font)              using `TU/phv/bx/n' instead on input line 34.


LaTeX Font Warning: Font shape `TU/phv/b/n' undefined
(Font)              using `TU/phv/bx/n' instead on input line 34.


LaTeX Font Warning: Font shape `TU/phv/b/n' undefined
(Font)              using `TU/phv/bx/n' instead on input line 34.

[235]) (./classschemas_1_1UserProfileSummary.tex

LaTeX Font Warning: Font shape `TU/phv/b/n' undefined
(Font)              using `TU/phv/bx/n' instead on input line 1.

File: classschemas_1_1UserProfileSummary__inherit__graph.pdf Graphic file (type
 pdf)
<use classschemas_1_1UserProfileSummary__inherit__graph.pdf>
File: classschemas_1_1UserProfileSummary__coll__graph.pdf Graphic file (type pd
f)
<use classschemas_1_1UserProfileSummary__coll__graph.pdf>

LaTeX Font Warning: Font shape `TU/phv/b/n' undefined
(Font)              using `TU/phv/bx/n' instead on input line 25.

)

LaTeX Font Warning: Font shape `TU/phv/b/n' undefined
(Font)              using `TU/phv/bx/n' instead on input line 380.


LaTeX Font Warning: Font shape `TU/phv/b/n' undefined
(Font)              using `TU/phv/bx/n' instead on input line 380.


LaTeX Font Warning: Font shape `TU/phv/b/n' undefined
(Font)              using `TU/phv/bx/n' instead on input line 380.

[236]
Chapter 9.

LaTeX Font Warning: Font shape `TU/phv/b/n' undefined
(Font)              using `TU/phv/bx/n' instead on input line 380.

(./AddressAdapter_8kt.tex

LaTeX Font Warning: Font shape `TU/phv/b/n' undefined
(Font)              using `TU/phv/bx/n' instead on input line 1.


LaTeX Font Warning: Font shape `TU/phv/b/n' undefined
(Font)              using `TU/phv/bx/n' instead on input line 3.

) (./AddressAdapter_8kt_source.tex

LaTeX Font Warning: Font shape `TU/phv/b/n' undefined
(Font)              using `TU/phv/bx/n' instead on input line 1.

) (./ChatMessageAdapter_8kt.tex

LaTeX Font Warning: Font shape `TU/phv/b/n' undefined
(Font)              using `TU/phv/bx/n' instead on input line 1.


LaTeX Font Warning: Font shape `TU/phv/b/n' undefined
(Font)              using `TU/phv/bx/n' instead on input line 3.


LaTeX Font Warning: Font shape `TU/phv/b/n' undefined
(Font)              using `TU/phv/bx/n' instead on input line 8.

[237

]) (./ChatMessageAdapter_8kt_source.tex

LaTeX Font Warning: Font shape `TU/phv/b/n' undefined
(Font)              using `TU/phv/bx/n' instead on input line 1.

) (./FAQAdapter_8kt.tex

LaTeX Font Warning: Font shape `TU/phv/b/n' undefined
(Font)              using `TU/phv/bx/n' instead on input line 1.


LaTeX Font Warning: Font shape `TU/phv/b/n' undefined
(Font)              using `TU/phv/bx/n' instead on input line 3.


LaTeX Font Warning: Font shape `TU/phv/b/n' undefined
(Font)              using `TU/phv/bx/n' instead on input line 9.


LaTeX Font Warning: Font shape `TU/phv/b/n' undefined
(Font)              using `TU/phv/bx/n' instead on input line 9.


LaTeX Font Warning: Font shape `TU/phv/b/n' undefined
(Font)              using `TU/phv/bx/n' instead on input line 9.

[238]) (./FAQAdapter_8kt_source.tex

LaTeX Font Warning: Font shape `TU/phv/b/n' undefined
(Font)              using `TU/phv/bx/n' instead on input line 1.

) (./MenuItemAdapter_8kt.tex

LaTeX Font Warning: Font shape `TU/phv/b/n' undefined
(Font)              using `TU/phv/bx/n' instead on input line 1.


LaTeX Font Warning: Font shape `TU/phv/b/n' undefined
(Font)              using `TU/phv/bx/n' instead on input line 3.

) (./MenuItemAdapter_8kt_source.tex

LaTeX Font Warning: Font shape `TU/phv/b/n' undefined
(Font)              using `TU/phv/bx/n' instead on input line 1.


LaTeX Font Warning: Font shape `TU/phv/b/n' undefined
(Font)              using `TU/phv/bx/n' instead on input line 20.


LaTeX Font Warning: Font shape `TU/phv/b/n' undefined
(Font)              using `TU/phv/bx/n' instead on input line 20.


LaTeX Font Warning: Font shape `TU/phv/b/n' undefined
(Font)              using `TU/phv/bx/n' instead on input line 20.

[239]) (./MenuItemAdapterSmall_8kt.tex

LaTeX Font Warning: Font shape `TU/phv/b/n' undefined
(Font)              using `TU/phv/bx/n' instead on input line 1.


LaTeX Font Warning: Font shape `TU/phv/b/n' undefined
(Font)              using `TU/phv/bx/n' instead on input line 3.


LaTeX Font Warning: Font shape `TU/phv/b/n' undefined
(Font)              using `TU/phv/bx/n' instead on input line 8.


LaTeX Font Warning: Font shape `TU/phv/b/n' undefined
(Font)              using `TU/phv/bx/n' instead on input line 8.


LaTeX Font Warning: Font shape `TU/phv/b/n' undefined
(Font)              using `TU/phv/bx/n' instead on input line 8.

[240]) (./MenuItemAdapterSmall_8kt_source.tex

LaTeX Font Warning: Font shape `TU/phv/b/n' undefined
(Font)              using `TU/phv/bx/n' instead on input line 1.

) (./MyFirebaseMessagingService_8kt.tex

LaTeX Font Warning: Font shape `TU/phv/b/n' undefined
(Font)              using `TU/phv/bx/n' instead on input line 1.


LaTeX Font Warning: Font shape `TU/phv/b/n' undefined
(Font)              using `TU/phv/bx/n' instead on input line 3.


LaTeX Font Warning: Font shape `TU/phv/b/n' undefined
(Font)              using `TU/phv/bx/n' instead on input line 7.


LaTeX Font Warning: Font shape `TU/phv/b/n' undefined
(Font)              using `TU/phv/bx/n' instead on input line 7.


LaTeX Font Warning: Font shape `TU/phv/b/n' undefined
(Font)              using `TU/phv/bx/n' instead on input line 7.

[241]

LaTeX Font Warning: Font shape `TU/phv/b/n' undefined
(Font)              using `TU/phv/bx/n' instead on input line 8.

) (./MyFirebaseMessagingService_8kt_source.tex

LaTeX Font Warning: Font shape `TU/phv/b/n' undefined
(Font)              using `TU/phv/bx/n' instead on input line 1.

) (./NotificationAdapter_8kt.tex

LaTeX Font Warning: Font shape `TU/phv/b/n' undefined
(Font)              using `TU/phv/bx/n' instead on input line 1.


LaTeX Font Warning: Font shape `TU/phv/b/n' undefined
(Font)              using `TU/phv/bx/n' instead on input line 3.


LaTeX Font Warning: Font shape `TU/phv/b/n' undefined
(Font)              using `TU/phv/bx/n' instead on input line 8.


LaTeX Font Warning: Font shape `TU/phv/b/n' undefined
(Font)              using `TU/phv/bx/n' instead on input line 8.


LaTeX Font Warning: Font shape `TU/phv/b/n' undefined
(Font)              using `TU/phv/bx/n' instead on input line 8.

[242]) (./NotificationAdapter_8kt_source.tex

LaTeX Font Warning: Font shape `TU/phv/b/n' undefined
(Font)              using `TU/phv/bx/n' instead on input line 1.

) (./RestaurantAdapter_8kt.tex

LaTeX Font Warning: Font shape `TU/phv/b/n' undefined
(Font)              using `TU/phv/bx/n' instead on input line 1.


LaTeX Font Warning: Font shape `TU/phv/b/n' undefined
(Font)              using `TU/phv/bx/n' instead on input line 3.


LaTeX Font Warning: Font shape `TU/phv/b/n' undefined
(Font)              using `TU/phv/bx/n' instead on input line 8.


LaTeX Font Warning: Font shape `TU/phv/b/n' undefined
(Font)              using `TU/phv/bx/n' instead on input line 8.


LaTeX Font Warning: Font shape `TU/phv/b/n' undefined
(Font)              using `TU/phv/bx/n' instead on input line 8.

[243]) (./RestaurantAdapter_8kt_source.tex

LaTeX Font Warning: Font shape `TU/phv/b/n' undefined
(Font)              using `TU/phv/bx/n' instead on input line 1.

) (./ApiService_8kt.tex

LaTeX Font Warning: Font shape `TU/phv/b/n' undefined
(Font)              using `TU/phv/bx/n' instead on input line 1.


LaTeX Font Warning: Font shape `TU/phv/b/n' undefined
(Font)              using `TU/phv/bx/n' instead on input line 3.


LaTeX Font Warning: Font shape `TU/phv/b/n' undefined
(Font)              using `TU/phv/bx/n' instead on input line 7.


LaTeX Font Warning: Font shape `TU/phv/b/n' undefined
(Font)              using `TU/phv/bx/n' instead on input line 7.


LaTeX Font Warning: Font shape `TU/phv/b/n' undefined
(Font)              using `TU/phv/bx/n' instead on input line 7.

[244]) (./ApiService_8kt_source.tex

LaTeX Font Warning: Font shape `TU/phv/b/n' undefined
(Font)              using `TU/phv/bx/n' instead on input line 1.


LaTeX Font Warning: Font shape `TU/phv/b/n' undefined
(Font)              using `TU/phv/bx/n' instead on input line 76.


LaTeX Font Warning: Font shape `TU/phv/b/n' undefined
(Font)              using `TU/phv/bx/n' instead on input line 76.


LaTeX Font Warning: Font shape `TU/phv/b/n' undefined
(Font)              using `TU/phv/bx/n' instead on input line 76.

[245]

LaTeX Font Warning: Font shape `TU/phv/b/n' undefined
(Font)              using `TU/phv/bx/n' instead on input line 159.


LaTeX Font Warning: Font shape `TU/phv/b/n' undefined
(Font)              using `TU/phv/bx/n' instead on input line 159.


LaTeX Font Warning: Font shape `TU/phv/b/n' undefined
(Font)              using `TU/phv/bx/n' instead on input line 159.

[246]

LaTeX Font Warning: Font shape `TU/phv/b/n' undefined
(Font)              using `TU/phv/bx/n' instead on input line 246.


LaTeX Font Warning: Font shape `TU/phv/b/n' undefined
(Font)              using `TU/phv/bx/n' instead on input line 246.


LaTeX Font Warning: Font shape `TU/phv/b/n' undefined
(Font)              using `TU/phv/bx/n' instead on input line 246.

[247]

LaTeX Font Warning: Font shape `TU/phv/b/n' undefined
(Font)              using `TU/phv/bx/n' instead on input line 331.


LaTeX Font Warning: Font shape `TU/phv/b/n' undefined
(Font)              using `TU/phv/bx/n' instead on input line 331.


LaTeX Font Warning: Font shape `TU/phv/b/n' undefined
(Font)              using `TU/phv/bx/n' instead on input line 331.

[248]) (./FcmTokenRegistrar_8kt.tex

LaTeX Font Warning: Font shape `TU/phv/b/n' undefined
(Font)              using `TU/phv/bx/n' instead on input line 1.


LaTeX Font Warning: Font shape `TU/phv/b/n' undefined
(Font)              using `TU/phv/bx/n' instead on input line 3.

) (./FcmTokenRegistrar_8kt_source.tex

LaTeX Font Warning: Font shape `TU/phv/b/n' undefined
(Font)              using `TU/phv/bx/n' instead on input line 1.


LaTeX Font Warning: Font shape `TU/phv/b/n' undefined
(Font)              using `TU/phv/bx/n' instead on input line 24.


LaTeX Font Warning: Font shape `TU/phv/b/n' undefined
(Font)              using `TU/phv/bx/n' instead on input line 24.


LaTeX Font Warning: Font shape `TU/phv/b/n' undefined
(Font)              using `TU/phv/bx/n' instead on input line 24.

[249]) (./NetworkConfig_8kt.tex

LaTeX Font Warning: Font shape `TU/phv/b/n' undefined
(Font)              using `TU/phv/bx/n' instead on input line 1.


LaTeX Font Warning: Font shape `TU/phv/b/n' undefined
(Font)              using `TU/phv/bx/n' instead on input line 3.


LaTeX Font Warning: Font shape `TU/phv/b/n' undefined
(Font)              using `TU/phv/bx/n' instead on input line 7.


LaTeX Font Warning: Font shape `TU/phv/b/n' undefined
(Font)              using `TU/phv/bx/n' instead on input line 7.


LaTeX Font Warning: Font shape `TU/phv/b/n' undefined
(Font)              using `TU/phv/bx/n' instead on input line 7.

[250]) (./NetworkConfig_8kt_source.tex

LaTeX Font Warning: Font shape `TU/phv/b/n' undefined
(Font)              using `TU/phv/bx/n' instead on input line 1.

) (./RetrofitClient_8kt.tex

LaTeX Font Warning: Font shape `TU/phv/b/n' undefined
(Font)              using `TU/phv/bx/n' instead on input line 1.


LaTeX Font Warning: Font shape `TU/phv/b/n' undefined
(Font)              using `TU/phv/bx/n' instead on input line 3.

) (./RetrofitClient_8kt_source.tex

LaTeX Font Warning: Font shape `TU/phv/b/n' undefined
(Font)              using `TU/phv/bx/n' instead on input line 1.


LaTeX Font Warning: Font shape `TU/phv/b/n' undefined
(Font)              using `TU/phv/bx/n' instead on input line 8.


LaTeX Font Warning: Font shape `TU/phv/b/n' undefined
(Font)              using `TU/phv/bx/n' instead on input line 8.


LaTeX Font Warning: Font shape `TU/phv/b/n' undefined
(Font)              using `TU/phv/bx/n' instead on input line 8.

[251]) (./activity__cart_8kt.tex

LaTeX Font Warning: Font shape `TU/phv/b/n' undefined
(Font)              using `TU/phv/bx/n' instead on input line 1.


LaTeX Font Warning: Font shape `TU/phv/b/n' undefined
(Font)              using `TU/phv/bx/n' instead on input line 3.


LaTeX Font Warning: Font shape `TU/phv/b/n' undefined
(Font)              using `TU/phv/bx/n' instead on input line 8.

) (./activity__cart_8kt_source.tex

LaTeX Font Warning: Font shape `TU/phv/b/n' undefined
(Font)              using `TU/phv/bx/n' instead on input line 1.


LaTeX Font Warning: Font shape `TU/phv/b/n' undefined
(Font)              using `TU/phv/bx/n' instead on input line 8.


LaTeX Font Warning: Font shape `TU/phv/b/n' undefined
(Font)              using `TU/phv/bx/n' instead on input line 8.


LaTeX Font Warning: Font shape `TU/phv/b/n' undefined
(Font)              using `TU/phv/bx/n' instead on input line 8.

[252]) (./add__shipping__address_8kt.tex

LaTeX Font Warning: Font shape `TU/phv/b/n' undefined
(Font)              using `TU/phv/bx/n' instead on input line 1.


LaTeX Font Warning: Font shape `TU/phv/b/n' undefined
(Font)              using `TU/phv/bx/n' instead on input line 1.


LaTeX Font Warning: Font shape `TU/phv/b/n' undefined
(Font)              using `TU/phv/bx/n' instead on input line 1.

[253]

LaTeX Font Warning: Font shape `TU/phv/b/n' undefined
(Font)              using `TU/phv/bx/n' instead on input line 1.


LaTeX Font Warning: Font shape `TU/phv/b/n' undefined
(Font)              using `TU/phv/bx/n' instead on input line 3.


LaTeX Font Warning: Font shape `TU/phv/b/n' undefined
(Font)              using `TU/phv/bx/n' instead on input line 8.

) (./add__shipping__address_8kt_source.tex

LaTeX Font Warning: Font shape `TU/phv/b/n' undefined
(Font)              using `TU/phv/bx/n' instead on input line 1.


LaTeX Font Warning: Font shape `TU/phv/b/n' undefined
(Font)              using `TU/phv/bx/n' instead on input line 66.


LaTeX Font Warning: Font shape `TU/phv/b/n' undefined
(Font)              using `TU/phv/bx/n' instead on input line 66.


LaTeX Font Warning: Font shape `TU/phv/b/n' undefined
(Font)              using `TU/phv/bx/n' instead on input line 66.

[254]) (./cart_8kt.tex

LaTeX Font Warning: Font shape `TU/phv/b/n' undefined
(Font)              using `TU/phv/bx/n' instead on input line 1.


LaTeX Font Warning: Font shape `TU/phv/b/n' undefined
(Font)              using `TU/phv/bx/n' instead on input line 3.


LaTeX Font Warning: Font shape `TU/phv/b/n' undefined
(Font)              using `TU/phv/bx/n' instead on input line 8.


LaTeX Font Warning: Font shape `TU/phv/b/n' undefined
(Font)              using `TU/phv/bx/n' instead on input line 13.


LaTeX Font Warning: Font shape `TU/phv/b/n' undefined
(Font)              using `TU/phv/bx/n' instead on input line 17.


LaTeX Font Warning: Font shape `TU/phv/b/n' undefined
(Font)              using `TU/phv/bx/n' instead on input line 17.


LaTeX Font Warning: Font shape `TU/phv/b/n' undefined
(Font)              using `TU/phv/bx/n' instead on input line 17.

[255]) (./cart_8kt_source.tex

LaTeX Font Warning: Font shape `TU/phv/b/n' undefined
(Font)              using `TU/phv/bx/n' instead on input line 1.


LaTeX Font Warning: Font shape `TU/phv/b/n' undefined
(Font)              using `TU/phv/bx/n' instead on input line 82.


LaTeX Font Warning: Font shape `TU/phv/b/n' undefined
(Font)              using `TU/phv/bx/n' instead on input line 82.


LaTeX Font Warning: Font shape `TU/phv/b/n' undefined
(Font)              using `TU/phv/bx/n' instead on input line 82.

[256]) (./CartItemAdapter_8kt.tex

LaTeX Font Warning: Font shape `TU/phv/b/n' undefined
(Font)              using `TU/phv/bx/n' instead on input line 1.


LaTeX Font Warning: Font shape `TU/phv/b/n' undefined
(Font)              using `TU/phv/bx/n' instead on input line 3.


LaTeX Font Warning: Font shape `TU/phv/b/n' undefined
(Font)              using `TU/phv/bx/n' instead on input line 10.

) (./CartItemAdapter_8kt_source.tex

LaTeX Font Warning: Font shape `TU/phv/b/n' undefined
(Font)              using `TU/phv/bx/n' instead on input line 1.


LaTeX Font Warning: Font shape `TU/phv/b/n' undefined
(Font)              using `TU/phv/bx/n' instead on input line 8.


LaTeX Font Warning: Font shape `TU/phv/b/n' undefined
(Font)              using `TU/phv/bx/n' instead on input line 8.


LaTeX Font Warning: Font shape `TU/phv/b/n' undefined
(Font)              using `TU/phv/bx/n' instead on input line 8.

[257]) (./chatbot_8kt.tex

LaTeX Font Warning: Font shape `TU/phv/b/n' undefined
(Font)              using `TU/phv/bx/n' instead on input line 1.


LaTeX Font Warning: Font shape `TU/phv/b/n' undefined
(Font)              using `TU/phv/bx/n' instead on input line 3.


LaTeX Font Warning: Font shape `TU/phv/b/n' undefined
(Font)              using `TU/phv/bx/n' instead on input line 8.

) (./chatbot_8kt_source.tex

LaTeX Font Warning: Font shape `TU/phv/b/n' undefined
(Font)              using `TU/phv/bx/n' instead on input line 1.


LaTeX Font Warning: Font shape `TU/phv/b/n' undefined
(Font)              using `TU/phv/bx/n' instead on input line 6.


LaTeX Font Warning: Font shape `TU/phv/b/n' undefined
(Font)              using `TU/phv/bx/n' instead on input line 6.


LaTeX Font Warning: Font shape `TU/phv/b/n' undefined
(Font)              using `TU/phv/bx/n' instead on input line 6.

[258]

LaTeX Font Warning: Font shape `TU/phv/b/n' undefined
(Font)              using `TU/phv/bx/n' instead on input line 87.


LaTeX Font Warning: Font shape `TU/phv/b/n' undefined
(Font)              using `TU/phv/bx/n' instead on input line 87.


LaTeX Font Warning: Font shape `TU/phv/b/n' undefined
(Font)              using `TU/phv/bx/n' instead on input line 87.

[259]) (./customer__support_8kt.tex

LaTeX Font Warning: Font shape `TU/phv/b/n' undefined
(Font)              using `TU/phv/bx/n' instead on input line 1.


LaTeX Font Warning: Font shape `TU/phv/b/n' undefined
(Font)              using `TU/phv/bx/n' instead on input line 3.


LaTeX Font Warning: Font shape `TU/phv/b/n' undefined
(Font)              using `TU/phv/bx/n' instead on input line 8.

) (./customer__support_8kt_source.tex

LaTeX Font Warning: Font shape `TU/phv/b/n' undefined
(Font)              using `TU/phv/bx/n' instead on input line 1.


LaTeX Font Warning: Font shape `TU/phv/b/n' undefined
(Font)              using `TU/phv/bx/n' instead on input line 46.


LaTeX Font Warning: Font shape `TU/phv/b/n' undefined
(Font)              using `TU/phv/bx/n' instead on input line 46.


LaTeX Font Warning: Font shape `TU/phv/b/n' undefined
(Font)              using `TU/phv/bx/n' instead on input line 46.

[260]) (./delivered__order__details_8kt.tex

LaTeX Font Warning: Font shape `TU/phv/b/n' undefined
(Font)              using `TU/phv/bx/n' instead on input line 1.


LaTeX Font Warning: Font shape `TU/phv/b/n' undefined
(Font)              using `TU/phv/bx/n' instead on input line 3.


LaTeX Font Warning: Font shape `TU/phv/b/n' undefined
(Font)              using `TU/phv/bx/n' instead on input line 8.


LaTeX Font Warning: Font shape `TU/phv/b/n' undefined
(Font)              using `TU/phv/bx/n' instead on input line 19.

) (./delivered__order__details_8kt_source.tex

LaTeX Font Warning: Font shape `TU/phv/b/n' undefined
(Font)              using `TU/phv/bx/n' instead on input line 1.


LaTeX Font Warning: Font shape `TU/phv/b/n' undefined
(Font)              using `TU/phv/bx/n' instead on input line 22.


LaTeX Font Warning: Font shape `TU/phv/b/n' undefined
(Font)              using `TU/phv/bx/n' instead on input line 22.


LaTeX Font Warning: Font shape `TU/phv/b/n' undefined
(Font)              using `TU/phv/bx/n' instead on input line 22.

[261]

LaTeX Font Warning: Font shape `TU/phv/b/n' undefined
(Font)              using `TU/phv/bx/n' instead on input line 99.


LaTeX Font Warning: Font shape `TU/phv/b/n' undefined
(Font)              using `TU/phv/bx/n' instead on input line 99.


LaTeX Font Warning: Font shape `TU/phv/b/n' undefined
(Font)              using `TU/phv/bx/n' instead on input line 99.

[262]) (./detail__support_8kt.tex

LaTeX Font Warning: Font shape `TU/phv/b/n' undefined
(Font)              using `TU/phv/bx/n' instead on input line 1.


LaTeX Font Warning: Font shape `TU/phv/b/n' undefined
(Font)              using `TU/phv/bx/n' instead on input line 3.


LaTeX Font Warning: Font shape `TU/phv/b/n' undefined
(Font)              using `TU/phv/bx/n' instead on input line 8.

) (./detail__support_8kt_source.tex

LaTeX Font Warning: Font shape `TU/phv/b/n' undefined
(Font)              using `TU/phv/bx/n' instead on input line 1.


LaTeX Font Warning: Font shape `TU/phv/b/n' undefined
(Font)              using `TU/phv/bx/n' instead on input line 22.


LaTeX Font Warning: Font shape `TU/phv/b/n' undefined
(Font)              using `TU/phv/bx/n' instead on input line 22.


LaTeX Font Warning: Font shape `TU/phv/b/n' undefined
(Font)              using `TU/phv/bx/n' instead on input line 22.

[263]) (./discouts_8kt.tex

LaTeX Font Warning: Font shape `TU/phv/b/n' undefined
(Font)              using `TU/phv/bx/n' instead on input line 1.


LaTeX Font Warning: Font shape `TU/phv/b/n' undefined
(Font)              using `TU/phv/bx/n' instead on input line 3.


LaTeX Font Warning: Font shape `TU/phv/b/n' undefined
(Font)              using `TU/phv/bx/n' instead on input line 8.

) (./discouts_8kt_source.tex

LaTeX Font Warning: Font shape `TU/phv/b/n' undefined
(Font)              using `TU/phv/bx/n' instead on input line 1.


LaTeX Font Warning: Font shape `TU/phv/b/n' undefined
(Font)              using `TU/phv/bx/n' instead on input line 47.


LaTeX Font Warning: Font shape `TU/phv/b/n' undefined
(Font)              using `TU/phv/bx/n' instead on input line 47.


LaTeX Font Warning: Font shape `TU/phv/b/n' undefined
(Font)              using `TU/phv/bx/n' instead on input line 47.

[264]) (./edit__shipping__address_8kt.tex

LaTeX Font Warning: Font shape `TU/phv/b/n' undefined
(Font)              using `TU/phv/bx/n' instead on input line 1.


LaTeX Font Warning: Font shape `TU/phv/b/n' undefined
(Font)              using `TU/phv/bx/n' instead on input line 3.


LaTeX Font Warning: Font shape `TU/phv/b/n' undefined
(Font)              using `TU/phv/bx/n' instead on input line 8.

) (./edit__shipping__address_8kt_source.tex

LaTeX Font Warning: Font shape `TU/phv/b/n' undefined
(Font)              using `TU/phv/bx/n' instead on input line 1.


LaTeX Font Warning: Font shape `TU/phv/b/n' undefined
(Font)              using `TU/phv/bx/n' instead on input line 17.


LaTeX Font Warning: Font shape `TU/phv/b/n' undefined
(Font)              using `TU/phv/bx/n' instead on input line 17.


LaTeX Font Warning: Font shape `TU/phv/b/n' undefined
(Font)              using `TU/phv/bx/n' instead on input line 17.

[265]

LaTeX Font Warning: Font shape `TU/phv/b/n' undefined
(Font)              using `TU/phv/bx/n' instead on input line 98.


LaTeX Font Warning: Font shape `TU/phv/b/n' undefined
(Font)              using `TU/phv/bx/n' instead on input line 98.


LaTeX Font Warning: Font shape `TU/phv/b/n' undefined
(Font)              using `TU/phv/bx/n' instead on input line 98.

[266]) (./food__detail_8kt.tex

LaTeX Font Warning: Font shape `TU/phv/b/n' undefined
(Font)              using `TU/phv/bx/n' instead on input line 1.


LaTeX Font Warning: Font shape `TU/phv/b/n' undefined
(Font)              using `TU/phv/bx/n' instead on input line 3.

) (./food__detail_8kt_source.tex

LaTeX Font Warning: Font shape `TU/phv/b/n' undefined
(Font)              using `TU/phv/bx/n' instead on input line 1.


LaTeX Font Warning: Font shape `TU/phv/b/n' undefined
(Font)              using `TU/phv/bx/n' instead on input line 5.


LaTeX Font Warning: Font shape `TU/phv/b/n' undefined
(Font)              using `TU/phv/bx/n' instead on input line 5.


LaTeX Font Warning: Font shape `TU/phv/b/n' undefined
(Font)              using `TU/phv/bx/n' instead on input line 5.

[267]

LaTeX Font Warning: Font shape `TU/phv/b/n' undefined
(Font)              using `TU/phv/bx/n' instead on input line 88.


LaTeX Font Warning: Font shape `TU/phv/b/n' undefined
(Font)              using `TU/phv/bx/n' instead on input line 88.


LaTeX Font Warning: Font shape `TU/phv/b/n' undefined
(Font)              using `TU/phv/bx/n' instead on input line 88.

[268]

LaTeX Font Warning: Font shape `TU/phv/b/n' undefined
(Font)              using `TU/phv/bx/n' instead on input line 174.


LaTeX Font Warning: Font shape `TU/phv/b/n' undefined
(Font)              using `TU/phv/bx/n' instead on input line 174.


LaTeX Font Warning: Font shape `TU/phv/b/n' undefined
(Font)              using `TU/phv/bx/n' instead on input line 174.

[269]
Missing character: There is no ⭐ (U+2B50) in font [lmroman7-regular]:mapping=te
x-text;!

LaTeX Font Warning: Font shape `TU/phv/b/n' undefined
(Font)              using `TU/phv/bx/n' instead on input line 261.


LaTeX Font Warning: Font shape `TU/phv/b/n' undefined
(Font)              using `TU/phv/bx/n' instead on input line 261.


LaTeX Font Warning: Font shape `TU/phv/b/n' undefined
(Font)              using `TU/phv/bx/n' instead on input line 261.

[270]) (./home_8kt.tex

LaTeX Font Warning: Font shape `TU/phv/b/n' undefined
(Font)              using `TU/phv/bx/n' instead on input line 1.


LaTeX Font Warning: Font shape `TU/phv/b/n' undefined
(Font)              using `TU/phv/bx/n' instead on input line 3.


LaTeX Font Warning: Font shape `TU/phv/b/n' undefined
(Font)              using `TU/phv/bx/n' instead on input line 8.


LaTeX Font Warning: Font shape `TU/phv/b/n' undefined
(Font)              using `TU/phv/bx/n' instead on input line 19.

) (./home_8kt_source.tex

LaTeX Font Warning: Font shape `TU/phv/b/n' undefined
(Font)              using `TU/phv/bx/n' instead on input line 1.


LaTeX Font Warning: Font shape `TU/phv/b/n' undefined
(Font)              using `TU/phv/bx/n' instead on input line 49.


LaTeX Font Warning: Font shape `TU/phv/b/n' undefined
(Font)              using `TU/phv/bx/n' instead on input line 49.


LaTeX Font Warning: Font shape `TU/phv/b/n' undefined
(Font)              using `TU/phv/bx/n' instead on input line 49.

[271]

LaTeX Font Warning: Font shape `TU/phv/b/n' undefined
(Font)              using `TU/phv/bx/n' instead on input line 127.


LaTeX Font Warning: Font shape `TU/phv/b/n' undefined
(Font)              using `TU/phv/bx/n' instead on input line 127.


LaTeX Font Warning: Font shape `TU/phv/b/n' undefined
(Font)              using `TU/phv/bx/n' instead on input line 127.

[272]) (./list__restaurant_8kt.tex

LaTeX Font Warning: Font shape `TU/phv/b/n' undefined
(Font)              using `TU/phv/bx/n' instead on input line 1.


LaTeX Font Warning: Font shape `TU/phv/b/n' undefined
(Font)              using `TU/phv/bx/n' instead on input line 3.


LaTeX Font Warning: Font shape `TU/phv/b/n' undefined
(Font)              using `TU/phv/bx/n' instead on input line 8.


LaTeX Font Warning: Font shape `TU/phv/b/n' undefined
(Font)              using `TU/phv/bx/n' instead on input line 17.


LaTeX Font Warning: Font shape `TU/phv/b/n' undefined
(Font)              using `TU/phv/bx/n' instead on input line 21.


LaTeX Font Warning: Font shape `TU/phv/b/n' undefined
(Font)              using `TU/phv/bx/n' instead on input line 21.


LaTeX Font Warning: Font shape `TU/phv/b/n' undefined
(Font)              using `TU/phv/bx/n' instead on input line 21.

[273]) (./list__restaurant_8kt_source.tex

LaTeX Font Warning: Font shape `TU/phv/b/n' undefined
(Font)              using `TU/phv/bx/n' instead on input line 1.


LaTeX Font Warning: Font shape `TU/phv/b/n' undefined
(Font)              using `TU/phv/bx/n' instead on input line 82.


LaTeX Font Warning: Font shape `TU/phv/b/n' undefined
(Font)              using `TU/phv/bx/n' instead on input line 82.


LaTeX Font Warning: Font shape `TU/phv/b/n' undefined
(Font)              using `TU/phv/bx/n' instead on input line 82.

[274]) (./notification_8kt.tex

LaTeX Font Warning: Font shape `TU/phv/b/n' undefined
(Font)              using `TU/phv/bx/n' instead on input line 1.


LaTeX Font Warning: Font shape `TU/phv/b/n' undefined
(Font)              using `TU/phv/bx/n' instead on input line 3.


LaTeX Font Warning: Font shape `TU/phv/b/n' undefined
(Font)              using `TU/phv/bx/n' instead on input line 7.


LaTeX Font Warning: Font shape `TU/phv/b/n' undefined
(Font)              using `TU/phv/bx/n' instead on input line 7.


LaTeX Font Warning: Font shape `TU/phv/b/n' undefined
(Font)              using `TU/phv/bx/n' instead on input line 7.

[275]

LaTeX Font Warning: Font shape `TU/phv/b/n' undefined
(Font)              using `TU/phv/bx/n' instead on input line 8.

) (./notification_8kt_source.tex

LaTeX Font Warning: Font shape `TU/phv/b/n' undefined
(Font)              using `TU/phv/bx/n' instead on input line 1.


LaTeX Font Warning: Font shape `TU/phv/b/n' undefined
(Font)              using `TU/phv/bx/n' instead on input line 70.


LaTeX Font Warning: Font shape `TU/phv/b/n' undefined
(Font)              using `TU/phv/bx/n' instead on input line 70.


LaTeX Font Warning: Font shape `TU/phv/b/n' undefined
(Font)              using `TU/phv/bx/n' instead on input line 70.

[276]) (./order_8kt.tex

LaTeX Font Warning: Font shape `TU/phv/b/n' undefined
(Font)              using `TU/phv/bx/n' instead on input line 1.


LaTeX Font Warning: Font shape `TU/phv/b/n' undefined
(Font)              using `TU/phv/bx/n' instead on input line 3.


LaTeX Font Warning: Font shape `TU/phv/b/n' undefined
(Font)              using `TU/phv/bx/n' instead on input line 8.

) (./order_8kt_source.tex

LaTeX Font Warning: Font shape `TU/phv/b/n' undefined
(Font)              using `TU/phv/bx/n' instead on input line 1.


LaTeX Font Warning: Font shape `TU/phv/b/n' undefined
(Font)              using `TU/phv/bx/n' instead on input line 6.


LaTeX Font Warning: Font shape `TU/phv/b/n' undefined
(Font)              using `TU/phv/bx/n' instead on input line 6.


LaTeX Font Warning: Font shape `TU/phv/b/n' undefined
(Font)              using `TU/phv/bx/n' instead on input line 6.

[277]

LaTeX Font Warning: Font shape `TU/phv/b/n' undefined
(Font)              using `TU/phv/bx/n' instead on input line 85.


LaTeX Font Warning: Font shape `TU/phv/b/n' undefined
(Font)              using `TU/phv/bx/n' instead on input line 85.


LaTeX Font Warning: Font shape `TU/phv/b/n' undefined
(Font)              using `TU/phv/bx/n' instead on input line 85.

[278]

LaTeX Font Warning: Font shape `TU/phv/b/n' undefined
(Font)              using `TU/phv/bx/n' instead on input line 172.


LaTeX Font Warning: Font shape `TU/phv/b/n' undefined
(Font)              using `TU/phv/bx/n' instead on input line 172.


LaTeX Font Warning: Font shape `TU/phv/b/n' undefined
(Font)              using `TU/phv/bx/n' instead on input line 172.

[279]

LaTeX Font Warning: Font shape `TU/phv/b/n' undefined
(Font)              using `TU/phv/bx/n' instead on input line 259.


LaTeX Font Warning: Font shape `TU/phv/b/n' undefined
(Font)              using `TU/phv/bx/n' instead on input line 259.


LaTeX Font Warning: Font shape `TU/phv/b/n' undefined
(Font)              using `TU/phv/bx/n' instead on input line 259.

[280]

LaTeX Font Warning: Font shape `TU/phv/b/n' undefined
(Font)              using `TU/phv/bx/n' instead on input line 342.


LaTeX Font Warning: Font shape `TU/phv/b/n' undefined
(Font)              using `TU/phv/bx/n' instead on input line 342.


LaTeX Font Warning: Font shape `TU/phv/b/n' undefined
(Font)              using `TU/phv/bx/n' instead on input line 342.

[281]) (./order__history_8kt.tex

LaTeX Font Warning: Font shape `TU/phv/b/n' undefined
(Font)              using `TU/phv/bx/n' instead on input line 1.


LaTeX Font Warning: Font shape `TU/phv/b/n' undefined
(Font)              using `TU/phv/bx/n' instead on input line 3.


LaTeX Font Warning: Font shape `TU/phv/b/n' undefined
(Font)              using `TU/phv/bx/n' instead on input line 8.


LaTeX Font Warning: Font shape `TU/phv/b/n' undefined
(Font)              using `TU/phv/bx/n' instead on input line 17.

) (./order__history_8kt_source.tex

LaTeX Font Warning: Font shape `TU/phv/b/n' undefined
(Font)              using `TU/phv/bx/n' instead on input line 1.


LaTeX Font Warning: Font shape `TU/phv/b/n' undefined
(Font)              using `TU/phv/bx/n' instead on input line 16.


LaTeX Font Warning: Font shape `TU/phv/b/n' undefined
(Font)              using `TU/phv/bx/n' instead on input line 16.


LaTeX Font Warning: Font shape `TU/phv/b/n' undefined
(Font)              using `TU/phv/bx/n' instead on input line 16.

[282]

LaTeX Font Warning: Font shape `TU/phv/b/n' undefined
(Font)              using `TU/phv/bx/n' instead on input line 88.


LaTeX Font Warning: Font shape `TU/phv/b/n' undefined
(Font)              using `TU/phv/bx/n' instead on input line 88.


LaTeX Font Warning: Font shape `TU/phv/b/n' undefined
(Font)              using `TU/phv/bx/n' instead on input line 88.

[283]) (./OrderTracking_8kt.tex

LaTeX Font Warning: Font shape `TU/phv/b/n' undefined
(Font)              using `TU/phv/bx/n' instead on input line 1.


LaTeX Font Warning: Font shape `TU/phv/b/n' undefined
(Font)              using `TU/phv/bx/n' instead on input line 3.

) (./OrderTracking_8kt_source.tex

LaTeX Font Warning: Font shape `TU/phv/b/n' undefined
(Font)              using `TU/phv/bx/n' instead on input line 1.


LaTeX Font Warning: Font shape `TU/phv/b/n' undefined
(Font)              using `TU/phv/bx/n' instead on input line 19.


LaTeX Font Warning: Font shape `TU/phv/b/n' undefined
(Font)              using `TU/phv/bx/n' instead on input line 19.


LaTeX Font Warning: Font shape `TU/phv/b/n' undefined
(Font)              using `TU/phv/bx/n' instead on input line 19.

[284]

LaTeX Font Warning: Font shape `TU/phv/b/n' undefined
(Font)              using `TU/phv/bx/n' instead on input line 101.


LaTeX Font Warning: Font shape `TU/phv/b/n' undefined
(Font)              using `TU/phv/bx/n' instead on input line 101.


LaTeX Font Warning: Font shape `TU/phv/b/n' undefined
(Font)              using `TU/phv/bx/n' instead on input line 101.

[285]

LaTeX Font Warning: Font shape `TU/phv/b/n' undefined
(Font)              using `TU/phv/bx/n' instead on input line 188.


LaTeX Font Warning: Font shape `TU/phv/b/n' undefined
(Font)              using `TU/phv/bx/n' instead on input line 188.


LaTeX Font Warning: Font shape `TU/phv/b/n' undefined
(Font)              using `TU/phv/bx/n' instead on input line 188.

[286]
Missing character: There is no ✓ (U+2713) in font [lmroman7-regular]:mapping=te
x-text;!

LaTeX Font Warning: Font shape `TU/phv/b/n' undefined
(Font)              using `TU/phv/bx/n' instead on input line 272.


LaTeX Font Warning: Font shape `TU/phv/b/n' undefined
(Font)              using `TU/phv/bx/n' instead on input line 272.


LaTeX Font Warning: Font shape `TU/phv/b/n' undefined
(Font)              using `TU/phv/bx/n' instead on input line 272.

[287]

LaTeX Font Warning: Font shape `TU/phv/b/n' undefined
(Font)              using `TU/phv/bx/n' instead on input line 359.


LaTeX Font Warning: Font shape `TU/phv/b/n' undefined
(Font)              using `TU/phv/bx/n' instead on input line 359.


LaTeX Font Warning: Font shape `TU/phv/b/n' undefined
(Font)              using `TU/phv/bx/n' instead on input line 359.

[288]) (./OrderTrackingDetail_8kt.tex

LaTeX Font Warning: Font shape `TU/phv/b/n' undefined
(Font)              using `TU/phv/bx/n' instead on input line 1.


LaTeX Font Warning: Font shape `TU/phv/b/n' undefined
(Font)              using `TU/phv/bx/n' instead on input line 3.

) (./OrderTrackingDetail_8kt_source.tex

LaTeX Font Warning: Font shape `TU/phv/b/n' undefined
(Font)              using `TU/phv/bx/n' instead on input line 1.


LaTeX Font Warning: Font shape `TU/phv/b/n' undefined
(Font)              using `TU/phv/bx/n' instead on input line 5.


LaTeX Font Warning: Font shape `TU/phv/b/n' undefined
(Font)              using `TU/phv/bx/n' instead on input line 5.


LaTeX Font Warning: Font shape `TU/phv/b/n' undefined
(Font)              using `TU/phv/bx/n' instead on input line 5.

[289]

LaTeX Font Warning: Font shape `TU/phv/b/n' undefined
(Font)              using `TU/phv/bx/n' instead on input line 88.


LaTeX Font Warning: Font shape `TU/phv/b/n' undefined
(Font)              using `TU/phv/bx/n' instead on input line 88.


LaTeX Font Warning: Font shape `TU/phv/b/n' undefined
(Font)              using `TU/phv/bx/n' instead on input line 88.

[290]

LaTeX Font Warning: Font shape `TU/phv/b/n' undefined
(Font)              using `TU/phv/bx/n' instead on input line 175.


LaTeX Font Warning: Font shape `TU/phv/b/n' undefined
(Font)              using `TU/phv/bx/n' instead on input line 175.


LaTeX Font Warning: Font shape `TU/phv/b/n' undefined
(Font)              using `TU/phv/bx/n' instead on input line 175.

[291]

LaTeX Font Warning: Font shape `TU/phv/b/n' undefined
(Font)              using `TU/phv/bx/n' instead on input line 262.


LaTeX Font Warning: Font shape `TU/phv/b/n' undefined
(Font)              using `TU/phv/bx/n' instead on input line 262.


LaTeX Font Warning: Font shape `TU/phv/b/n' undefined
(Font)              using `TU/phv/bx/n' instead on input line 262.

[292]) (./payment__methods_8kt.tex

LaTeX Font Warning: Font shape `TU/phv/b/n' undefined
(Font)              using `TU/phv/bx/n' instead on input line 1.


LaTeX Font Warning: Font shape `TU/phv/b/n' undefined
(Font)              using `TU/phv/bx/n' instead on input line 3.


LaTeX Font Warning: Font shape `TU/phv/b/n' undefined
(Font)              using `TU/phv/bx/n' instead on input line 7.


LaTeX Font Warning: Font shape `TU/phv/b/n' undefined
(Font)              using `TU/phv/bx/n' instead on input line 7.


LaTeX Font Warning: Font shape `TU/phv/b/n' undefined
(Font)              using `TU/phv/bx/n' instead on input line 7.

[293]

LaTeX Font Warning: Font shape `TU/phv/b/n' undefined
(Font)              using `TU/phv/bx/n' instead on input line 8.

) (./payment__methods_8kt_source.tex

LaTeX Font Warning: Font shape `TU/phv/b/n' undefined
(Font)              using `TU/phv/bx/n' instead on input line 1.


LaTeX Font Warning: Font shape `TU/phv/b/n' undefined
(Font)              using `TU/phv/bx/n' instead on input line 70.


LaTeX Font Warning: Font shape `TU/phv/b/n' undefined
(Font)              using `TU/phv/bx/n' instead on input line 70.


LaTeX Font Warning: Font shape `TU/phv/b/n' undefined
(Font)              using `TU/phv/bx/n' instead on input line 70.

[294]) (./payment__successful_8kt.tex

LaTeX Font Warning: Font shape `TU/phv/b/n' undefined
(Font)              using `TU/phv/bx/n' instead on input line 1.


LaTeX Font Warning: Font shape `TU/phv/b/n' undefined
(Font)              using `TU/phv/bx/n' instead on input line 3.


LaTeX Font Warning: Font shape `TU/phv/b/n' undefined
(Font)              using `TU/phv/bx/n' instead on input line 7.


LaTeX Font Warning: Font shape `TU/phv/b/n' undefined
(Font)              using `TU/phv/bx/n' instead on input line 7.


LaTeX Font Warning: Font shape `TU/phv/b/n' undefined
(Font)              using `TU/phv/bx/n' instead on input line 7.

[295]

LaTeX Font Warning: Font shape `TU/phv/b/n' undefined
(Font)              using `TU/phv/bx/n' instead on input line 8.

) (./payment__successful_8kt_source.tex

LaTeX Font Warning: Font shape `TU/phv/b/n' undefined
(Font)              using `TU/phv/bx/n' instead on input line 1.


LaTeX Font Warning: Font shape `TU/phv/b/n' undefined
(Font)              using `TU/phv/bx/n' instead on input line 69.


LaTeX Font Warning: Font shape `TU/phv/b/n' undefined
(Font)              using `TU/phv/bx/n' instead on input line 69.


LaTeX Font Warning: Font shape `TU/phv/b/n' undefined
(Font)              using `TU/phv/bx/n' instead on input line 69.

[296]) (./PointsDetail_8kt.tex

LaTeX Font Warning: Font shape `TU/phv/b/n' undefined
(Font)              using `TU/phv/bx/n' instead on input line 1.


LaTeX Font Warning: Font shape `TU/phv/b/n' undefined
(Font)              using `TU/phv/bx/n' instead on input line 3.


LaTeX Font Warning: Font shape `TU/phv/b/n' undefined
(Font)              using `TU/phv/bx/n' instead on input line 8.


LaTeX Font Warning: Font shape `TU/phv/b/n' undefined
(Font)              using `TU/phv/bx/n' instead on input line 17.

) (./PointsDetail_8kt_source.tex

LaTeX Font Warning: Font shape `TU/phv/b/n' undefined
(Font)              using `TU/phv/bx/n' instead on input line 1.


LaTeX Font Warning: Font shape `TU/phv/b/n' undefined
(Font)              using `TU/phv/bx/n' instead on input line 19.


LaTeX Font Warning: Font shape `TU/phv/b/n' undefined
(Font)              using `TU/phv/bx/n' instead on input line 19.


LaTeX Font Warning: Font shape `TU/phv/b/n' undefined
(Font)              using `TU/phv/bx/n' instead on input line 19.

[297]

LaTeX Font Warning: Font shape `TU/phv/b/n' undefined
(Font)              using `TU/phv/bx/n' instead on input line 88.


LaTeX Font Warning: Font shape `TU/phv/b/n' undefined
(Font)              using `TU/phv/bx/n' instead on input line 88.


LaTeX Font Warning: Font shape `TU/phv/b/n' undefined
(Font)              using `TU/phv/bx/n' instead on input line 88.

[298]) (./pre__order_8kt.tex

LaTeX Font Warning: Font shape `TU/phv/b/n' undefined
(Font)              using `TU/phv/bx/n' instead on input line 1.


LaTeX Font Warning: Font shape `TU/phv/b/n' undefined
(Font)              using `TU/phv/bx/n' instead on input line 3.

) (./pre__order_8kt_source.tex

LaTeX Font Warning: Font shape `TU/phv/b/n' undefined
(Font)              using `TU/phv/bx/n' instead on input line 1.


LaTeX Font Warning: Font shape `TU/phv/b/n' undefined
(Font)              using `TU/phv/bx/n' instead on input line 5.


LaTeX Font Warning: Font shape `TU/phv/b/n' undefined
(Font)              using `TU/phv/bx/n' instead on input line 5.


LaTeX Font Warning: Font shape `TU/phv/b/n' undefined
(Font)              using `TU/phv/bx/n' instead on input line 5.

[299]

LaTeX Font Warning: Font shape `TU/phv/b/n' undefined
(Font)              using `TU/phv/bx/n' instead on input line 87.


LaTeX Font Warning: Font shape `TU/phv/b/n' undefined
(Font)              using `TU/phv/bx/n' instead on input line 87.


LaTeX Font Warning: Font shape `TU/phv/b/n' undefined
(Font)              using `TU/phv/bx/n' instead on input line 87.

[300]) (./pre__order__cart_8kt.tex

LaTeX Font Warning: Font shape `TU/phv/b/n' undefined
(Font)              using `TU/phv/bx/n' instead on input line 1.


LaTeX Font Warning: Font shape `TU/phv/b/n' undefined
(Font)              using `TU/phv/bx/n' instead on input line 3.


LaTeX Font Warning: Font shape `TU/phv/b/n' undefined
(Font)              using `TU/phv/bx/n' instead on input line 7.


LaTeX Font Warning: Font shape `TU/phv/b/n' undefined
(Font)              using `TU/phv/bx/n' instead on input line 7.


LaTeX Font Warning: Font shape `TU/phv/b/n' undefined
(Font)              using `TU/phv/bx/n' instead on input line 7.

[301]

LaTeX Font Warning: Font shape `TU/phv/b/n' undefined
(Font)              using `TU/phv/bx/n' instead on input line 8.


LaTeX Font Warning: Font shape `TU/phv/b/n' undefined
(Font)              using `TU/phv/bx/n' instead on input line 13.

) (./pre__order__cart_8kt_source.tex

LaTeX Font Warning: Font shape `TU/phv/b/n' undefined
(Font)              using `TU/phv/bx/n' instead on input line 1.


LaTeX Font Warning: Font shape `TU/phv/b/n' undefined
(Font)              using `TU/phv/bx/n' instead on input line 65.


LaTeX Font Warning: Font shape `TU/phv/b/n' undefined
(Font)              using `TU/phv/bx/n' instead on input line 65.


LaTeX Font Warning: Font shape `TU/phv/b/n' undefined
(Font)              using `TU/phv/bx/n' instead on input line 65.

[302]

LaTeX Font Warning: Font shape `TU/phv/b/n' undefined
(Font)              using `TU/phv/bx/n' instead on input line 144.


LaTeX Font Warning: Font shape `TU/phv/b/n' undefined
(Font)              using `TU/phv/bx/n' instead on input line 144.


LaTeX Font Warning: Font shape `TU/phv/b/n' undefined
(Font)              using `TU/phv/bx/n' instead on input line 144.

[303]) (./profile_8kt.tex

LaTeX Font Warning: Font shape `TU/phv/b/n' undefined
(Font)              using `TU/phv/bx/n' instead on input line 1.


LaTeX Font Warning: Font shape `TU/phv/b/n' undefined
(Font)              using `TU/phv/bx/n' instead on input line 3.


LaTeX Font Warning: Font shape `TU/phv/b/n' undefined
(Font)              using `TU/phv/bx/n' instead on input line 8.

) (./profile_8kt_source.tex

LaTeX Font Warning: Font shape `TU/phv/b/n' undefined
(Font)              using `TU/phv/bx/n' instead on input line 1.


LaTeX Font Warning: Font shape `TU/phv/b/n' undefined
(Font)              using `TU/phv/bx/n' instead on input line 9.


LaTeX Font Warning: Font shape `TU/phv/b/n' undefined
(Font)              using `TU/phv/bx/n' instead on input line 9.


LaTeX Font Warning: Font shape `TU/phv/b/n' undefined
(Font)              using `TU/phv/bx/n' instead on input line 9.

[304]

LaTeX Font Warning: Font shape `TU/phv/b/n' undefined
(Font)              using `TU/phv/bx/n' instead on input line 88.


LaTeX Font Warning: Font shape `TU/phv/b/n' undefined
(Font)              using `TU/phv/bx/n' instead on input line 88.


LaTeX Font Warning: Font shape `TU/phv/b/n' undefined
(Font)              using `TU/phv/bx/n' instead on input line 88.

[305]) (./restaurant__profile_8kt.tex

LaTeX Font Warning: Font shape `TU/phv/b/n' undefined
(Font)              using `TU/phv/bx/n' instead on input line 1.


LaTeX Font Warning: Font shape `TU/phv/b/n' undefined
(Font)              using `TU/phv/bx/n' instead on input line 3.


LaTeX Font Warning: Font shape `TU/phv/b/n' undefined
(Font)              using `TU/phv/bx/n' instead on input line 8.


LaTeX Font Warning: Font shape `TU/phv/b/n' undefined
(Font)              using `TU/phv/bx/n' instead on input line 13.

) (./restaurant__profile_8kt_source.tex

LaTeX Font Warning: Font shape `TU/phv/b/n' undefined
(Font)              using `TU/phv/bx/n' instead on input line 1.


LaTeX Font Warning: Font shape `TU/phv/b/n' undefined
(Font)              using `TU/phv/bx/n' instead on input line 55.


LaTeX Font Warning: Font shape `TU/phv/b/n' undefined
(Font)              using `TU/phv/bx/n' instead on input line 55.


LaTeX Font Warning: Font shape `TU/phv/b/n' undefined
(Font)              using `TU/phv/bx/n' instead on input line 55.

[306]

LaTeX Font Warning: Font shape `TU/phv/b/n' undefined
(Font)              using `TU/phv/bx/n' instead on input line 134.


LaTeX Font Warning: Font shape `TU/phv/b/n' undefined
(Font)              using `TU/phv/bx/n' instead on input line 134.


LaTeX Font Warning: Font shape `TU/phv/b/n' undefined
(Font)              using `TU/phv/bx/n' instead on input line 134.

[307]) (./savedeliveryaddress_8kt.tex

LaTeX Font Warning: Font shape `TU/phv/b/n' undefined
(Font)              using `TU/phv/bx/n' instead on input line 1.


LaTeX Font Warning: Font shape `TU/phv/b/n' undefined
(Font)              using `TU/phv/bx/n' instead on input line 3.


LaTeX Font Warning: Font shape `TU/phv/b/n' undefined
(Font)              using `TU/phv/bx/n' instead on input line 8.


LaTeX Font Warning: Font shape `TU/phv/b/n' undefined
(Font)              using `TU/phv/bx/n' instead on input line 13.

) (./savedeliveryaddress_8kt_source.tex

LaTeX Font Warning: Font shape `TU/phv/b/n' undefined
(Font)              using `TU/phv/bx/n' instead on input line 1.


LaTeX Font Warning: Font shape `TU/phv/b/n' undefined
(Font)              using `TU/phv/bx/n' instead on input line 38.


LaTeX Font Warning: Font shape `TU/phv/b/n' undefined
(Font)              using `TU/phv/bx/n' instead on input line 38.


LaTeX Font Warning: Font shape `TU/phv/b/n' undefined
(Font)              using `TU/phv/bx/n' instead on input line 38.

[308]) (./share_8kt.tex

LaTeX Font Warning: Font shape `TU/phv/b/n' undefined
(Font)              using `TU/phv/bx/n' instead on input line 1.


LaTeX Font Warning: Font shape `TU/phv/b/n' undefined
(Font)              using `TU/phv/bx/n' instead on input line 1.


LaTeX Font Warning: Font shape `TU/phv/b/n' undefined
(Font)              using `TU/phv/bx/n' instead on input line 1.

[309]

LaTeX Font Warning: Font shape `TU/phv/b/n' undefined
(Font)              using `TU/phv/bx/n' instead on input line 1.


LaTeX Font Warning: Font shape `TU/phv/b/n' undefined
(Font)              using `TU/phv/bx/n' instead on input line 3.


LaTeX Font Warning: Font shape `TU/phv/b/n' undefined
(Font)              using `TU/phv/bx/n' instead on input line 8.

) (./share_8kt_source.tex

LaTeX Font Warning: Font shape `TU/phv/b/n' undefined
(Font)              using `TU/phv/bx/n' instead on input line 1.


LaTeX Font Warning: Font shape `TU/phv/b/n' undefined
(Font)              using `TU/phv/bx/n' instead on input line 66.


LaTeX Font Warning: Font shape `TU/phv/b/n' undefined
(Font)              using `TU/phv/bx/n' instead on input line 66.


LaTeX Font Warning: Font shape `TU/phv/b/n' undefined
(Font)              using `TU/phv/bx/n' instead on input line 66.

[310]) (./share__restaurant_8kt.tex

LaTeX Font Warning: Font shape `TU/phv/b/n' undefined
(Font)              using `TU/phv/bx/n' instead on input line 1.


LaTeX Font Warning: Font shape `TU/phv/b/n' undefined
(Font)              using `TU/phv/bx/n' instead on input line 3.


LaTeX Font Warning: Font shape `TU/phv/b/n' undefined
(Font)              using `TU/phv/bx/n' instead on input line 8.

) (./share__restaurant_8kt_source.tex

LaTeX Font Warning: Font shape `TU/phv/b/n' undefined
(Font)              using `TU/phv/bx/n' instead on input line 1.


LaTeX Font Warning: Font shape `TU/phv/b/n' undefined
(Font)              using `TU/phv/bx/n' instead on input line 40.


LaTeX Font Warning: Font shape `TU/phv/b/n' undefined
(Font)              using `TU/phv/bx/n' instead on input line 40.


LaTeX Font Warning: Font shape `TU/phv/b/n' undefined
(Font)              using `TU/phv/bx/n' instead on input line 40.

[311]
Missing character: There is no ★ (U+2605) in font [lmroman7-regular]:mapping=te
x-text;!
) (./shipping__address__added__successfully_8kt.tex

LaTeX Font Warning: Font shape `TU/phv/b/n' undefined
(Font)              using `TU/phv/bx/n' instead on input line 1.


LaTeX Font Warning: Font shape `TU/phv/b/n' undefined
(Font)              using `TU/phv/bx/n' instead on input line 3.


LaTeX Font Warning: Font shape `TU/phv/b/n' undefined
(Font)              using `TU/phv/bx/n' instead on input line 8.

) (./shipping__address__added__successfully_8kt_source.tex

LaTeX Font Warning: Font shape `TU/phv/b/n' undefined
(Font)              using `TU/phv/bx/n' instead on input line 1.


LaTeX Font Warning: Font shape `TU/phv/b/n' undefined
(Font)              using `TU/phv/bx/n' instead on input line 15.


LaTeX Font Warning: Font shape `TU/phv/b/n' undefined
(Font)              using `TU/phv/bx/n' instead on input line 15.


LaTeX Font Warning: Font shape `TU/phv/b/n' undefined
(Font)              using `TU/phv/bx/n' instead on input line 15.

[312]) (./shipping__address__fixed__successfully_8kt.tex

LaTeX Font Warning: Font shape `TU/phv/b/n' undefined
(Font)              using `TU/phv/bx/n' instead on input line 1.


LaTeX Font Warning: Font shape `TU/phv/b/n' undefined
(Font)              using `TU/phv/bx/n' instead on input line 3.


LaTeX Font Warning: Font shape `TU/phv/b/n' undefined
(Font)              using `TU/phv/bx/n' instead on input line 8.

) (./shipping__address__fixed__successfully_8kt_source.tex

LaTeX Font Warning: Font shape `TU/phv/b/n' undefined
(Font)              using `TU/phv/bx/n' instead on input line 1.


LaTeX Font Warning: Font shape `TU/phv/b/n' undefined
(Font)              using `TU/phv/bx/n' instead on input line 21.


LaTeX Font Warning: Font shape `TU/phv/b/n' undefined
(Font)              using `TU/phv/bx/n' instead on input line 21.


Package fancyhdr Warning: \headheight is too small (12.0pt): 
(fancyhdr)                Make it at least 23.10004pt, for example:
(fancyhdr)                \setlength{\headheight}{23.10004pt}.
(fancyhdr)                You might also make \topmargin smaller:
(fancyhdr)                \addtolength{\topmargin}{-11.10004pt}.


LaTeX Font Warning: Font shape `TU/phv/b/n' undefined
(Font)              using `TU/phv/bx/n' instead on input line 21.

[313]) (./signin_8kt.tex

LaTeX Font Warning: Font shape `TU/phv/b/n' undefined
(Font)              using `TU/phv/bx/n' instead on input line 1.


LaTeX Font Warning: Font shape `TU/phv/b/n' undefined
(Font)              using `TU/phv/bx/n' instead on input line 3.


LaTeX Font Warning: Font shape `TU/phv/b/n' undefined
(Font)              using `TU/phv/bx/n' instead on input line 8.

) (./signin_8kt_source.tex

LaTeX Font Warning: Font shape `TU/phv/b/n' undefined
(Font)              using `TU/phv/bx/n' instead on input line 1.


LaTeX Font Warning: Font shape `TU/phv/b/n' undefined
(Font)              using `TU/phv/bx/n' instead on input line 28.


LaTeX Font Warning: Font shape `TU/phv/b/n' undefined
(Font)              using `TU/phv/bx/n' instead on input line 28.


LaTeX Font Warning: Font shape `TU/phv/b/n' undefined
(Font)              using `TU/phv/bx/n' instead on input line 28.

[314]

LaTeX Font Warning: Font shape `TU/phv/b/n' undefined
(Font)              using `TU/phv/bx/n' instead on input line 106.


LaTeX Font Warning: Font shape `TU/phv/b/n' undefined
(Font)              using `TU/phv/bx/n' instead on input line 106.


LaTeX Font Warning: Font shape `TU/phv/b/n' undefined
(Font)              using `TU/phv/bx/n' instead on input line 106.

[315]) (./signup_8kt.tex

LaTeX Font Warning: Font shape `TU/phv/b/n' undefined
(Font)              using `TU/phv/bx/n' instead on input line 1.


LaTeX Font Warning: Font shape `TU/phv/b/n' undefined
(Font)              using `TU/phv/bx/n' instead on input line 3.


LaTeX Font Warning: Font shape `TU/phv/b/n' undefined
(Font)              using `TU/phv/bx/n' instead on input line 8.

) (./signup_8kt_source.tex

LaTeX Font Warning: Font shape `TU/phv/b/n' undefined
(Font)              using `TU/phv/bx/n' instead on input line 1.


LaTeX Font Warning: Font shape `TU/phv/b/n' undefined
(Font)              using `TU/phv/bx/n' instead on input line 45.


LaTeX Font Warning: Font shape `TU/phv/b/n' undefined
(Font)              using `TU/phv/bx/n' instead on input line 45.


LaTeX Font Warning: Font shape `TU/phv/b/n' undefined
(Font)              using `TU/phv/bx/n' instead on input line 45.

[316]) (./start_8kt.tex

LaTeX Font Warning: Font shape `TU/phv/b/n' undefined
(Font)              using `TU/phv/bx/n' instead on input line 1.


LaTeX Font Warning: Font shape `TU/phv/b/n' undefined
(Font)              using `TU/phv/bx/n' instead on input line 3.


LaTeX Font Warning: Font shape `TU/phv/b/n' undefined
(Font)              using `TU/phv/bx/n' instead on input line 7.


LaTeX Font Warning: Font shape `TU/phv/b/n' undefined
(Font)              using `TU/phv/bx/n' instead on input line 7.


LaTeX Font Warning: Font shape `TU/phv/b/n' undefined
(Font)              using `TU/phv/bx/n' instead on input line 7.

[317]) (./start_8kt_source.tex

LaTeX Font Warning: Font shape `TU/phv/b/n' undefined
(Font)              using `TU/phv/bx/n' instead on input line 1.

) (./VNPayActivity_8kt.tex

LaTeX Font Warning: Font shape `TU/phv/b/n' undefined
(Font)              using `TU/phv/bx/n' instead on input line 1.


LaTeX Font Warning: Font shape `TU/phv/b/n' undefined
(Font)              using `TU/phv/bx/n' instead on input line 3.


LaTeX Font Warning: Font shape `TU/phv/b/n' undefined
(Font)              using `TU/phv/bx/n' instead on input line 7.


LaTeX Font Warning: Font shape `TU/phv/b/n' undefined
(Font)              using `TU/phv/bx/n' instead on input line 7.


LaTeX Font Warning: Font shape `TU/phv/b/n' undefined
(Font)              using `TU/phv/bx/n' instead on input line 7.

[318]) (./VNPayActivity_8kt_source.tex

LaTeX Font Warning: Font shape `TU/phv/b/n' undefined
(Font)              using `TU/phv/bx/n' instead on input line 1.


LaTeX Font Warning: Font shape `TU/phv/b/n' undefined
(Font)              using `TU/phv/bx/n' instead on input line 74.


LaTeX Font Warning: Font shape `TU/phv/b/n' undefined
(Font)              using `TU/phv/bx/n' instead on input line 74.


LaTeX Font Warning: Font shape `TU/phv/b/n' undefined
(Font)              using `TU/phv/bx/n' instead on input line 74.

[319]) (./auth_8py.tex

LaTeX Font Warning: Font shape `TU/phv/b/n' undefined
(Font)              using `TU/phv/bx/n' instead on input line 1.


LaTeX Font Warning: Font shape `TU/phv/b/n' undefined
(Font)              using `TU/phv/bx/n' instead on input line 3.


LaTeX Font Warning: Font shape `TU/phv/b/n' undefined
(Font)              using `TU/phv/bx/n' instead on input line 8.


Overfull \hbox (15.28793pt too wide) in paragraph at lines 17--18
[][] \TU/pcr/m/n/10 (str token=Depends([]), Session db=Depends([])) 
 []


LaTeX Font Warning: Font shape `TU/phv/b/n' undefined
(Font)              using `TU/phv/bx/n' instead on input line 19.

) (./auth_8py_source.tex

LaTeX Font Warning: Font shape `TU/phv/b/n' undefined
(Font)              using `TU/phv/bx/n' instead on input line 1.


LaTeX Font Warning: Font shape `TU/phv/b/n' undefined
(Font)              using `TU/phv/bx/n' instead on input line 38.


LaTeX Font Warning: Font shape `TU/phv/b/n' undefined
(Font)              using `TU/phv/bx/n' instead on input line 38.


LaTeX Font Warning: Font shape `TU/phv/b/n' undefined
(Font)              using `TU/phv/bx/n' instead on input line 38.

[320]) (./chatbot__service_8py.tex

LaTeX Font Warning: Font shape `TU/phv/b/n' undefined
(Font)              using `TU/phv/bx/n' instead on input line 1.


LaTeX Font Warning: Font shape `TU/phv/b/n' undefined
(Font)              using `TU/phv/bx/n' instead on input line 3.


LaTeX Font Warning: Font shape `TU/phv/b/n' undefined
(Font)              using `TU/phv/bx/n' instead on input line 8.


LaTeX Font Warning: Font shape `TU/phv/b/n' undefined
(Font)              using `TU/phv/bx/n' instead on input line 13.

) (./chatbot__service_8py_source.tex

LaTeX Font Warning: Font shape `TU/phv/b/n' undefined
(Font)              using `TU/phv/bx/n' instead on input line 1.


LaTeX Font Warning: Font shape `TU/phv/b/n' undefined
(Font)              using `TU/phv/bx/n' instead on input line 16.


LaTeX Font Warning: Font shape `TU/phv/b/n' undefined
(Font)              using `TU/phv/bx/n' instead on input line 16.


LaTeX Font Warning: Font shape `TU/phv/b/n' undefined
(Font)              using `TU/phv/bx/n' instead on input line 16.

[321]

LaTeX Font Warning: Font shape `TU/phv/b/n' undefined
(Font)              using `TU/phv/bx/n' instead on input line 87.


LaTeX Font Warning: Font shape `TU/phv/b/n' undefined
(Font)              using `TU/phv/bx/n' instead on input line 87.


LaTeX Font Warning: Font shape `TU/phv/b/n' undefined
(Font)              using `TU/phv/bx/n' instead on input line 87.

[322]
Missing character: There is no ⚠ (U+26A0) in font [lmroman7-regular]:mapping=te
x-text;!
Missing character: There is no ️ (U+FE0F) in font [lmroman7-regular]:mapping=te
x-text;!
) (./check__db_8py.tex

LaTeX Font Warning: Font shape `TU/phv/b/n' undefined
(Font)              using `TU/phv/bx/n' instead on input line 1.


LaTeX Font Warning: Font shape `TU/phv/b/n' undefined
(Font)              using `TU/phv/bx/n' instead on input line 3.


LaTeX Font Warning: Font shape `TU/phv/b/n' undefined
(Font)              using `TU/phv/bx/n' instead on input line 8.

) (./check__db_8py_source.tex

LaTeX Font Warning: Font shape `TU/phv/b/n' undefined
(Font)              using `TU/phv/bx/n' instead on input line 1.

Missing character: There is no ﻿ (U+FEFF) in font [lmroman7-regular]:mapping=te
x-text;!
) (./database_8py.tex

LaTeX Font Warning: Font shape `TU/phv/b/n' undefined
(Font)              using `TU/phv/bx/n' instead on input line 1.


LaTeX Font Warning: Font shape `TU/phv/b/n' undefined
(Font)              using `TU/phv/bx/n' instead on input line 3.


LaTeX Font Warning: Font shape `TU/phv/b/n' undefined
(Font)              using `TU/phv/bx/n' instead on input line 7.


LaTeX Font Warning: Font shape `TU/phv/b/n' undefined
(Font)              using `TU/phv/bx/n' instead on input line 7.


LaTeX Font Warning: Font shape `TU/phv/b/n' undefined
(Font)              using `TU/phv/bx/n' instead on input line 7.

[323]

LaTeX Font Warning: Font shape `TU/phv/b/n' undefined
(Font)              using `TU/phv/bx/n' instead on input line 8.


LaTeX Font Warning: Font shape `TU/phv/b/n' undefined
(Font)              using `TU/phv/bx/n' instead on input line 13.

) (./database_8py_source.tex

LaTeX Font Warning: Font shape `TU/phv/b/n' undefined
(Font)              using `TU/phv/bx/n' instead on input line 1.

) (./firebase__utils_8py.tex

LaTeX Font Warning: Font shape `TU/phv/b/n' undefined
(Font)              using `TU/phv/bx/n' instead on input line 1.


LaTeX Font Warning: Font shape `TU/phv/b/n' undefined
(Font)              using `TU/phv/bx/n' instead on input line 3.


LaTeX Font Warning: Font shape `TU/phv/b/n' undefined
(Font)              using `TU/phv/bx/n' instead on input line 8.


LaTeX Font Warning: Font shape `TU/phv/b/n' undefined
(Font)              using `TU/phv/bx/n' instead on input line 17.


LaTeX Font Warning: Font shape `TU/phv/b/n' undefined
(Font)              using `TU/phv/bx/n' instead on input line 22.


LaTeX Font Warning: Font shape `TU/phv/b/n' undefined
(Font)              using `TU/phv/bx/n' instead on input line 22.


LaTeX Font Warning: Font shape `TU/phv/b/n' undefined
(Font)              using `TU/phv/bx/n' instead on input line 22.

[324]
Underfull \hbox (badness 10000) in paragraph at lines 22--23
[][] \TU/pcr/m/n/10 = os.getenv(”FIREBASE_[][]STORAGE_[][]
 []

) (./firebase__utils_8py_source.tex

LaTeX Font Warning: Font shape `TU/phv/b/n' undefined
(Font)              using `TU/phv/bx/n' instead on input line 1.

) (./main_8py.tex

LaTeX Font Warning: Font shape `TU/phv/b/n' undefined
(Font)              using `TU/phv/bx/n' instead on input line 1.


LaTeX Font Warning: Font shape `TU/phv/b/n' undefined
(Font)              using `TU/phv/bx/n' instead on input line 3.


LaTeX Font Warning: Font shape `TU/phv/b/n' undefined
(Font)              using `TU/phv/bx/n' instead on input line 7.


LaTeX Font Warning: Font shape `TU/phv/b/n' undefined
(Font)              using `TU/phv/bx/n' instead on input line 7.


LaTeX Font Warning: Font shape `TU/phv/b/n' undefined
(Font)              using `TU/phv/bx/n' instead on input line 7.

[325]

LaTeX Font Warning: Font shape `TU/phv/b/n' undefined
(Font)              using `TU/phv/bx/n' instead on input line 8.


Underfull \hbox (badness 4024) in paragraph at lines 13--15
[][] \TU/pcr/m/n/10 (OAuth2PasswordRequestForm form_data=Depends(), Session
 []


Overfull \hbox (21.29391pt too wide) in paragraph at lines 33--35
[][] \TU/pcr/m/n/10 (Gửi, tin, nhắn, đến, chatbot, AI, và, nhận, phản, hồi, []
 []


Overfull \hbox (31.58992pt too wide) in paragraph at lines 33--35
\TU/pcr/m/n/10 chat_input, Optional[int][] session_id=None, [] current_user=Dep
ends([]),
 []


Underfull \hbox (badness 1803) in paragraph at lines 35--37
\TU/pcr/m/n/10 name=Form(...), Optional[str][] address=Form(None), str phone_nu
mber=Form(...), str sta-
 []


Underfull \hbox (badness 1708) in paragraph at lines 43--45
\TU/pcr/m/n/10 rantid=Form(...), int categoryid=Form(...), Optional[UploadFile]
[] image=File(None), Session
 []


Underfull \hbox (badness 10000) in paragraph at lines 67--69
[][] \TU/pcr/m/n/10 (int order_id, [] payload, Session
 []


LaTeX Font Warning: Font shape `TU/phv/b/n' undefined
(Font)              using `TU/phv/bx/n' instead on input line 81.


LaTeX Font Warning: Font shape `TU/phv/b/n' undefined
(Font)              using `TU/phv/bx/n' instead on input line 86.


LaTeX Font Warning: Font shape `TU/phv/b/n' undefined
(Font)              using `TU/phv/bx/n' instead on input line 86.


LaTeX Font Warning: Font shape `TU/phv/b/n' undefined
(Font)              using `TU/phv/bx/n' instead on input line 86.

[326]) (./main_8py_source.tex

LaTeX Font Warning: Font shape `TU/phv/b/n' undefined
(Font)              using `TU/phv/bx/n' instead on input line 1.


LaTeX Font Warning: Font shape `TU/phv/b/n' undefined
(Font)              using `TU/phv/bx/n' instead on input line 70.


LaTeX Font Warning: Font shape `TU/phv/b/n' undefined
(Font)              using `TU/phv/bx/n' instead on input line 70.


LaTeX Font Warning: Font shape `TU/phv/b/n' undefined
(Font)              using `TU/phv/bx/n' instead on input line 70.

[327]

LaTeX Font Warning: Font shape `TU/phv/b/n' undefined
(Font)              using `TU/phv/bx/n' instead on input line 154.


LaTeX Font Warning: Font shape `TU/phv/b/n' undefined
(Font)              using `TU/phv/bx/n' instead on input line 154.


LaTeX Font Warning: Font shape `TU/phv/b/n' undefined
(Font)              using `TU/phv/bx/n' instead on input line 154.

[328]

LaTeX Font Warning: Font shape `TU/phv/b/n' undefined
(Font)              using `TU/phv/bx/n' instead on input line 241.


LaTeX Font Warning: Font shape `TU/phv/b/n' undefined
(Font)              using `TU/phv/bx/n' instead on input line 241.


LaTeX Font Warning: Font shape `TU/phv/b/n' undefined
(Font)              using `TU/phv/bx/n' instead on input line 241.

[329]

LaTeX Font Warning: Font shape `TU/phv/b/n' undefined
(Font)              using `TU/phv/bx/n' instead on input line 328.


LaTeX Font Warning: Font shape `TU/phv/b/n' undefined
(Font)              using `TU/phv/bx/n' instead on input line 328.


LaTeX Font Warning: Font shape `TU/phv/b/n' undefined
(Font)              using `TU/phv/bx/n' instead on input line 328.

[330]

LaTeX Font Warning: Font shape `TU/phv/b/n' undefined
(Font)              using `TU/phv/bx/n' instead on input line 414.


LaTeX Font Warning: Font shape `TU/phv/b/n' undefined
(Font)              using `TU/phv/bx/n' instead on input line 414.


LaTeX Font Warning: Font shape `TU/phv/b/n' undefined
(Font)              using `TU/phv/bx/n' instead on input line 414.

[331]
Missing character: There is no 🎉 (U+1F389) in font [lmroman7-regular]:mapping=t
ex-text;!

LaTeX Font Warning: Font shape `TU/phv/b/n' undefined
(Font)              using `TU/phv/bx/n' instead on input line 500.


LaTeX Font Warning: Font shape `TU/phv/b/n' undefined
(Font)              using `TU/phv/bx/n' instead on input line 500.


LaTeX Font Warning: Font shape `TU/phv/b/n' undefined
(Font)              using `TU/phv/bx/n' instead on input line 500.

[332]
Missing character: There is no 🎉 (U+1F389) in font [lmroman7-regular]:mapping=t
ex-text;!

LaTeX Font Warning: Font shape `TU/phv/b/n' undefined
(Font)              using `TU/phv/bx/n' instead on input line 586.


LaTeX Font Warning: Font shape `TU/phv/b/n' undefined
(Font)              using `TU/phv/bx/n' instead on input line 586.


LaTeX Font Warning: Font shape `TU/phv/b/n' undefined
(Font)              using `TU/phv/bx/n' instead on input line 586.

[333]
Missing character: There is no ✅ (U+2705) in font [lmroman7-regular]:mapping=te
x-text;!
Missing character: There is no 🚚 (U+1F69A) in font [lmroman7-regular]:mapping=t
ex-text;!
Missing character: There is no 🎉 (U+1F389) in font [lmroman7-regular]:mapping=t
ex-text;!
Missing character: There is no ❌ (U+274C) in font [lmroman7-regular]:mapping=te
x-text;!

LaTeX Font Warning: Font shape `TU/phv/b/n' undefined
(Font)              using `TU/phv/bx/n' instead on input line 672.


LaTeX Font Warning: Font shape `TU/phv/b/n' undefined
(Font)              using `TU/phv/bx/n' instead on input line 672.


LaTeX Font Warning: Font shape `TU/phv/b/n' undefined
(Font)              using `TU/phv/bx/n' instead on input line 672.

[334]

LaTeX Font Warning: Font shape `TU/phv/b/n' undefined
(Font)              using `TU/phv/bx/n' instead on input line 758.


LaTeX Font Warning: Font shape `TU/phv/b/n' undefined
(Font)              using `TU/phv/bx/n' instead on input line 758.


LaTeX Font Warning: Font shape `TU/phv/b/n' undefined
(Font)              using `TU/phv/bx/n' instead on input line 758.

[335]) (./models_8py.tex

LaTeX Font Warning: Font shape `TU/phv/b/n' undefined
(Font)              using `TU/phv/bx/n' instead on input line 1.


LaTeX Font Warning: Font shape `TU/phv/b/n' undefined
(Font)              using `TU/phv/bx/n' instead on input line 3.


LaTeX Font Warning: Font shape `TU/phv/b/n' undefined
(Font)              using `TU/phv/bx/n' instead on input line 48.

) (./models_8py_source.tex

LaTeX Font Warning: Font shape `TU/phv/b/n' undefined
(Font)              using `TU/phv/bx/n' instead on input line 1.


LaTeX Font Warning: Font shape `TU/phv/b/n' undefined
(Font)              using `TU/phv/bx/n' instead on input line 5.


LaTeX Font Warning: Font shape `TU/phv/b/n' undefined
(Font)              using `TU/phv/bx/n' instead on input line 5.


LaTeX Font Warning: Font shape `TU/phv/b/n' undefined
(Font)              using `TU/phv/bx/n' instead on input line 5.

[336]

LaTeX Font Warning: Font shape `TU/phv/b/n' undefined
(Font)              using `TU/phv/bx/n' instead on input line 82.


LaTeX Font Warning: Font shape `TU/phv/b/n' undefined
(Font)              using `TU/phv/bx/n' instead on input line 82.


LaTeX Font Warning: Font shape `TU/phv/b/n' undefined
(Font)              using `TU/phv/bx/n' instead on input line 82.

[337]

LaTeX Font Warning: Font shape `TU/phv/b/n' undefined
(Font)              using `TU/phv/bx/n' instead on input line 166.


LaTeX Font Warning: Font shape `TU/phv/b/n' undefined
(Font)              using `TU/phv/bx/n' instead on input line 166.


LaTeX Font Warning: Font shape `TU/phv/b/n' undefined
(Font)              using `TU/phv/bx/n' instead on input line 166.

[338]

LaTeX Font Warning: Font shape `TU/phv/b/n' undefined
(Font)              using `TU/phv/bx/n' instead on input line 253.


LaTeX Font Warning: Font shape `TU/phv/b/n' undefined
(Font)              using `TU/phv/bx/n' instead on input line 253.


LaTeX Font Warning: Font shape `TU/phv/b/n' undefined
(Font)              using `TU/phv/bx/n' instead on input line 253.

[339]) (./notification__service_8py.tex

LaTeX Font Warning: Font shape `TU/phv/b/n' undefined
(Font)              using `TU/phv/bx/n' instead on input line 1.


LaTeX Font Warning: Font shape `TU/phv/b/n' undefined
(Font)              using `TU/phv/bx/n' instead on input line 3.


LaTeX Font Warning: Font shape `TU/phv/b/n' undefined
(Font)              using `TU/phv/bx/n' instead on input line 8.

) (./notification__service_8py_source.tex

LaTeX Font Warning: Font shape `TU/phv/b/n' undefined
(Font)              using `TU/phv/bx/n' instead on input line 1.


LaTeX Font Warning: Font shape `TU/phv/b/n' undefined
(Font)              using `TU/phv/bx/n' instead on input line 22.


LaTeX Font Warning: Font shape `TU/phv/b/n' undefined
(Font)              using `TU/phv/bx/n' instead on input line 22.


LaTeX Font Warning: Font shape `TU/phv/b/n' undefined
(Font)              using `TU/phv/bx/n' instead on input line 22.

[340]) (./payment__service_8py.tex

LaTeX Font Warning: Font shape `TU/phv/b/n' undefined
(Font)              using `TU/phv/bx/n' instead on input line 1.


LaTeX Font Warning: Font shape `TU/phv/b/n' undefined
(Font)              using `TU/phv/bx/n' instead on input line 3.


LaTeX Font Warning: Font shape `TU/phv/b/n' undefined
(Font)              using `TU/phv/bx/n' instead on input line 8.


LaTeX Font Warning: Font shape `TU/phv/b/n' undefined
(Font)              using `TU/phv/bx/n' instead on input line 13.

) (./payment__service_8py_source.tex

LaTeX Font Warning: Font shape `TU/phv/b/n' undefined
(Font)              using `TU/phv/bx/n' instead on input line 1.


LaTeX Font Warning: Font shape `TU/phv/b/n' undefined
(Font)              using `TU/phv/bx/n' instead on input line 8.


LaTeX Font Warning: Font shape `TU/phv/b/n' undefined
(Font)              using `TU/phv/bx/n' instead on input line 8.


LaTeX Font Warning: Font shape `TU/phv/b/n' undefined
(Font)              using `TU/phv/bx/n' instead on input line 8.

[341]) (./schemas_8py.tex

LaTeX Font Warning: Font shape `TU/phv/b/n' undefined
(Font)              using `TU/phv/bx/n' instead on input line 1.


LaTeX Font Warning: Font shape `TU/phv/b/n' undefined
(Font)              using `TU/phv/bx/n' instead on input line 3.


LaTeX Font Warning: Font shape `TU/phv/b/n' undefined
(Font)              using `TU/phv/bx/n' instead on input line 26.


LaTeX Font Warning: Font shape `TU/phv/b/n' undefined
(Font)              using `TU/phv/bx/n' instead on input line 26.


LaTeX Font Warning: Font shape `TU/phv/b/n' undefined
(Font)              using `TU/phv/bx/n' instead on input line 26.

[342]

LaTeX Font Warning: Font shape `TU/phv/b/n' undefined
(Font)              using `TU/phv/bx/n' instead on input line 136.


LaTeX Font Warning: Font shape `TU/phv/b/n' undefined
(Font)              using `TU/phv/bx/n' instead on input line 136.


LaTeX Font Warning: Font shape `TU/phv/b/n' undefined
(Font)              using `TU/phv/bx/n' instead on input line 136.

[343]

LaTeX Font Warning: Font shape `TU/phv/b/n' undefined
(Font)              using `TU/phv/bx/n' instead on input line 150.

) (./schemas_8py_source.tex

LaTeX Font Warning: Font shape `TU/phv/b/n' undefined
(Font)              using `TU/phv/bx/n' instead on input line 1.

Missing character: There is no ─ (U+2500) in font [lmroman7-regular]:mapping=te
x-text;!
Missing character: There is no ─ (U+2500) in font [lmroman7-regular]:mapping=te
x-text;!
Missing character: There is no ─ (U+2500) in font [lmroman7-regular]:mapping=te
x-text;!
Missing character: There is no ─ (U+2500) in font [lmroman7-regular]:mapping=te
x-text;!
Missing character: There is no ─ (U+2500) in font [lmroman7-regular]:mapping=te
x-text;!
Missing character: There is no ─ (U+2500) in font [lmroman7-regular]:mapping=te
x-text;!
Missing character: There is no ─ (U+2500) in font [lmroman7-regular]:mapping=te
x-text;!
Missing character: There is no ─ (U+2500) in font [lmroman7-regular]:mapping=te
x-text;!
Missing character: There is no ─ (U+2500) in font [lmroman7-regular]:mapping=te
x-text;!
Missing character: There is no ─ (U+2500) in font [lmroman7-regular]:mapping=te
x-text;!
Missing character: There is no ─ (U+2500) in font [lmroman7-regular]:mapping=te
x-text;!
Missing character: There is no ─ (U+2500) in font [lmroman7-regular]:mapping=te
x-text;!
Missing character: There is no ─ (U+2500) in font [lmroman7-regular]:mapping=te
x-text;!
Missing character: There is no ─ (U+2500) in font [lmroman7-regular]:mapping=te
x-text;!
Missing character: There is no ─ (U+2500) in font [lmroman7-regular]:mapping=te
x-text;!
Missing character: There is no ─ (U+2500) in font [lmroman7-regular]:mapping=te
x-text;!
Missing character: There is no ─ (U+2500) in font [lmroman7-regular]:mapping=te
x-text;!
Missing character: There is no ─ (U+2500) in font [lmroman7-regular]:mapping=te
x-text;!
Missing character: There is no ─ (U+2500) in font [lmroman7-regular]:mapping=te
x-text;!
Missing character: There is no ─ (U+2500) in font [lmroman7-regular]:mapping=te
x-text;!
Missing character: There is no ─ (U+2500) in font [lmroman7-regular]:mapping=te
x-text;!
Missing character: There is no ─ (U+2500) in font [lmroman7-regular]:mapping=te
x-text;!
Missing character: There is no ─ (U+2500) in font [lmroman7-regular]:mapping=te
x-text;!
Missing character: There is no ─ (U+2500) in font [lmroman7-regular]:mapping=te
x-text;!
Missing character: There is no ─ (U+2500) in font [lmroman7-regular]:mapping=te
x-text;!
Missing character: There is no ─ (U+2500) in font [lmroman7-regular]:mapping=te
x-text;!
Missing character: There is no ─ (U+2500) in font [lmroman7-regular]:mapping=te
x-text;!
Missing character: There is no ─ (U+2500) in font [lmroman7-regular]:mapping=te
x-text;!
Missing character: There is no ─ (U+2500) in font [lmroman7-regular]:mapping=te
x-text;!
Missing character: There is no ─ (U+2500) in font [lmroman7-regular]:mapping=te
x-text;!
Missing character: There is no ─ (U+2500) in font [lmroman7-regular]:mapping=te
x-text;!
Missing character: There is no ─ (U+2500) in font [lmroman7-regular]:mapping=te
x-text;!
Missing character: There is no ─ (U+2500) in font [lmroman7-regular]:mapping=te
x-text;!
Missing character: There is no ─ (U+2500) in font [lmroman7-regular]:mapping=te
x-text;!
Missing character: There is no ─ (U+2500) in font [lmroman7-regular]:mapping=te
x-text;!
Missing character: There is no ─ (U+2500) in font [lmroman7-regular]:mapping=te
x-text;!
Missing character: There is no ─ (U+2500) in font [lmroman7-regular]:mapping=te
x-text;!
Missing character: There is no ─ (U+2500) in font [lmroman7-regular]:mapping=te
x-text;!
Missing character: There is no ─ (U+2500) in font [lmroman7-regular]:mapping=te
x-text;!
Missing character: There is no ─ (U+2500) in font [lmroman7-regular]:mapping=te
x-text;!
Missing character: There is no ─ (U+2500) in font [lmroman7-regular]:mapping=te
x-text;!
Missing character: There is no ─ (U+2500) in font [lmroman7-regular]:mapping=te
x-text;!
Missing character: There is no ─ (U+2500) in font [lmroman7-regular]:mapping=te
x-text;!
Missing character: There is no ─ (U+2500) in font [lmroman7-regular]:mapping=te
x-text;!
Missing character: There is no ─ (U+2500) in font [lmroman7-regular]:mapping=te
x-text;!
Missing character: There is no ─ (U+2500) in font [lmroman7-regular]:mapping=te
x-text;!
Missing character: There is no ─ (U+2500) in font [lmroman7-regular]:mapping=te
x-text;!
Missing character: There is no ─ (U+2500) in font [lmroman7-regular]:mapping=te
x-text;!
Missing character: There is no ─ (U+2500) in font [lmroman7-regular]:mapping=te
x-text;!
Missing character: There is no ─ (U+2500) in font [lmroman7-regular]:mapping=te
x-text;!
Missing character: There is no ─ (U+2500) in font [lmroman7-regular]:mapping=te
x-text;!
Missing character: There is no ─ (U+2500) in font [lmroman7-regular]:mapping=te
x-text;!
Missing character: There is no ─ (U+2500) in font [lmroman7-regular]:mapping=te
x-text;!
Missing character: There is no ─ (U+2500) in font [lmroman7-regular]:mapping=te
x-text;!
Missing character: There is no ─ (U+2500) in font [lmroman7-regular]:mapping=te
x-text;!
Missing character: There is no ─ (U+2500) in font [lmroman7-regular]:mapping=te
x-text;!
Missing character: There is no ─ (U+2500) in font [lmroman7-regular]:mapping=te
x-text;!
Missing character: There is no ─ (U+2500) in font [lmroman7-regular]:mapping=te
x-text;!
Missing character: There is no ─ (U+2500) in font [lmroman7-regular]:mapping=te
x-text;!
Missing character: There is no ─ (U+2500) in font [lmroman7-regular]:mapping=te
x-text;!
Missing character: There is no ─ (U+2500) in font [lmroman7-regular]:mapping=te
x-text;!
Missing character: There is no ─ (U+2500) in font [lmroman7-regular]:mapping=te
x-text;!
Missing character: There is no ─ (U+2500) in font [lmroman7-regular]:mapping=te
x-text;!

LaTeX Font Warning: Font shape `TU/phv/b/n' undefined
(Font)              using `TU/phv/bx/n' instead on input line 63.


LaTeX Font Warning: Font shape `TU/phv/b/n' undefined
(Font)              using `TU/phv/bx/n' instead on input line 63.


LaTeX Font Warning: Font shape `TU/phv/b/n' undefined
(Font)              using `TU/phv/bx/n' instead on input line 63.

[344]

LaTeX Font Warning: Font shape `TU/phv/b/n' undefined
(Font)              using `TU/phv/bx/n' instead on input line 145.


LaTeX Font Warning: Font shape `TU/phv/b/n' undefined
(Font)              using `TU/phv/bx/n' instead on input line 145.


LaTeX Font Warning: Font shape `TU/phv/b/n' undefined
(Font)              using `TU/phv/bx/n' instead on input line 145.

[345]
Missing character: There is no ─ (U+2500) in font [lmroman7-regular]:mapping=te
x-text;!
Missing character: There is no ─ (U+2500) in font [lmroman7-regular]:mapping=te
x-text;!
Missing character: There is no ─ (U+2500) in font [lmroman7-regular]:mapping=te
x-text;!
Missing character: There is no ─ (U+2500) in font [lmroman7-regular]:mapping=te
x-text;!
Missing character: There is no ─ (U+2500) in font [lmroman7-regular]:mapping=te
x-text;!
Missing character: There is no ─ (U+2500) in font [lmroman7-regular]:mapping=te
x-text;!
Missing character: There is no ─ (U+2500) in font [lmroman7-regular]:mapping=te
x-text;!
Missing character: There is no ─ (U+2500) in font [lmroman7-regular]:mapping=te
x-text;!
Missing character: There is no ─ (U+2500) in font [lmroman7-regular]:mapping=te
x-text;!
Missing character: There is no ─ (U+2500) in font [lmroman7-regular]:mapping=te
x-text;!
Missing character: There is no ─ (U+2500) in font [lmroman7-regular]:mapping=te
x-text;!
Missing character: There is no ─ (U+2500) in font [lmroman7-regular]:mapping=te
x-text;!
Missing character: There is no ─ (U+2500) in font [lmroman7-regular]:mapping=te
x-text;!
Missing character: There is no ─ (U+2500) in font [lmroman7-regular]:mapping=te
x-text;!
Missing character: There is no ─ (U+2500) in font [lmroman7-regular]:mapping=te
x-text;!
Missing character: There is no ─ (U+2500) in font [lmroman7-regular]:mapping=te
x-text;!
Missing character: There is no ─ (U+2500) in font [lmroman7-regular]:mapping=te
x-text;!
Missing character: There is no ─ (U+2500) in font [lmroman7-regular]:mapping=te
x-text;!
Missing character: There is no ─ (U+2500) in font [lmroman7-regular]:mapping=te
x-text;!
Missing character: There is no ─ (U+2500) in font [lmroman7-regular]:mapping=te
x-text;!
Missing character: There is no ─ (U+2500) in font [lmroman7-regular]:mapping=te
x-text;!
Missing character: There is no ─ (U+2500) in font [lmroman7-regular]:mapping=te
x-text;!
Missing character: There is no ─ (U+2500) in font [lmroman7-regular]:mapping=te
x-text;!
Missing character: There is no ─ (U+2500) in font [lmroman7-regular]:mapping=te
x-text;!
Missing character: There is no ─ (U+2500) in font [lmroman7-regular]:mapping=te
x-text;!
Missing character: There is no ─ (U+2500) in font [lmroman7-regular]:mapping=te
x-text;!
Missing character: There is no ─ (U+2500) in font [lmroman7-regular]:mapping=te
x-text;!
Missing character: There is no ─ (U+2500) in font [lmroman7-regular]:mapping=te
x-text;!
Missing character: There is no ─ (U+2500) in font [lmroman7-regular]:mapping=te
x-text;!
Missing character: There is no ─ (U+2500) in font [lmroman7-regular]:mapping=te
x-text;!
Missing character: There is no ─ (U+2500) in font [lmroman7-regular]:mapping=te
x-text;!
Missing character: There is no ─ (U+2500) in font [lmroman7-regular]:mapping=te
x-text;!
Missing character: There is no ─ (U+2500) in font [lmroman7-regular]:mapping=te
x-text;!
Missing character: There is no ─ (U+2500) in font [lmroman7-regular]:mapping=te
x-text;!
Missing character: There is no ─ (U+2500) in font [lmroman7-regular]:mapping=te
x-text;!
Missing character: There is no ─ (U+2500) in font [lmroman7-regular]:mapping=te
x-text;!
Missing character: There is no ─ (U+2500) in font [lmroman7-regular]:mapping=te
x-text;!
Missing character: There is no ─ (U+2500) in font [lmroman7-regular]:mapping=te
x-text;!
Missing character: There is no ─ (U+2500) in font [lmroman7-regular]:mapping=te
x-text;!
Missing character: There is no ─ (U+2500) in font [lmroman7-regular]:mapping=te
x-text;!
Missing character: There is no ─ (U+2500) in font [lmroman7-regular]:mapping=te
x-text;!
Missing character: There is no ─ (U+2500) in font [lmroman7-regular]:mapping=te
x-text;!
Missing character: There is no ─ (U+2500) in font [lmroman7-regular]:mapping=te
x-text;!
Missing character: There is no ─ (U+2500) in font [lmroman7-regular]:mapping=te
x-text;!
Missing character: There is no ─ (U+2500) in font [lmroman7-regular]:mapping=te
x-text;!
Missing character: There is no ─ (U+2500) in font [lmroman7-regular]:mapping=te
x-text;!
Missing character: There is no ─ (U+2500) in font [lmroman7-regular]:mapping=te
x-text;!
Missing character: There is no ─ (U+2500) in font [lmroman7-regular]:mapping=te
x-text;!
Missing character: There is no ─ (U+2500) in font [lmroman7-regular]:mapping=te
x-text;!
Missing character: There is no ─ (U+2500) in font [lmroman7-regular]:mapping=te
x-text;!
Missing character: There is no ─ (U+2500) in font [lmroman7-regular]:mapping=te
x-text;!
Missing character: There is no ─ (U+2500) in font [lmroman7-regular]:mapping=te
x-text;!
Missing character: There is no ─ (U+2500) in font [lmroman7-regular]:mapping=te
x-text;!
Missing character: There is no ─ (U+2500) in font [lmroman7-regular]:mapping=te
x-text;!
Missing character: There is no ─ (U+2500) in font [lmroman7-regular]:mapping=te
x-text;!
Missing character: There is no ─ (U+2500) in font [lmroman7-regular]:mapping=te
x-text;!
Missing character: There is no ─ (U+2500) in font [lmroman7-regular]:mapping=te
x-text;!
Missing character: There is no ─ (U+2500) in font [lmroman7-regular]:mapping=te
x-text;!
Missing character: There is no ─ (U+2500) in font [lmroman7-regular]:mapping=te
x-text;!
Missing character: There is no ─ (U+2500) in font [lmroman7-regular]:mapping=te
x-text;!
Missing character: There is no ─ (U+2500) in font [lmroman7-regular]:mapping=te
x-text;!
Missing character: There is no ─ (U+2500) in font [lmroman7-regular]:mapping=te
x-text;!
Missing character: There is no ─ (U+2500) in font [lmroman7-regular]:mapping=te
x-text;!
Missing character: There is no ─ (U+2500) in font [lmroman7-regular]:mapping=te
x-text;!
Missing character: There is no ─ (U+2500) in font [lmroman7-regular]:mapping=te
x-text;!
Missing character: There is no ─ (U+2500) in font [lmroman7-regular]:mapping=te
x-text;!
Missing character: There is no ─ (U+2500) in font [lmroman7-regular]:mapping=te
x-text;!
Missing character: There is no ─ (U+2500) in font [lmroman7-regular]:mapping=te
x-text;!
Missing character: There is no ─ (U+2500) in font [lmroman7-regular]:mapping=te
x-text;!
Missing character: There is no ─ (U+2500) in font [lmroman7-regular]:mapping=te
x-text;!
Missing character: There is no ─ (U+2500) in font [lmroman7-regular]:mapping=te
x-text;!
Missing character: There is no ─ (U+2500) in font [lmroman7-regular]:mapping=te
x-text;!
Missing character: There is no ─ (U+2500) in font [lmroman7-regular]:mapping=te
x-text;!
Missing character: There is no ─ (U+2500) in font [lmroman7-regular]:mapping=te
x-text;!
Missing character: There is no ─ (U+2500) in font [lmroman7-regular]:mapping=te
x-text;!
Missing character: There is no ─ (U+2500) in font [lmroman7-regular]:mapping=te
x-text;!
Missing character: There is no ─ (U+2500) in font [lmroman7-regular]:mapping=te
x-text;!
Missing character: There is no ─ (U+2500) in font [lmroman7-regular]:mapping=te
x-text;!
Missing character: There is no ─ (U+2500) in font [lmroman7-regular]:mapping=te
x-text;!
Missing character: There is no ─ (U+2500) in font [lmroman7-regular]:mapping=te
x-text;!
Missing character: There is no ─ (U+2500) in font [lmroman7-regular]:mapping=te
x-text;!
Missing character: There is no ─ (U+2500) in font [lmroman7-regular]:mapping=te
x-text;!
Missing character: There is no ─ (U+2500) in font [lmroman7-regular]:mapping=te
x-text;!
Missing character: There is no ─ (U+2500) in font [lmroman7-regular]:mapping=te
x-text;!
Missing character: There is no ─ (U+2500) in font [lmroman7-regular]:mapping=te
x-text;!
Missing character: There is no ─ (U+2500) in font [lmroman7-regular]:mapping=te
x-text;!
Missing character: There is no ─ (U+2500) in font [lmroman7-regular]:mapping=te
x-text;!
Missing character: There is no ─ (U+2500) in font [lmroman7-regular]:mapping=te
x-text;!
Missing character: There is no ─ (U+2500) in font [lmroman7-regular]:mapping=te
x-text;!
Missing character: There is no ─ (U+2500) in font [lmroman7-regular]:mapping=te
x-text;!
Missing character: There is no ─ (U+2500) in font [lmroman7-regular]:mapping=te
x-text;!
Missing character: There is no ─ (U+2500) in font [lmroman7-regular]:mapping=te
x-text;!
Missing character: There is no ─ (U+2500) in font [lmroman7-regular]:mapping=te
x-text;!
Missing character: There is no ─ (U+2500) in font [lmroman7-regular]:mapping=te
x-text;!
Missing character: There is no ─ (U+2500) in font [lmroman7-regular]:mapping=te
x-text;!
Missing character: There is no ─ (U+2500) in font [lmroman7-regular]:mapping=te
x-text;!
Missing character: There is no ─ (U+2500) in font [lmroman7-regular]:mapping=te
x-text;!
Missing character: There is no ─ (U+2500) in font [lmroman7-regular]:mapping=te
x-text;!
Missing character: There is no ─ (U+2500) in font [lmroman7-regular]:mapping=te
x-text;!
Missing character: There is no ─ (U+2500) in font [lmroman7-regular]:mapping=te
x-text;!
Missing character: There is no ─ (U+2500) in font [lmroman7-regular]:mapping=te
x-text;!
Missing character: There is no ─ (U+2500) in font [lmroman7-regular]:mapping=te
x-text;!
Missing character: There is no ─ (U+2500) in font [lmroman7-regular]:mapping=te
x-text;!
Missing character: There is no ─ (U+2500) in font [lmroman7-regular]:mapping=te
x-text;!
Missing character: There is no ─ (U+2500) in font [lmroman7-regular]:mapping=te
x-text;!
Missing character: There is no ─ (U+2500) in font [lmroman7-regular]:mapping=te
x-text;!
Missing character: There is no ─ (U+2500) in font [lmroman7-regular]:mapping=te
x-text;!
Missing character: There is no ─ (U+2500) in font [lmroman7-regular]:mapping=te
x-text;!
Missing character: There is no ─ (U+2500) in font [lmroman7-regular]:mapping=te
x-text;!
Missing character: There is no ─ (U+2500) in font [lmroman7-regular]:mapping=te
x-text;!
Missing character: There is no ─ (U+2500) in font [lmroman7-regular]:mapping=te
x-text;!
Missing character: There is no ─ (U+2500) in font [lmroman7-regular]:mapping=te
x-text;!
Missing character: There is no ─ (U+2500) in font [lmroman7-regular]:mapping=te
x-text;!
Missing character: There is no ─ (U+2500) in font [lmroman7-regular]:mapping=te
x-text;!
Missing character: There is no ─ (U+2500) in font [lmroman7-regular]:mapping=te
x-text;!
Missing character: There is no ─ (U+2500) in font [lmroman7-regular]:mapping=te
x-text;!
Missing character: There is no ─ (U+2500) in font [lmroman7-regular]:mapping=te
x-text;!
Missing character: There is no ─ (U+2500) in font [lmroman7-regular]:mapping=te
x-text;!
Missing character: There is no ─ (U+2500) in font [lmroman7-regular]:mapping=te
x-text;!
Missing character: There is no ─ (U+2500) in font [lmroman7-regular]:mapping=te
x-text;!
Missing character: There is no ─ (U+2500) in font [lmroman7-regular]:mapping=te
x-text;!
Missing character: There is no ─ (U+2500) in font [lmroman7-regular]:mapping=te
x-text;!
Missing character: There is no ─ (U+2500) in font [lmroman7-regular]:mapping=te
x-text;!
Missing character: There is no ─ (U+2500) in font [lmroman7-regular]:mapping=te
x-text;!
Missing character: There is no ─ (U+2500) in font [lmroman7-regular]:mapping=te
x-text;!
Missing character: There is no ─ (U+2500) in font [lmroman7-regular]:mapping=te
x-text;!
Missing character: There is no ─ (U+2500) in font [lmroman7-regular]:mapping=te
x-text;!
Missing character: There is no ─ (U+2500) in font [lmroman7-regular]:mapping=te
x-text;!
Missing character: There is no ─ (U+2500) in font [lmroman7-regular]:mapping=te
x-text;!
Missing character: There is no ─ (U+2500) in font [lmroman7-regular]:mapping=te
x-text;!
Missing character: There is no ─ (U+2500) in font [lmroman7-regular]:mapping=te
x-text;!
Missing character: There is no ─ (U+2500) in font [lmroman7-regular]:mapping=te
x-text;!
Missing character: There is no ─ (U+2500) in font [lmroman7-regular]:mapping=te
x-text;!
Missing character: There is no ─ (U+2500) in font [lmroman7-regular]:mapping=te
x-text;!
Missing character: There is no ─ (U+2500) in font [lmroman7-regular]:mapping=te
x-text;!
Missing character: There is no ─ (U+2500) in font [lmroman7-regular]:mapping=te
x-text;!
Missing character: There is no ─ (U+2500) in font [lmroman7-regular]:mapping=te
x-text;!
Missing character: There is no ─ (U+2500) in font [lmroman7-regular]:mapping=te
x-text;!
Missing character: There is no ─ (U+2500) in font [lmroman7-regular]:mapping=te
x-text;!
Missing character: There is no ─ (U+2500) in font [lmroman7-regular]:mapping=te
x-text;!
Missing character: There is no ─ (U+2500) in font [lmroman7-regular]:mapping=te
x-text;!
Missing character: There is no ─ (U+2500) in font [lmroman7-regular]:mapping=te
x-text;!
Missing character: There is no ─ (U+2500) in font [lmroman7-regular]:mapping=te
x-text;!
Missing character: There is no ─ (U+2500) in font [lmroman7-regular]:mapping=te
x-text;!
Missing character: There is no ─ (U+2500) in font [lmroman7-regular]:mapping=te
x-text;!
Missing character: There is no ─ (U+2500) in font [lmroman7-regular]:mapping=te
x-text;!
Missing character: There is no ─ (U+2500) in font [lmroman7-regular]:mapping=te
x-text;!
Missing character: There is no ─ (U+2500) in font [lmroman7-regular]:mapping=te
x-text;!
Missing character: There is no ─ (U+2500) in font [lmroman7-regular]:mapping=te
x-text;!
Missing character: There is no ─ (U+2500) in font [lmroman7-regular]:mapping=te
x-text;!
Missing character: There is no ─ (U+2500) in font [lmroman7-regular]:mapping=te
x-text;!
Missing character: There is no ─ (U+2500) in font [lmroman7-regular]:mapping=te
x-text;!
Missing character: There is no ─ (U+2500) in font [lmroman7-regular]:mapping=te
x-text;!
Missing character: There is no ─ (U+2500) in font [lmroman7-regular]:mapping=te
x-text;!
Missing character: There is no ─ (U+2500) in font [lmroman7-regular]:mapping=te
x-text;!
Missing character: There is no ─ (U+2500) in font [lmroman7-regular]:mapping=te
x-text;!
Missing character: There is no ─ (U+2500) in font [lmroman7-regular]:mapping=te
x-text;!
Missing character: There is no ─ (U+2500) in font [lmroman7-regular]:mapping=te
x-text;!
Missing character: There is no ─ (U+2500) in font [lmroman7-regular]:mapping=te
x-text;!
Missing character: There is no ─ (U+2500) in font [lmroman7-regular]:mapping=te
x-text;!
Missing character: There is no ─ (U+2500) in font [lmroman7-regular]:mapping=te
x-text;!
Missing character: There is no ─ (U+2500) in font [lmroman7-regular]:mapping=te
x-text;!
Missing character: There is no ─ (U+2500) in font [lmroman7-regular]:mapping=te
x-text;!
Missing character: There is no ─ (U+2500) in font [lmroman7-regular]:mapping=te
x-text;!
Missing character: There is no ─ (U+2500) in font [lmroman7-regular]:mapping=te
x-text;!
Missing character: There is no ─ (U+2500) in font [lmroman7-regular]:mapping=te
x-text;!
Missing character: There is no ─ (U+2500) in font [lmroman7-regular]:mapping=te
x-text;!
Missing character: There is no ─ (U+2500) in font [lmroman7-regular]:mapping=te
x-text;!
Missing character: There is no ─ (U+2500) in font [lmroman7-regular]:mapping=te
x-text;!
Missing character: There is no ─ (U+2500) in font [lmroman7-regular]:mapping=te
x-text;!
Missing character: There is no ─ (U+2500) in font [lmroman7-regular]:mapping=te
x-text;!
Missing character: There is no ─ (U+2500) in font [lmroman7-regular]:mapping=te
x-text;!
Missing character: There is no ─ (U+2500) in font [lmroman7-regular]:mapping=te
x-text;!
Missing character: There is no ─ (U+2500) in font [lmroman7-regular]:mapping=te
x-text;!
Missing character: There is no ─ (U+2500) in font [lmroman7-regular]:mapping=te
x-text;!
Missing character: There is no ─ (U+2500) in font [lmroman7-regular]:mapping=te
x-text;!
Missing character: There is no ─ (U+2500) in font [lmroman7-regular]:mapping=te
x-text;!
Missing character: There is no ─ (U+2500) in font [lmroman7-regular]:mapping=te
x-text;!
Missing character: There is no ─ (U+2500) in font [lmroman7-regular]:mapping=te
x-text;!
Missing character: There is no ─ (U+2500) in font [lmroman7-regular]:mapping=te
x-text;!

LaTeX Font Warning: Font shape `TU/phv/b/n' undefined
(Font)              using `TU/phv/bx/n' instead on input line 232.


LaTeX Font Warning: Font shape `TU/phv/b/n' undefined
(Font)              using `TU/phv/bx/n' instead on input line 232.


LaTeX Font Warning: Font shape `TU/phv/b/n' undefined
(Font)              using `TU/phv/bx/n' instead on input line 232.

[346]
Missing character: There is no ─ (U+2500) in font [lmroman7-regular]:mapping=te
x-text;!
Missing character: There is no ─ (U+2500) in font [lmroman7-regular]:mapping=te
x-text;!
Missing character: There is no ─ (U+2500) in font [lmroman7-regular]:mapping=te
x-text;!
Missing character: There is no ─ (U+2500) in font [lmroman7-regular]:mapping=te
x-text;!
Missing character: There is no ─ (U+2500) in font [lmroman7-regular]:mapping=te
x-text;!
Missing character: There is no ─ (U+2500) in font [lmroman7-regular]:mapping=te
x-text;!
Missing character: There is no ─ (U+2500) in font [lmroman7-regular]:mapping=te
x-text;!
Missing character: There is no ─ (U+2500) in font [lmroman7-regular]:mapping=te
x-text;!
Missing character: There is no ─ (U+2500) in font [lmroman7-regular]:mapping=te
x-text;!
Missing character: There is no ─ (U+2500) in font [lmroman7-regular]:mapping=te
x-text;!
Missing character: There is no ─ (U+2500) in font [lmroman7-regular]:mapping=te
x-text;!
Missing character: There is no ─ (U+2500) in font [lmroman7-regular]:mapping=te
x-text;!
Missing character: There is no ─ (U+2500) in font [lmroman7-regular]:mapping=te
x-text;!
Missing character: There is no ─ (U+2500) in font [lmroman7-regular]:mapping=te
x-text;!
Missing character: There is no ─ (U+2500) in font [lmroman7-regular]:mapping=te
x-text;!
Missing character: There is no ─ (U+2500) in font [lmroman7-regular]:mapping=te
x-text;!
Missing character: There is no ─ (U+2500) in font [lmroman7-regular]:mapping=te
x-text;!
Missing character: There is no ─ (U+2500) in font [lmroman7-regular]:mapping=te
x-text;!
Missing character: There is no ─ (U+2500) in font [lmroman7-regular]:mapping=te
x-text;!
Missing character: There is no ─ (U+2500) in font [lmroman7-regular]:mapping=te
x-text;!
Missing character: There is no ─ (U+2500) in font [lmroman7-regular]:mapping=te
x-text;!
Missing character: There is no ─ (U+2500) in font [lmroman7-regular]:mapping=te
x-text;!
Missing character: There is no ─ (U+2500) in font [lmroman7-regular]:mapping=te
x-text;!
Missing character: There is no ─ (U+2500) in font [lmroman7-regular]:mapping=te
x-text;!
Missing character: There is no ─ (U+2500) in font [lmroman7-regular]:mapping=te
x-text;!
Missing character: There is no ─ (U+2500) in font [lmroman7-regular]:mapping=te
x-text;!
Missing character: There is no ─ (U+2500) in font [lmroman7-regular]:mapping=te
x-text;!
Missing character: There is no ─ (U+2500) in font [lmroman7-regular]:mapping=te
x-text;!
Missing character: There is no ─ (U+2500) in font [lmroman7-regular]:mapping=te
x-text;!
Missing character: There is no ─ (U+2500) in font [lmroman7-regular]:mapping=te
x-text;!
Missing character: There is no ─ (U+2500) in font [lmroman7-regular]:mapping=te
x-text;!
Missing character: There is no ─ (U+2500) in font [lmroman7-regular]:mapping=te
x-text;!
Missing character: There is no ─ (U+2500) in font [lmroman7-regular]:mapping=te
x-text;!
Missing character: There is no ─ (U+2500) in font [lmroman7-regular]:mapping=te
x-text;!
Missing character: There is no ─ (U+2500) in font [lmroman7-regular]:mapping=te
x-text;!
Missing character: There is no ─ (U+2500) in font [lmroman7-regular]:mapping=te
x-text;!
Missing character: There is no ─ (U+2500) in font [lmroman7-regular]:mapping=te
x-text;!
Missing character: There is no ─ (U+2500) in font [lmroman7-regular]:mapping=te
x-text;!
Missing character: There is no ─ (U+2500) in font [lmroman7-regular]:mapping=te
x-text;!
Missing character: There is no ─ (U+2500) in font [lmroman7-regular]:mapping=te
x-text;!
Missing character: There is no ─ (U+2500) in font [lmroman7-regular]:mapping=te
x-text;!
Missing character: There is no ─ (U+2500) in font [lmroman7-regular]:mapping=te
x-text;!
Missing character: There is no ─ (U+2500) in font [lmroman7-regular]:mapping=te
x-text;!
Missing character: There is no ─ (U+2500) in font [lmroman7-regular]:mapping=te
x-text;!
Missing character: There is no ─ (U+2500) in font [lmroman7-regular]:mapping=te
x-text;!
Missing character: There is no ─ (U+2500) in font [lmroman7-regular]:mapping=te
x-text;!
Missing character: There is no ─ (U+2500) in font [lmroman7-regular]:mapping=te
x-text;!
Missing character: There is no ─ (U+2500) in font [lmroman7-regular]:mapping=te
x-text;!
Missing character: There is no ─ (U+2500) in font [lmroman7-regular]:mapping=te
x-text;!
Missing character: There is no ─ (U+2500) in font [lmroman7-regular]:mapping=te
x-text;!
Missing character: There is no ─ (U+2500) in font [lmroman7-regular]:mapping=te
x-text;!
Missing character: There is no ─ (U+2500) in font [lmroman7-regular]:mapping=te
x-text;!
Missing character: There is no ─ (U+2500) in font [lmroman7-regular]:mapping=te
x-text;!
Missing character: There is no ─ (U+2500) in font [lmroman7-regular]:mapping=te
x-text;!
Missing character: There is no ─ (U+2500) in font [lmroman7-regular]:mapping=te
x-text;!
Missing character: There is no ─ (U+2500) in font [lmroman7-regular]:mapping=te
x-text;!
Missing character: There is no ─ (U+2500) in font [lmroman7-regular]:mapping=te
x-text;!
Missing character: There is no ─ (U+2500) in font [lmroman7-regular]:mapping=te
x-text;!
Missing character: There is no ─ (U+2500) in font [lmroman7-regular]:mapping=te
x-text;!
Missing character: There is no ─ (U+2500) in font [lmroman7-regular]:mapping=te
x-text;!
Missing character: There is no ─ (U+2500) in font [lmroman7-regular]:mapping=te
x-text;!
Missing character: There is no ─ (U+2500) in font [lmroman7-regular]:mapping=te
x-text;!
Missing character: There is no ─ (U+2500) in font [lmroman7-regular]:mapping=te
x-text;!
Missing character: There is no ─ (U+2500) in font [lmroman7-regular]:mapping=te
x-text;!
Missing character: There is no ─ (U+2500) in font [lmroman7-regular]:mapping=te
x-text;!
Missing character: There is no ─ (U+2500) in font [lmroman7-regular]:mapping=te
x-text;!
Missing character: There is no ─ (U+2500) in font [lmroman7-regular]:mapping=te
x-text;!
Missing character: There is no ─ (U+2500) in font [lmroman7-regular]:mapping=te
x-text;!
Missing character: There is no ─ (U+2500) in font [lmroman7-regular]:mapping=te
x-text;!
Missing character: There is no ─ (U+2500) in font [lmroman7-regular]:mapping=te
x-text;!
Missing character: There is no ─ (U+2500) in font [lmroman7-regular]:mapping=te
x-text;!
Missing character: There is no ─ (U+2500) in font [lmroman7-regular]:mapping=te
x-text;!
Missing character: There is no ─ (U+2500) in font [lmroman7-regular]:mapping=te
x-text;!
Missing character: There is no ─ (U+2500) in font [lmroman7-regular]:mapping=te
x-text;!
Missing character: There is no ─ (U+2500) in font [lmroman7-regular]:mapping=te
x-text;!
Missing character: There is no ─ (U+2500) in font [lmroman7-regular]:mapping=te
x-text;!
Missing character: There is no ─ (U+2500) in font [lmroman7-regular]:mapping=te
x-text;!
Missing character: There is no ─ (U+2500) in font [lmroman7-regular]:mapping=te
x-text;!
Missing character: There is no ─ (U+2500) in font [lmroman7-regular]:mapping=te
x-text;!
Missing character: There is no ─ (U+2500) in font [lmroman7-regular]:mapping=te
x-text;!
Missing character: There is no ─ (U+2500) in font [lmroman7-regular]:mapping=te
x-text;!
Missing character: There is no ─ (U+2500) in font [lmroman7-regular]:mapping=te
x-text;!
Missing character: There is no ─ (U+2500) in font [lmroman7-regular]:mapping=te
x-text;!
Missing character: There is no ─ (U+2500) in font [lmroman7-regular]:mapping=te
x-text;!
Missing character: There is no ─ (U+2500) in font [lmroman7-regular]:mapping=te
x-text;!
Missing character: There is no ─ (U+2500) in font [lmroman7-regular]:mapping=te
x-text;!
Missing character: There is no ─ (U+2500) in font [lmroman7-regular]:mapping=te
x-text;!
Missing character: There is no ─ (U+2500) in font [lmroman7-regular]:mapping=te
x-text;!
Missing character: There is no ─ (U+2500) in font [lmroman7-regular]:mapping=te
x-text;!
Missing character: There is no ─ (U+2500) in font [lmroman7-regular]:mapping=te
x-text;!
Missing character: There is no ─ (U+2500) in font [lmroman7-regular]:mapping=te
x-text;!
Missing character: There is no ─ (U+2500) in font [lmroman7-regular]:mapping=te
x-text;!
Missing character: There is no ─ (U+2500) in font [lmroman7-regular]:mapping=te
x-text;!
Missing character: There is no ─ (U+2500) in font [lmroman7-regular]:mapping=te
x-text;!
Missing character: There is no ─ (U+2500) in font [lmroman7-regular]:mapping=te
x-text;!
Missing character: There is no ─ (U+2500) in font [lmroman7-regular]:mapping=te
x-text;!
Missing character: There is no ─ (U+2500) in font [lmroman7-regular]:mapping=te
x-text;!
Missing character: There is no ─ (U+2500) in font [lmroman7-regular]:mapping=te
x-text;!
Missing character: There is no ─ (U+2500) in font [lmroman7-regular]:mapping=te
x-text;!
Missing character: There is no ─ (U+2500) in font [lmroman7-regular]:mapping=te
x-text;!
Missing character: There is no ─ (U+2500) in font [lmroman7-regular]:mapping=te
x-text;!
Missing character: There is no ─ (U+2500) in font [lmroman7-regular]:mapping=te
x-text;!
Missing character: There is no ─ (U+2500) in font [lmroman7-regular]:mapping=te
x-text;!
Missing character: There is no ─ (U+2500) in font [lmroman7-regular]:mapping=te
x-text;!
Missing character: There is no ─ (U+2500) in font [lmroman7-regular]:mapping=te
x-text;!
Missing character: There is no ─ (U+2500) in font [lmroman7-regular]:mapping=te
x-text;!
Missing character: There is no ─ (U+2500) in font [lmroman7-regular]:mapping=te
x-text;!
Missing character: There is no ─ (U+2500) in font [lmroman7-regular]:mapping=te
x-text;!
Missing character: There is no ─ (U+2500) in font [lmroman7-regular]:mapping=te
x-text;!
Missing character: There is no ─ (U+2500) in font [lmroman7-regular]:mapping=te
x-text;!
Missing character: There is no ─ (U+2500) in font [lmroman7-regular]:mapping=te
x-text;!
Missing character: There is no ─ (U+2500) in font [lmroman7-regular]:mapping=te
x-text;!
Missing character: There is no ─ (U+2500) in font [lmroman7-regular]:mapping=te
x-text;!
Missing character: There is no ─ (U+2500) in font [lmroman7-regular]:mapping=te
x-text;!
Missing character: There is no ─ (U+2500) in font [lmroman7-regular]:mapping=te
x-text;!
Missing character: There is no ─ (U+2500) in font [lmroman7-regular]:mapping=te
x-text;!
Missing character: There is no ─ (U+2500) in font [lmroman7-regular]:mapping=te
x-text;!
Missing character: There is no ─ (U+2500) in font [lmroman7-regular]:mapping=te
x-text;!
Missing character: There is no ─ (U+2500) in font [lmroman7-regular]:mapping=te
x-text;!
Missing character: There is no ─ (U+2500) in font [lmroman7-regular]:mapping=te
x-text;!
Missing character: There is no ─ (U+2500) in font [lmroman7-regular]:mapping=te
x-text;!
Missing character: There is no ─ (U+2500) in font [lmroman7-regular]:mapping=te
x-text;!
Missing character: There is no ─ (U+2500) in font [lmroman7-regular]:mapping=te
x-text;!
Missing character: There is no ─ (U+2500) in font [lmroman7-regular]:mapping=te
x-text;!
Missing character: There is no ─ (U+2500) in font [lmroman7-regular]:mapping=te
x-text;!
Missing character: There is no ─ (U+2500) in font [lmroman7-regular]:mapping=te
x-text;!
Missing character: There is no ─ (U+2500) in font [lmroman7-regular]:mapping=te
x-text;!
Missing character: There is no ─ (U+2500) in font [lmroman7-regular]:mapping=te
x-text;!
Missing character: There is no ─ (U+2500) in font [lmroman7-regular]:mapping=te
x-text;!
Missing character: There is no ─ (U+2500) in font [lmroman7-regular]:mapping=te
x-text;!
Missing character: There is no ─ (U+2500) in font [lmroman7-regular]:mapping=te
x-text;!
Missing character: There is no ─ (U+2500) in font [lmroman7-regular]:mapping=te
x-text;!
Missing character: There is no ─ (U+2500) in font [lmroman7-regular]:mapping=te
x-text;!
Missing character: There is no ─ (U+2500) in font [lmroman7-regular]:mapping=te
x-text;!
Missing character: There is no ─ (U+2500) in font [lmroman7-regular]:mapping=te
x-text;!
Missing character: There is no ─ (U+2500) in font [lmroman7-regular]:mapping=te
x-text;!
Missing character: There is no ─ (U+2500) in font [lmroman7-regular]:mapping=te
x-text;!
Missing character: There is no ─ (U+2500) in font [lmroman7-regular]:mapping=te
x-text;!
Missing character: There is no ─ (U+2500) in font [lmroman7-regular]:mapping=te
x-text;!
Missing character: There is no ─ (U+2500) in font [lmroman7-regular]:mapping=te
x-text;!
Missing character: There is no ─ (U+2500) in font [lmroman7-regular]:mapping=te
x-text;!
Missing character: There is no ─ (U+2500) in font [lmroman7-regular]:mapping=te
x-text;!
Missing character: There is no ─ (U+2500) in font [lmroman7-regular]:mapping=te
x-text;!
Missing character: There is no ─ (U+2500) in font [lmroman7-regular]:mapping=te
x-text;!
Missing character: There is no ─ (U+2500) in font [lmroman7-regular]:mapping=te
x-text;!
Missing character: There is no ─ (U+2500) in font [lmroman7-regular]:mapping=te
x-text;!
Missing character: There is no ─ (U+2500) in font [lmroman7-regular]:mapping=te
x-text;!
Missing character: There is no ─ (U+2500) in font [lmroman7-regular]:mapping=te
x-text;!
Missing character: There is no ─ (U+2500) in font [lmroman7-regular]:mapping=te
x-text;!
Missing character: There is no ─ (U+2500) in font [lmroman7-regular]:mapping=te
x-text;!
Missing character: There is no ─ (U+2500) in font [lmroman7-regular]:mapping=te
x-text;!
Missing character: There is no ─ (U+2500) in font [lmroman7-regular]:mapping=te
x-text;!
Missing character: There is no ─ (U+2500) in font [lmroman7-regular]:mapping=te
x-text;!
Missing character: There is no ─ (U+2500) in font [lmroman7-regular]:mapping=te
x-text;!
Missing character: There is no ─ (U+2500) in font [lmroman7-regular]:mapping=te
x-text;!
Missing character: There is no ─ (U+2500) in font [lmroman7-regular]:mapping=te
x-text;!
Missing character: There is no ─ (U+2500) in font [lmroman7-regular]:mapping=te
x-text;!
Missing character: There is no ─ (U+2500) in font [lmroman7-regular]:mapping=te
x-text;!
Missing character: There is no ─ (U+2500) in font [lmroman7-regular]:mapping=te
x-text;!
Missing character: There is no ─ (U+2500) in font [lmroman7-regular]:mapping=te
x-text;!
Missing character: There is no ─ (U+2500) in font [lmroman7-regular]:mapping=te
x-text;!
Missing character: There is no ─ (U+2500) in font [lmroman7-regular]:mapping=te
x-text;!
Missing character: There is no ─ (U+2500) in font [lmroman7-regular]:mapping=te
x-text;!
Missing character: There is no ─ (U+2500) in font [lmroman7-regular]:mapping=te
x-text;!
Missing character: There is no ─ (U+2500) in font [lmroman7-regular]:mapping=te
x-text;!
Missing character: There is no ─ (U+2500) in font [lmroman7-regular]:mapping=te
x-text;!
Missing character: There is no ─ (U+2500) in font [lmroman7-regular]:mapping=te
x-text;!
Missing character: There is no ─ (U+2500) in font [lmroman7-regular]:mapping=te
x-text;!
Missing character: There is no ─ (U+2500) in font [lmroman7-regular]:mapping=te
x-text;!
Missing character: There is no ─ (U+2500) in font [lmroman7-regular]:mapping=te
x-text;!
Missing character: There is no ─ (U+2500) in font [lmroman7-regular]:mapping=te
x-text;!
Missing character: There is no ─ (U+2500) in font [lmroman7-regular]:mapping=te
x-text;!
Missing character: There is no ─ (U+2500) in font [lmroman7-regular]:mapping=te
x-text;!
Missing character: There is no ─ (U+2500) in font [lmroman7-regular]:mapping=te
x-text;!
Missing character: There is no ─ (U+2500) in font [lmroman7-regular]:mapping=te
x-text;!
Missing character: There is no ─ (U+2500) in font [lmroman7-regular]:mapping=te
x-text;!
Missing character: There is no ─ (U+2500) in font [lmroman7-regular]:mapping=te
x-text;!
Missing character: There is no ─ (U+2500) in font [lmroman7-regular]:mapping=te
x-text;!
Missing character: There is no ─ (U+2500) in font [lmroman7-regular]:mapping=te
x-text;!
Missing character: There is no ─ (U+2500) in font [lmroman7-regular]:mapping=te
x-text;!
Missing character: There is no ─ (U+2500) in font [lmroman7-regular]:mapping=te
x-text;!
Missing character: There is no ─ (U+2500) in font [lmroman7-regular]:mapping=te
x-text;!
Missing character: There is no ─ (U+2500) in font [lmroman7-regular]:mapping=te
x-text;!
Missing character: There is no ─ (U+2500) in font [lmroman7-regular]:mapping=te
x-text;!
Missing character: There is no ─ (U+2500) in font [lmroman7-regular]:mapping=te
x-text;!
Missing character: There is no ─ (U+2500) in font [lmroman7-regular]:mapping=te
x-text;!
Missing character: There is no ─ (U+2500) in font [lmroman7-regular]:mapping=te
x-text;!
Missing character: There is no ─ (U+2500) in font [lmroman7-regular]:mapping=te
x-text;!
Missing character: There is no ─ (U+2500) in font [lmroman7-regular]:mapping=te
x-text;!
Missing character: There is no ─ (U+2500) in font [lmroman7-regular]:mapping=te
x-text;!
Missing character: There is no ─ (U+2500) in font [lmroman7-regular]:mapping=te
x-text;!
Missing character: There is no ─ (U+2500) in font [lmroman7-regular]:mapping=te
x-text;!
Missing character: There is no ─ (U+2500) in font [lmroman7-regular]:mapping=te
x-text;!
Missing character: There is no ─ (U+2500) in font [lmroman7-regular]:mapping=te
x-text;!
Missing character: There is no ─ (U+2500) in font [lmroman7-regular]:mapping=te
x-text;!
Missing character: There is no ─ (U+2500) in font [lmroman7-regular]:mapping=te
x-text;!
Missing character: There is no ─ (U+2500) in font [lmroman7-regular]:mapping=te
x-text;!
Missing character: There is no ─ (U+2500) in font [lmroman7-regular]:mapping=te
x-text;!
Missing character: There is no ─ (U+2500) in font [lmroman7-regular]:mapping=te
x-text;!
Missing character: There is no ─ (U+2500) in font [lmroman7-regular]:mapping=te
x-text;!
Missing character: There is no ─ (U+2500) in font [lmroman7-regular]:mapping=te
x-text;!
Missing character: There is no ─ (U+2500) in font [lmroman7-regular]:mapping=te
x-text;!
Missing character: There is no ─ (U+2500) in font [lmroman7-regular]:mapping=te
x-text;!
Missing character: There is no ─ (U+2500) in font [lmroman7-regular]:mapping=te
x-text;!
Missing character: There is no ─ (U+2500) in font [lmroman7-regular]:mapping=te
x-text;!
Missing character: There is no ─ (U+2500) in font [lmroman7-regular]:mapping=te
x-text;!
Missing character: There is no ─ (U+2500) in font [lmroman7-regular]:mapping=te
x-text;!
Missing character: There is no ─ (U+2500) in font [lmroman7-regular]:mapping=te
x-text;!
Missing character: There is no ─ (U+2500) in font [lmroman7-regular]:mapping=te
x-text;!
Missing character: There is no ─ (U+2500) in font [lmroman7-regular]:mapping=te
x-text;!
Missing character: There is no ─ (U+2500) in font [lmroman7-regular]:mapping=te
x-text;!
Missing character: There is no ─ (U+2500) in font [lmroman7-regular]:mapping=te
x-text;!
Missing character: There is no ─ (U+2500) in font [lmroman7-regular]:mapping=te
x-text;!
Missing character: There is no ─ (U+2500) in font [lmroman7-regular]:mapping=te
x-text;!
Missing character: There is no ─ (U+2500) in font [lmroman7-regular]:mapping=te
x-text;!
Missing character: There is no ─ (U+2500) in font [lmroman7-regular]:mapping=te
x-text;!
Missing character: There is no ─ (U+2500) in font [lmroman7-regular]:mapping=te
x-text;!
Missing character: There is no ─ (U+2500) in font [lmroman7-regular]:mapping=te
x-text;!
Missing character: There is no ─ (U+2500) in font [lmroman7-regular]:mapping=te
x-text;!
Missing character: There is no ─ (U+2500) in font [lmroman7-regular]:mapping=te
x-text;!
Missing character: There is no ─ (U+2500) in font [lmroman7-regular]:mapping=te
x-text;!
Missing character: There is no ─ (U+2500) in font [lmroman7-regular]:mapping=te
x-text;!
Missing character: There is no ─ (U+2500) in font [lmroman7-regular]:mapping=te
x-text;!
Missing character: There is no ─ (U+2500) in font [lmroman7-regular]:mapping=te
x-text;!
Missing character: There is no ─ (U+2500) in font [lmroman7-regular]:mapping=te
x-text;!
Missing character: There is no ─ (U+2500) in font [lmroman7-regular]:mapping=te
x-text;!
Missing character: There is no ─ (U+2500) in font [lmroman7-regular]:mapping=te
x-text;!
Missing character: There is no ─ (U+2500) in font [lmroman7-regular]:mapping=te
x-text;!
Missing character: There is no ─ (U+2500) in font [lmroman7-regular]:mapping=te
x-text;!
Missing character: There is no ─ (U+2500) in font [lmroman7-regular]:mapping=te
x-text;!
Missing character: There is no ─ (U+2500) in font [lmroman7-regular]:mapping=te
x-text;!
Missing character: There is no ─ (U+2500) in font [lmroman7-regular]:mapping=te
x-text;!
Missing character: There is no ─ (U+2500) in font [lmroman7-regular]:mapping=te
x-text;!
Missing character: There is no ─ (U+2500) in font [lmroman7-regular]:mapping=te
x-text;!
Missing character: There is no ─ (U+2500) in font [lmroman7-regular]:mapping=te
x-text;!
Missing character: There is no ─ (U+2500) in font [lmroman7-regular]:mapping=te
x-text;!
Missing character: There is no ─ (U+2500) in font [lmroman7-regular]:mapping=te
x-text;!
Missing character: There is no ─ (U+2500) in font [lmroman7-regular]:mapping=te
x-text;!
Missing character: There is no ─ (U+2500) in font [lmroman7-regular]:mapping=te
x-text;!
Missing character: There is no ─ (U+2500) in font [lmroman7-regular]:mapping=te
x-text;!
Missing character: There is no ─ (U+2500) in font [lmroman7-regular]:mapping=te
x-text;!
Missing character: There is no ─ (U+2500) in font [lmroman7-regular]:mapping=te
x-text;!
Missing character: There is no ─ (U+2500) in font [lmroman7-regular]:mapping=te
x-text;!
Missing character: There is no ─ (U+2500) in font [lmroman7-regular]:mapping=te
x-text;!
Missing character: There is no ─ (U+2500) in font [lmroman7-regular]:mapping=te
x-text;!
Missing character: There is no ─ (U+2500) in font [lmroman7-regular]:mapping=te
x-text;!
Missing character: There is no ─ (U+2500) in font [lmroman7-regular]:mapping=te
x-text;!
Missing character: There is no ─ (U+2500) in font [lmroman7-regular]:mapping=te
x-text;!
Missing character: There is no ─ (U+2500) in font [lmroman7-regular]:mapping=te
x-text;!
Missing character: There is no ─ (U+2500) in font [lmroman7-regular]:mapping=te
x-text;!
Missing character: There is no ─ (U+2500) in font [lmroman7-regular]:mapping=te
x-text;!
Missing character: There is no ─ (U+2500) in font [lmroman7-regular]:mapping=te
x-text;!
Missing character: There is no ─ (U+2500) in font [lmroman7-regular]:mapping=te
x-text;!
Missing character: There is no ─ (U+2500) in font [lmroman7-regular]:mapping=te
x-text;!
Missing character: There is no ─ (U+2500) in font [lmroman7-regular]:mapping=te
x-text;!
Missing character: There is no ─ (U+2500) in font [lmroman7-regular]:mapping=te
x-text;!
Missing character: There is no ─ (U+2500) in font [lmroman7-regular]:mapping=te
x-text;!
Missing character: There is no ─ (U+2500) in font [lmroman7-regular]:mapping=te
x-text;!
Missing character: There is no ─ (U+2500) in font [lmroman7-regular]:mapping=te
x-text;!
Missing character: There is no ─ (U+2500) in font [lmroman7-regular]:mapping=te
x-text;!
Missing character: There is no ─ (U+2500) in font [lmroman7-regular]:mapping=te
x-text;!
Missing character: There is no ─ (U+2500) in font [lmroman7-regular]:mapping=te
x-text;!
Missing character: There is no ─ (U+2500) in font [lmroman7-regular]:mapping=te
x-text;!
Missing character: There is no ─ (U+2500) in font [lmroman7-regular]:mapping=te
x-text;!
Missing character: There is no ─ (U+2500) in font [lmroman7-regular]:mapping=te
x-text;!
Missing character: There is no ─ (U+2500) in font [lmroman7-regular]:mapping=te
x-text;!
Missing character: There is no ─ (U+2500) in font [lmroman7-regular]:mapping=te
x-text;!
Missing character: There is no ─ (U+2500) in font [lmroman7-regular]:mapping=te
x-text;!
Missing character: There is no ─ (U+2500) in font [lmroman7-regular]:mapping=te
x-text;!
Missing character: There is no ─ (U+2500) in font [lmroman7-regular]:mapping=te
x-text;!
Missing character: There is no ─ (U+2500) in font [lmroman7-regular]:mapping=te
x-text;!
Missing character: There is no ─ (U+2500) in font [lmroman7-regular]:mapping=te
x-text;!
Missing character: There is no ─ (U+2500) in font [lmroman7-regular]:mapping=te
x-text;!
Missing character: There is no ─ (U+2500) in font [lmroman7-regular]:mapping=te
x-text;!
Missing character: There is no ─ (U+2500) in font [lmroman7-regular]:mapping=te
x-text;!
Missing character: There is no ─ (U+2500) in font [lmroman7-regular]:mapping=te
x-text;!
Missing character: There is no ─ (U+2500) in font [lmroman7-regular]:mapping=te
x-text;!
Missing character: There is no ─ (U+2500) in font [lmroman7-regular]:mapping=te
x-text;!
Missing character: There is no ─ (U+2500) in font [lmroman7-regular]:mapping=te
x-text;!
Missing character: There is no ─ (U+2500) in font [lmroman7-regular]:mapping=te
x-text;!
Missing character: There is no ─ (U+2500) in font [lmroman7-regular]:mapping=te
x-text;!
Missing character: There is no ─ (U+2500) in font [lmroman7-regular]:mapping=te
x-text;!
Missing character: There is no ─ (U+2500) in font [lmroman7-regular]:mapping=te
x-text;!
Missing character: There is no ─ (U+2500) in font [lmroman7-regular]:mapping=te
x-text;!
Missing character: There is no ─ (U+2500) in font [lmroman7-regular]:mapping=te
x-text;!
Missing character: There is no ─ (U+2500) in font [lmroman7-regular]:mapping=te
x-text;!
Missing character: There is no ─ (U+2500) in font [lmroman7-regular]:mapping=te
x-text;!
Missing character: There is no ─ (U+2500) in font [lmroman7-regular]:mapping=te
x-text;!
Missing character: There is no ─ (U+2500) in font [lmroman7-regular]:mapping=te
x-text;!
Missing character: There is no ─ (U+2500) in font [lmroman7-regular]:mapping=te
x-text;!
Missing character: There is no ─ (U+2500) in font [lmroman7-regular]:mapping=te
x-text;!
Missing character: There is no ─ (U+2500) in font [lmroman7-regular]:mapping=te
x-text;!
Missing character: There is no ─ (U+2500) in font [lmroman7-regular]:mapping=te
x-text;!
Missing character: There is no ─ (U+2500) in font [lmroman7-regular]:mapping=te
x-text;!
Missing character: There is no ─ (U+2500) in font [lmroman7-regular]:mapping=te
x-text;!
Missing character: There is no ─ (U+2500) in font [lmroman7-regular]:mapping=te
x-text;!
Missing character: There is no ─ (U+2500) in font [lmroman7-regular]:mapping=te
x-text;!
Missing character: There is no ─ (U+2500) in font [lmroman7-regular]:mapping=te
x-text;!
Missing character: There is no ─ (U+2500) in font [lmroman7-regular]:mapping=te
x-text;!
Missing character: There is no ─ (U+2500) in font [lmroman7-regular]:mapping=te
x-text;!
Missing character: There is no ─ (U+2500) in font [lmroman7-regular]:mapping=te
x-text;!
Missing character: There is no ─ (U+2500) in font [lmroman7-regular]:mapping=te
x-text;!
Missing character: There is no ─ (U+2500) in font [lmroman7-regular]:mapping=te
x-text;!
Missing character: There is no ─ (U+2500) in font [lmroman7-regular]:mapping=te
x-text;!
Missing character: There is no ─ (U+2500) in font [lmroman7-regular]:mapping=te
x-text;!
Missing character: There is no ─ (U+2500) in font [lmroman7-regular]:mapping=te
x-text;!
Missing character: There is no ─ (U+2500) in font [lmroman7-regular]:mapping=te
x-text;!
Missing character: There is no ─ (U+2500) in font [lmroman7-regular]:mapping=te
x-text;!
Missing character: There is no ─ (U+2500) in font [lmroman7-regular]:mapping=te
x-text;!
Missing character: There is no ─ (U+2500) in font [lmroman7-regular]:mapping=te
x-text;!
Missing character: There is no ─ (U+2500) in font [lmroman7-regular]:mapping=te
x-text;!
Missing character: There is no ─ (U+2500) in font [lmroman7-regular]:mapping=te
x-text;!
Missing character: There is no ─ (U+2500) in font [lmroman7-regular]:mapping=te
x-text;!
Missing character: There is no ─ (U+2500) in font [lmroman7-regular]:mapping=te
x-text;!
Missing character: There is no ─ (U+2500) in font [lmroman7-regular]:mapping=te
x-text;!
Missing character: There is no ─ (U+2500) in font [lmroman7-regular]:mapping=te
x-text;!
Missing character: There is no ─ (U+2500) in font [lmroman7-regular]:mapping=te
x-text;!
Missing character: There is no ─ (U+2500) in font [lmroman7-regular]:mapping=te
x-text;!
Missing character: There is no ─ (U+2500) in font [lmroman7-regular]:mapping=te
x-text;!
Missing character: There is no ─ (U+2500) in font [lmroman7-regular]:mapping=te
x-text;!
Missing character: There is no ─ (U+2500) in font [lmroman7-regular]:mapping=te
x-text;!
Missing character: There is no ─ (U+2500) in font [lmroman7-regular]:mapping=te
x-text;!
Missing character: There is no ─ (U+2500) in font [lmroman7-regular]:mapping=te
x-text;!
Missing character: There is no ─ (U+2500) in font [lmroman7-regular]:mapping=te
x-text;!
Missing character: There is no ─ (U+2500) in font [lmroman7-regular]:mapping=te
x-text;!
Missing character: There is no ─ (U+2500) in font [lmroman7-regular]:mapping=te
x-text;!
Missing character: There is no ─ (U+2500) in font [lmroman7-regular]:mapping=te
x-text;!
Missing character: There is no ─ (U+2500) in font [lmroman7-regular]:mapping=te
x-text;!
Missing character: There is no ─ (U+2500) in font [lmroman7-regular]:mapping=te
x-text;!
Missing character: There is no ─ (U+2500) in font [lmroman7-regular]:mapping=te
x-text;!
Missing character: There is no ─ (U+2500) in font [lmroman7-regular]:mapping=te
x-text;!
Missing character: There is no ─ (U+2500) in font [lmroman7-regular]:mapping=te
x-text;!
Missing character: There is no ─ (U+2500) in font [lmroman7-regular]:mapping=te
x-text;!
Missing character: There is no ─ (U+2500) in font [lmroman7-regular]:mapping=te
x-text;!
Missing character: There is no ─ (U+2500) in font [lmroman7-regular]:mapping=te
x-text;!
Missing character: There is no ─ (U+2500) in font [lmroman7-regular]:mapping=te
x-text;!
Missing character: There is no ─ (U+2500) in font [lmroman7-regular]:mapping=te
x-text;!
Missing character: There is no ─ (U+2500) in font [lmroman7-regular]:mapping=te
x-text;!
Missing character: There is no ─ (U+2500) in font [lmroman7-regular]:mapping=te
x-text;!
Missing character: There is no ─ (U+2500) in font [lmroman7-regular]:mapping=te
x-text;!
Missing character: There is no ─ (U+2500) in font [lmroman7-regular]:mapping=te
x-text;!
Missing character: There is no ─ (U+2500) in font [lmroman7-regular]:mapping=te
x-text;!
Missing character: There is no ─ (U+2500) in font [lmroman7-regular]:mapping=te
x-text;!
Missing character: There is no ─ (U+2500) in font [lmroman7-regular]:mapping=te
x-text;!
Missing character: There is no ─ (U+2500) in font [lmroman7-regular]:mapping=te
x-text;!
Missing character: There is no ─ (U+2500) in font [lmroman7-regular]:mapping=te
x-text;!
Missing character: There is no ─ (U+2500) in font [lmroman7-regular]:mapping=te
x-text;!
Missing character: There is no ─ (U+2500) in font [lmroman7-regular]:mapping=te
x-text;!
Missing character: There is no ─ (U+2500) in font [lmroman7-regular]:mapping=te
x-text;!
Missing character: There is no ─ (U+2500) in font [lmroman7-regular]:mapping=te
x-text;!
Missing character: There is no ─ (U+2500) in font [lmroman7-regular]:mapping=te
x-text;!
Missing character: There is no ─ (U+2500) in font [lmroman7-regular]:mapping=te
x-text;!
Missing character: There is no ─ (U+2500) in font [lmroman7-regular]:mapping=te
x-text;!
Missing character: There is no ─ (U+2500) in font [lmroman7-regular]:mapping=te
x-text;!
Missing character: There is no ─ (U+2500) in font [lmroman7-regular]:mapping=te
x-text;!
Missing character: There is no ─ (U+2500) in font [lmroman7-regular]:mapping=te
x-text;!
Missing character: There is no ─ (U+2500) in font [lmroman7-regular]:mapping=te
x-text;!
Missing character: There is no ─ (U+2500) in font [lmroman7-regular]:mapping=te
x-text;!
Missing character: There is no ─ (U+2500) in font [lmroman7-regular]:mapping=te
x-text;!
Missing character: There is no ─ (U+2500) in font [lmroman7-regular]:mapping=te
x-text;!
Missing character: There is no ─ (U+2500) in font [lmroman7-regular]:mapping=te
x-text;!
Missing character: There is no ─ (U+2500) in font [lmroman7-regular]:mapping=te
x-text;!

LaTeX Font Warning: Font shape `TU/phv/b/n' undefined
(Font)              using `TU/phv/bx/n' instead on input line 319.


LaTeX Font Warning: Font shape `TU/phv/b/n' undefined
(Font)              using `TU/phv/bx/n' instead on input line 319.


LaTeX Font Warning: Font shape `TU/phv/b/n' undefined
(Font)              using `TU/phv/bx/n' instead on input line 319.

[347]
Missing character: There is no ─ (U+2500) in font [lmroman7-regular]:mapping=te
x-text;!
Missing character: There is no ─ (U+2500) in font [lmroman7-regular]:mapping=te
x-text;!
Missing character: There is no ─ (U+2500) in font [lmroman7-regular]:mapping=te
x-text;!
Missing character: There is no ─ (U+2500) in font [lmroman7-regular]:mapping=te
x-text;!
Missing character: There is no ─ (U+2500) in font [lmroman7-regular]:mapping=te
x-text;!
Missing character: There is no ─ (U+2500) in font [lmroman7-regular]:mapping=te
x-text;!
Missing character: There is no ─ (U+2500) in font [lmroman7-regular]:mapping=te
x-text;!
Missing character: There is no ─ (U+2500) in font [lmroman7-regular]:mapping=te
x-text;!
Missing character: There is no ─ (U+2500) in font [lmroman7-regular]:mapping=te
x-text;!
Missing character: There is no ─ (U+2500) in font [lmroman7-regular]:mapping=te
x-text;!
Missing character: There is no ─ (U+2500) in font [lmroman7-regular]:mapping=te
x-text;!
Missing character: There is no ─ (U+2500) in font [lmroman7-regular]:mapping=te
x-text;!
Missing character: There is no ─ (U+2500) in font [lmroman7-regular]:mapping=te
x-text;!
Missing character: There is no ─ (U+2500) in font [lmroman7-regular]:mapping=te
x-text;!
Missing character: There is no ─ (U+2500) in font [lmroman7-regular]:mapping=te
x-text;!
Missing character: There is no ─ (U+2500) in font [lmroman7-regular]:mapping=te
x-text;!
Missing character: There is no ─ (U+2500) in font [lmroman7-regular]:mapping=te
x-text;!
Missing character: There is no ─ (U+2500) in font [lmroman7-regular]:mapping=te
x-text;!
Missing character: There is no ─ (U+2500) in font [lmroman7-regular]:mapping=te
x-text;!
Missing character: There is no ─ (U+2500) in font [lmroman7-regular]:mapping=te
x-text;!
Missing character: There is no ─ (U+2500) in font [lmroman7-regular]:mapping=te
x-text;!
Missing character: There is no ─ (U+2500) in font [lmroman7-regular]:mapping=te
x-text;!
Missing character: There is no ─ (U+2500) in font [lmroman7-regular]:mapping=te
x-text;!
Missing character: There is no ─ (U+2500) in font [lmroman7-regular]:mapping=te
x-text;!
Missing character: There is no ─ (U+2500) in font [lmroman7-regular]:mapping=te
x-text;!
Missing character: There is no ─ (U+2500) in font [lmroman7-regular]:mapping=te
x-text;!
Missing character: There is no ─ (U+2500) in font [lmroman7-regular]:mapping=te
x-text;!
Missing character: There is no ─ (U+2500) in font [lmroman7-regular]:mapping=te
x-text;!
Missing character: There is no ─ (U+2500) in font [lmroman7-regular]:mapping=te
x-text;!
Missing character: There is no ─ (U+2500) in font [lmroman7-regular]:mapping=te
x-text;!
Missing character: There is no ─ (U+2500) in font [lmroman7-regular]:mapping=te
x-text;!
Missing character: There is no ─ (U+2500) in font [lmroman7-regular]:mapping=te
x-text;!
Missing character: There is no ─ (U+2500) in font [lmroman7-regular]:mapping=te
x-text;!
Missing character: There is no ─ (U+2500) in font [lmroman7-regular]:mapping=te
x-text;!
Missing character: There is no ─ (U+2500) in font [lmroman7-regular]:mapping=te
x-text;!
Missing character: There is no ─ (U+2500) in font [lmroman7-regular]:mapping=te
x-text;!
Missing character: There is no ─ (U+2500) in font [lmroman7-regular]:mapping=te
x-text;!
Missing character: There is no ─ (U+2500) in font [lmroman7-regular]:mapping=te
x-text;!
Missing character: There is no ─ (U+2500) in font [lmroman7-regular]:mapping=te
x-text;!
Missing character: There is no ─ (U+2500) in font [lmroman7-regular]:mapping=te
x-text;!
Missing character: There is no ─ (U+2500) in font [lmroman7-regular]:mapping=te
x-text;!
Missing character: There is no ─ (U+2500) in font [lmroman7-regular]:mapping=te
x-text;!
Missing character: There is no ─ (U+2500) in font [lmroman7-regular]:mapping=te
x-text;!
Missing character: There is no ─ (U+2500) in font [lmroman7-regular]:mapping=te
x-text;!
Missing character: There is no ─ (U+2500) in font [lmroman7-regular]:mapping=te
x-text;!
Missing character: There is no ─ (U+2500) in font [lmroman7-regular]:mapping=te
x-text;!
Missing character: There is no ─ (U+2500) in font [lmroman7-regular]:mapping=te
x-text;!
Missing character: There is no ─ (U+2500) in font [lmroman7-regular]:mapping=te
x-text;!
Missing character: There is no ─ (U+2500) in font [lmroman7-regular]:mapping=te
x-text;!
Missing character: There is no ─ (U+2500) in font [lmroman7-regular]:mapping=te
x-text;!
Missing character: There is no ─ (U+2500) in font [lmroman7-regular]:mapping=te
x-text;!
Missing character: There is no ─ (U+2500) in font [lmroman7-regular]:mapping=te
x-text;!
Missing character: There is no ─ (U+2500) in font [lmroman7-regular]:mapping=te
x-text;!
Missing character: There is no ─ (U+2500) in font [lmroman7-regular]:mapping=te
x-text;!
Missing character: There is no ─ (U+2500) in font [lmroman7-regular]:mapping=te
x-text;!
Missing character: There is no ─ (U+2500) in font [lmroman7-regular]:mapping=te
x-text;!
Missing character: There is no ─ (U+2500) in font [lmroman7-regular]:mapping=te
x-text;!
Missing character: There is no ─ (U+2500) in font [lmroman7-regular]:mapping=te
x-text;!
Missing character: There is no ─ (U+2500) in font [lmroman7-regular]:mapping=te
x-text;!
Missing character: There is no ─ (U+2500) in font [lmroman7-regular]:mapping=te
x-text;!
Missing character: There is no ─ (U+2500) in font [lmroman7-regular]:mapping=te
x-text;!
Missing character: There is no ─ (U+2500) in font [lmroman7-regular]:mapping=te
x-text;!
Missing character: There is no ─ (U+2500) in font [lmroman7-regular]:mapping=te
x-text;!
Missing character: There is no ─ (U+2500) in font [lmroman7-regular]:mapping=te
x-text;!
Missing character: There is no ─ (U+2500) in font [lmroman7-regular]:mapping=te
x-text;!
Missing character: There is no ─ (U+2500) in font [lmroman7-regular]:mapping=te
x-text;!
Missing character: There is no ─ (U+2500) in font [lmroman7-regular]:mapping=te
x-text;!
Missing character: There is no ─ (U+2500) in font [lmroman7-regular]:mapping=te
x-text;!
Missing character: There is no ─ (U+2500) in font [lmroman7-regular]:mapping=te
x-text;!
Missing character: There is no ─ (U+2500) in font [lmroman7-regular]:mapping=te
x-text;!
Missing character: There is no ─ (U+2500) in font [lmroman7-regular]:mapping=te
x-text;!
Missing character: There is no ─ (U+2500) in font [lmroman7-regular]:mapping=te
x-text;!
Missing character: There is no ─ (U+2500) in font [lmroman7-regular]:mapping=te
x-text;!
Missing character: There is no ─ (U+2500) in font [lmroman7-regular]:mapping=te
x-text;!
Missing character: There is no ─ (U+2500) in font [lmroman7-regular]:mapping=te
x-text;!
Missing character: There is no ─ (U+2500) in font [lmroman7-regular]:mapping=te
x-text;!
Missing character: There is no ─ (U+2500) in font [lmroman7-regular]:mapping=te
x-text;!
Missing character: There is no ─ (U+2500) in font [lmroman7-regular]:mapping=te
x-text;!
Missing character: There is no ─ (U+2500) in font [lmroman7-regular]:mapping=te
x-text;!
Missing character: There is no ─ (U+2500) in font [lmroman7-regular]:mapping=te
x-text;!
Missing character: There is no ─ (U+2500) in font [lmroman7-regular]:mapping=te
x-text;!
Missing character: There is no ─ (U+2500) in font [lmroman7-regular]:mapping=te
x-text;!
Missing character: There is no ─ (U+2500) in font [lmroman7-regular]:mapping=te
x-text;!
Missing character: There is no ─ (U+2500) in font [lmroman7-regular]:mapping=te
x-text;!
Missing character: There is no ─ (U+2500) in font [lmroman7-regular]:mapping=te
x-text;!
Missing character: There is no ─ (U+2500) in font [lmroman7-regular]:mapping=te
x-text;!
Missing character: There is no ─ (U+2500) in font [lmroman7-regular]:mapping=te
x-text;!
Missing character: There is no ─ (U+2500) in font [lmroman7-regular]:mapping=te
x-text;!
Missing character: There is no ─ (U+2500) in font [lmroman7-regular]:mapping=te
x-text;!
Missing character: There is no ─ (U+2500) in font [lmroman7-regular]:mapping=te
x-text;!
Missing character: There is no ─ (U+2500) in font [lmroman7-regular]:mapping=te
x-text;!
Missing character: There is no ─ (U+2500) in font [lmroman7-regular]:mapping=te
x-text;!
Missing character: There is no ─ (U+2500) in font [lmroman7-regular]:mapping=te
x-text;!
Missing character: There is no ─ (U+2500) in font [lmroman7-regular]:mapping=te
x-text;!
Missing character: There is no ─ (U+2500) in font [lmroman7-regular]:mapping=te
x-text;!
Missing character: There is no ─ (U+2500) in font [lmroman7-regular]:mapping=te
x-text;!
Missing character: There is no ─ (U+2500) in font [lmroman7-regular]:mapping=te
x-text;!
Missing character: There is no ─ (U+2500) in font [lmroman7-regular]:mapping=te
x-text;!
Missing character: There is no ─ (U+2500) in font [lmroman7-regular]:mapping=te
x-text;!
Missing character: There is no ─ (U+2500) in font [lmroman7-regular]:mapping=te
x-text;!
Missing character: There is no ─ (U+2500) in font [lmroman7-regular]:mapping=te
x-text;!
Missing character: There is no ─ (U+2500) in font [lmroman7-regular]:mapping=te
x-text;!
Missing character: There is no ─ (U+2500) in font [lmroman7-regular]:mapping=te
x-text;!
Missing character: There is no ─ (U+2500) in font [lmroman7-regular]:mapping=te
x-text;!
Missing character: There is no ─ (U+2500) in font [lmroman7-regular]:mapping=te
x-text;!
Missing character: There is no ─ (U+2500) in font [lmroman7-regular]:mapping=te
x-text;!
Missing character: There is no ─ (U+2500) in font [lmroman7-regular]:mapping=te
x-text;!
Missing character: There is no ─ (U+2500) in font [lmroman7-regular]:mapping=te
x-text;!
Missing character: There is no ─ (U+2500) in font [lmroman7-regular]:mapping=te
x-text;!
Missing character: There is no ─ (U+2500) in font [lmroman7-regular]:mapping=te
x-text;!
Missing character: There is no ─ (U+2500) in font [lmroman7-regular]:mapping=te
x-text;!
Missing character: There is no ─ (U+2500) in font [lmroman7-regular]:mapping=te
x-text;!
Missing character: There is no ─ (U+2500) in font [lmroman7-regular]:mapping=te
x-text;!
Missing character: There is no ─ (U+2500) in font [lmroman7-regular]:mapping=te
x-text;!
Missing character: There is no ─ (U+2500) in font [lmroman7-regular]:mapping=te
x-text;!
Missing character: There is no ─ (U+2500) in font [lmroman7-regular]:mapping=te
x-text;!
Missing character: There is no ─ (U+2500) in font [lmroman7-regular]:mapping=te
x-text;!
Missing character: There is no ─ (U+2500) in font [lmroman7-regular]:mapping=te
x-text;!
Missing character: There is no ─ (U+2500) in font [lmroman7-regular]:mapping=te
x-text;!
Missing character: There is no ─ (U+2500) in font [lmroman7-regular]:mapping=te
x-text;!
Missing character: There is no ─ (U+2500) in font [lmroman7-regular]:mapping=te
x-text;!
Missing character: There is no ─ (U+2500) in font [lmroman7-regular]:mapping=te
x-text;!
Missing character: There is no ─ (U+2500) in font [lmroman7-regular]:mapping=te
x-text;!
Missing character: There is no ─ (U+2500) in font [lmroman7-regular]:mapping=te
x-text;!
Missing character: There is no ─ (U+2500) in font [lmroman7-regular]:mapping=te
x-text;!
Missing character: There is no ─ (U+2500) in font [lmroman7-regular]:mapping=te
x-text;!
Missing character: There is no ─ (U+2500) in font [lmroman7-regular]:mapping=te
x-text;!
Missing character: There is no ─ (U+2500) in font [lmroman7-regular]:mapping=te
x-text;!
Missing character: There is no ─ (U+2500) in font [lmroman7-regular]:mapping=te
x-text;!
Missing character: There is no ─ (U+2500) in font [lmroman7-regular]:mapping=te
x-text;!
Missing character: There is no ─ (U+2500) in font [lmroman7-regular]:mapping=te
x-text;!
Missing character: There is no ─ (U+2500) in font [lmroman7-regular]:mapping=te
x-text;!
Missing character: There is no ─ (U+2500) in font [lmroman7-regular]:mapping=te
x-text;!
Missing character: There is no ─ (U+2500) in font [lmroman7-regular]:mapping=te
x-text;!
Missing character: There is no ─ (U+2500) in font [lmroman7-regular]:mapping=te
x-text;!
Missing character: There is no ─ (U+2500) in font [lmroman7-regular]:mapping=te
x-text;!
Missing character: There is no ─ (U+2500) in font [lmroman7-regular]:mapping=te
x-text;!
Missing character: There is no ─ (U+2500) in font [lmroman7-regular]:mapping=te
x-text;!
Missing character: There is no ─ (U+2500) in font [lmroman7-regular]:mapping=te
x-text;!
Missing character: There is no ─ (U+2500) in font [lmroman7-regular]:mapping=te
x-text;!
Missing character: There is no ─ (U+2500) in font [lmroman7-regular]:mapping=te
x-text;!
Missing character: There is no ─ (U+2500) in font [lmroman7-regular]:mapping=te
x-text;!
Missing character: There is no ─ (U+2500) in font [lmroman7-regular]:mapping=te
x-text;!
Missing character: There is no ─ (U+2500) in font [lmroman7-regular]:mapping=te
x-text;!
Missing character: There is no ─ (U+2500) in font [lmroman7-regular]:mapping=te
x-text;!
Missing character: There is no ─ (U+2500) in font [lmroman7-regular]:mapping=te
x-text;!
Missing character: There is no ─ (U+2500) in font [lmroman7-regular]:mapping=te
x-text;!
Missing character: There is no ─ (U+2500) in font [lmroman7-regular]:mapping=te
x-text;!
Missing character: There is no ─ (U+2500) in font [lmroman7-regular]:mapping=te
x-text;!
Missing character: There is no ─ (U+2500) in font [lmroman7-regular]:mapping=te
x-text;!
Missing character: There is no ─ (U+2500) in font [lmroman7-regular]:mapping=te
x-text;!
Missing character: There is no ─ (U+2500) in font [lmroman7-regular]:mapping=te
x-text;!
Missing character: There is no ─ (U+2500) in font [lmroman7-regular]:mapping=te
x-text;!
Missing character: There is no ─ (U+2500) in font [lmroman7-regular]:mapping=te
x-text;!
Missing character: There is no ─ (U+2500) in font [lmroman7-regular]:mapping=te
x-text;!
Missing character: There is no ─ (U+2500) in font [lmroman7-regular]:mapping=te
x-text;!
Missing character: There is no ─ (U+2500) in font [lmroman7-regular]:mapping=te
x-text;!
Missing character: There is no ─ (U+2500) in font [lmroman7-regular]:mapping=te
x-text;!
Missing character: There is no ─ (U+2500) in font [lmroman7-regular]:mapping=te
x-text;!
Missing character: There is no ─ (U+2500) in font [lmroman7-regular]:mapping=te
x-text;!
Missing character: There is no ─ (U+2500) in font [lmroman7-regular]:mapping=te
x-text;!
Missing character: There is no ─ (U+2500) in font [lmroman7-regular]:mapping=te
x-text;!
Missing character: There is no ─ (U+2500) in font [lmroman7-regular]:mapping=te
x-text;!
Missing character: There is no ─ (U+2500) in font [lmroman7-regular]:mapping=te
x-text;!
Missing character: There is no ─ (U+2500) in font [lmroman7-regular]:mapping=te
x-text;!
Missing character: There is no ─ (U+2500) in font [lmroman7-regular]:mapping=te
x-text;!
Missing character: There is no ─ (U+2500) in font [lmroman7-regular]:mapping=te
x-text;!
Missing character: There is no ─ (U+2500) in font [lmroman7-regular]:mapping=te
x-text;!
Missing character: There is no ─ (U+2500) in font [lmroman7-regular]:mapping=te
x-text;!
Missing character: There is no ─ (U+2500) in font [lmroman7-regular]:mapping=te
x-text;!
Missing character: There is no ─ (U+2500) in font [lmroman7-regular]:mapping=te
x-text;!
Missing character: There is no ─ (U+2500) in font [lmroman7-regular]:mapping=te
x-text;!
Missing character: There is no ─ (U+2500) in font [lmroman7-regular]:mapping=te
x-text;!
Missing character: There is no ─ (U+2500) in font [lmroman7-regular]:mapping=te
x-text;!
Missing character: There is no ─ (U+2500) in font [lmroman7-regular]:mapping=te
x-text;!
Missing character: There is no ─ (U+2500) in font [lmroman7-regular]:mapping=te
x-text;!
Missing character: There is no ─ (U+2500) in font [lmroman7-regular]:mapping=te
x-text;!
Missing character: There is no ─ (U+2500) in font [lmroman7-regular]:mapping=te
x-text;!
Missing character: There is no ─ (U+2500) in font [lmroman7-regular]:mapping=te
x-text;!
Missing character: There is no ─ (U+2500) in font [lmroman7-regular]:mapping=te
x-text;!
Missing character: There is no ─ (U+2500) in font [lmroman7-regular]:mapping=te
x-text;!
Missing character: There is no ─ (U+2500) in font [lmroman7-regular]:mapping=te
x-text;!
Missing character: There is no ─ (U+2500) in font [lmroman7-regular]:mapping=te
x-text;!
Missing character: There is no ─ (U+2500) in font [lmroman7-regular]:mapping=te
x-text;!
Missing character: There is no ─ (U+2500) in font [lmroman7-regular]:mapping=te
x-text;!
Missing character: There is no ─ (U+2500) in font [lmroman7-regular]:mapping=te
x-text;!
Missing character: There is no ─ (U+2500) in font [lmroman7-regular]:mapping=te
x-text;!
Missing character: There is no ─ (U+2500) in font [lmroman7-regular]:mapping=te
x-text;!
Missing character: There is no ─ (U+2500) in font [lmroman7-regular]:mapping=te
x-text;!
Missing character: There is no ─ (U+2500) in font [lmroman7-regular]:mapping=te
x-text;!
Missing character: There is no ─ (U+2500) in font [lmroman7-regular]:mapping=te
x-text;!
Missing character: There is no ─ (U+2500) in font [lmroman7-regular]:mapping=te
x-text;!
Missing character: There is no ─ (U+2500) in font [lmroman7-regular]:mapping=te
x-text;!
Missing character: There is no ─ (U+2500) in font [lmroman7-regular]:mapping=te
x-text;!
Missing character: There is no ─ (U+2500) in font [lmroman7-regular]:mapping=te
x-text;!
Missing character: There is no ─ (U+2500) in font [lmroman7-regular]:mapping=te
x-text;!
Missing character: There is no ─ (U+2500) in font [lmroman7-regular]:mapping=te
x-text;!
Missing character: There is no ─ (U+2500) in font [lmroman7-regular]:mapping=te
x-text;!
Missing character: There is no ─ (U+2500) in font [lmroman7-regular]:mapping=te
x-text;!
Missing character: There is no ─ (U+2500) in font [lmroman7-regular]:mapping=te
x-text;!
Missing character: There is no ─ (U+2500) in font [lmroman7-regular]:mapping=te
x-text;!
Missing character: There is no ─ (U+2500) in font [lmroman7-regular]:mapping=te
x-text;!
Missing character: There is no ─ (U+2500) in font [lmroman7-regular]:mapping=te
x-text;!
Missing character: There is no ─ (U+2500) in font [lmroman7-regular]:mapping=te
x-text;!
Missing character: There is no ─ (U+2500) in font [lmroman7-regular]:mapping=te
x-text;!
Missing character: There is no ─ (U+2500) in font [lmroman7-regular]:mapping=te
x-text;!
Missing character: There is no ─ (U+2500) in font [lmroman7-regular]:mapping=te
x-text;!
Missing character: There is no ─ (U+2500) in font [lmroman7-regular]:mapping=te
x-text;!
Missing character: There is no ─ (U+2500) in font [lmroman7-regular]:mapping=te
x-text;!
Missing character: There is no ─ (U+2500) in font [lmroman7-regular]:mapping=te
x-text;!
Missing character: There is no ─ (U+2500) in font [lmroman7-regular]:mapping=te
x-text;!
Missing character: There is no ─ (U+2500) in font [lmroman7-regular]:mapping=te
x-text;!
Missing character: There is no ─ (U+2500) in font [lmroman7-regular]:mapping=te
x-text;!
Missing character: There is no ─ (U+2500) in font [lmroman7-regular]:mapping=te
x-text;!
Missing character: There is no ─ (U+2500) in font [lmroman7-regular]:mapping=te
x-text;!
Missing character: There is no ─ (U+2500) in font [lmroman7-regular]:mapping=te
x-text;!
Missing character: There is no ─ (U+2500) in font [lmroman7-regular]:mapping=te
x-text;!
Missing character: There is no ─ (U+2500) in font [lmroman7-regular]:mapping=te
x-text;!
Missing character: There is no ─ (U+2500) in font [lmroman7-regular]:mapping=te
x-text;!
Missing character: There is no ─ (U+2500) in font [lmroman7-regular]:mapping=te
x-text;!

LaTeX Font Warning: Font shape `TU/phv/b/n' undefined
(Font)              using `TU/phv/bx/n' instead on input line 406.


LaTeX Font Warning: Font shape `TU/phv/b/n' undefined
(Font)              using `TU/phv/bx/n' instead on input line 406.


LaTeX Font Warning: Font shape `TU/phv/b/n' undefined
(Font)              using `TU/phv/bx/n' instead on input line 406.

[348]) (./view__data_8py.tex

LaTeX Font Warning: Font shape `TU/phv/b/n' undefined
(Font)              using `TU/phv/bx/n' instead on input line 1.


LaTeX Font Warning: Font shape `TU/phv/b/n' undefined
(Font)              using `TU/phv/bx/n' instead on input line 3.


LaTeX Font Warning: Font shape `TU/phv/b/n' undefined
(Font)              using `TU/phv/bx/n' instead on input line 8.


LaTeX Font Warning: Font shape `TU/phv/b/n' undefined
(Font)              using `TU/phv/bx/n' instead on input line 19.

) (./view__data_8py_source.tex

LaTeX Font Warning: Font shape `TU/phv/b/n' undefined
(Font)              using `TU/phv/bx/n' instead on input line 1.


LaTeX Font Warning: Font shape `TU/phv/b/n' undefined
(Font)              using `TU/phv/bx/n' instead on input line 44.


LaTeX Font Warning: Font shape `TU/phv/b/n' undefined
(Font)              using `TU/phv/bx/n' instead on input line 44.


LaTeX Font Warning: Font shape `TU/phv/b/n' undefined
(Font)              using `TU/phv/bx/n' instead on input line 44.

[349])

LaTeX Font Warning: Font shape `TU/phv/b/n' undefined
(Font)              using `TU/phv/bx/n' instead on input line 497.


LaTeX Font Warning: Font shape `TU/phv/b/n' undefined
(Font)              using `TU/phv/bx/n' instead on input line 497.


LaTeX Font Warning: Font shape `TU/phv/b/n' undefined
(Font)              using `TU/phv/bx/n' instead on input line 497.

[350] (./refman.ind

LaTeX Font Warning: Font shape `TU/phv/b/n' undefined
(Font)              using `TU/phv/bx/n' instead on input line 1.


Underfull \hbox (badness 10000) in paragraph at lines 70--72
[]\TU/pcr/m/n/10 app/app/src/main/java/com/example Directory
 []


Underfull \hbox (badness 1448) in paragraph at lines 72--74
[]\TU/pcr/m/n/10 app/app/src/main/java/com/example/myapp Di-
 []


Overfull \hbox (21.16794pt too wide) in paragraph at lines 74--76
[]\TU/pcr/m/n/10 app/app/src/main/java/com/example/myapp/adapters
 []


Overfull \hbox (111.06795pt too wide) in paragraph at lines 76--78
[]\TU/pcr/m/n/10 app/app/src/main/java/com/example/myapp/adapters/AddressAdapte
r.kt,
 []


Overfull \hbox (134.08794pt too wide) in paragraph at lines 78--80
[]\TU/pcr/m/n/10 app/app/src/main/java/com/example/myapp/adapters/ChatMessageAd
apter.kt,
 []


Overfull \hbox (96.90794pt too wide) in paragraph at lines 80--82
[]\TU/pcr/m/n/10 app/app/src/main/java/com/example/myapp/adapters/FAQAdapter.kt
,
 []


Overfull \hbox (121.20793pt too wide) in paragraph at lines 82--84
[]\TU/pcr/m/n/10 app/app/src/main/java/com/example/myapp/adapters/MenuItemAdapt
er.kt,
 []


Overfull \hbox (145.65794pt too wide) in paragraph at lines 84--86
[]\TU/pcr/m/n/10 app/app/src/main/java/com/example/myapp/adapters/MenuItemAdapt
erSmall.kt,
 []


Overfull \hbox (167.64793pt too wide) in paragraph at lines 86--88
[]\TU/pcr/m/n/10 app/app/src/main/java/com/example/myapp/adapters/MyFirebaseMes
sagingService.kt,
 []


Overfull \hbox (127.88795pt too wide) in paragraph at lines 88--90
[]\TU/pcr/m/n/10 app/app/src/main/java/com/example/myapp/adapters/NotificationA
dapter.kt,
 []


Overfull \hbox (124.76796pt too wide) in paragraph at lines 90--92
[]\TU/pcr/m/n/10 app/app/src/main/java/com/example/myapp/adapters/RestaurantAda
pter.kt,
 []


Underfull \hbox (badness 10000) in paragraph at lines 92--94
[]\TU/pcr/m/n/10 app/app/src/main/java/com/example/myapp/api
 []


Overfull \hbox (63.62794pt too wide) in paragraph at lines 94--96
[]\TU/pcr/m/n/10 app/app/src/main/java/com/example/myapp/api/ApiService.kt,
 []


Overfull \hbox (102.03795pt too wide) in paragraph at lines 96--98
[]\TU/pcr/m/n/10 app/app/src/main/java/com/example/myapp/api/FcmTokenRegistrar.
kt,
 []


Overfull \hbox (81.95793pt too wide) in paragraph at lines 98--100
[]\TU/pcr/m/n/10 app/app/src/main/java/com/example/myapp/api/NetworkConfig.kt,
 []


Overfull \hbox (77.37794pt too wide) in paragraph at lines 100--102
[]\TU/pcr/m/n/10 app/app/src/main/java/com/example/myapp/api/RetrofitClient.kt,

 []


Overfull \hbox (92.07796pt too wide) in paragraph at lines 104--106
[]\TU/pcr/m/n/10 app/app/src/main/java/com/example/myapp/screens/activity_cart.
kt,
 []


LaTeX Font Warning: Font shape `TU/phv/b/n' undefined
(Font)              using `TU/phv/bx/n' instead on input line 106.

[351



]
Overfull \hbox (134.48793pt too wide) in paragraph at lines 106--108
[]\TU/pcr/m/n/10 app/app/src/main/java/com/example/myapp/screens/add_shipping_a
ddress.kt,
 []


Overfull \hbox (51.51796pt too wide) in paragraph at lines 108--110
[]\TU/pcr/m/n/10 app/app/src/main/java/com/example/myapp/screens/cart.kt,
 []


Overfull \hbox (110.15794pt too wide) in paragraph at lines 110--112
[]\TU/pcr/m/n/10 app/app/src/main/java/com/example/myapp/screens/CartItemAdapte
r.kt,
 []


Overfull \hbox (67.60796pt too wide) in paragraph at lines 112--114
[]\TU/pcr/m/n/10 app/app/src/main/java/com/example/myapp/screens/chatbot.kt,
 []


Overfull \hbox (114.99794pt too wide) in paragraph at lines 114--116
[]\TU/pcr/m/n/10 app/app/src/main/java/com/example/myapp/screens/customer_suppo
rt.kt,
 []


Overfull \hbox (139.41795pt too wide) in paragraph at lines 116--118
[]\TU/pcr/m/n/10 app/app/src/main/java/com/example/myapp/screens/delivered_orde
r_details.kt,
 []


Overfull \hbox (99.92793pt too wide) in paragraph at lines 118--120
[]\TU/pcr/m/n/10 app/app/src/main/java/com/example/myapp/screens/detail_support
.kt,
 []


Overfull \hbox (69.37794pt too wide) in paragraph at lines 120--122
[]\TU/pcr/m/n/10 app/app/src/main/java/com/example/myapp/screens/discouts.kt,
 []


Overfull \hbox (135.03795pt too wide) in paragraph at lines 122--124
[]\TU/pcr/m/n/10 app/app/src/main/java/com/example/myapp/screens/edit_shipping_
address.kt,
 []


Overfull \hbox (85.39793pt too wide) in paragraph at lines 124--126
[]\TU/pcr/m/n/10 app/app/src/main/java/com/example/myapp/screens/food_detail.kt
,
 []


Overfull \hbox (57.59795pt too wide) in paragraph at lines 126--128
[]\TU/pcr/m/n/10 app/app/src/main/java/com/example/myapp/screens/home.kt,
 []


Overfull \hbox (99.99794pt too wide) in paragraph at lines 128--130
[]\TU/pcr/m/n/10 app/app/src/main/java/com/example/myapp/screens/list_restauran
t.kt,
 []


Overfull \hbox (83.72795pt too wide) in paragraph at lines 130--132
[]\TU/pcr/m/n/10 app/app/src/main/java/com/example/myapp/screens/notification.k
t,
 []


Overfull \hbox (57.10796pt too wide) in paragraph at lines 132--134
[]\TU/pcr/m/n/10 app/app/src/main/java/com/example/myapp/screens/order.kt,
 []


Overfull \hbox (94.14793pt too wide) in paragraph at lines 134--136
[]\TU/pcr/m/n/10 app/app/src/main/java/com/example/myapp/screens/order_history.
kt,
 []


Overfull \hbox (97.97795pt too wide) in paragraph at lines 136--138
[]\TU/pcr/m/n/10 app/app/src/main/java/com/example/myapp/screens/OrderTracking.
kt,
 []


Overfull \hbox (124.50795pt too wide) in paragraph at lines 138--140
[]\TU/pcr/m/n/10 app/app/src/main/java/com/example/myapp/screens/OrderTrackingD
etail.kt,
 []


Overfull \hbox (116.26796pt too wide) in paragraph at lines 140--142
[]\TU/pcr/m/n/10 app/app/src/main/java/com/example/myapp/screens/payment_method
s.kt,
 []


Overfull \hbox (121.36794pt too wide) in paragraph at lines 142--144
[]\TU/pcr/m/n/10 app/app/src/main/java/com/example/myapp/screens/payment_succes
sful.kt,
 []


Overfull \hbox (88.21794pt too wide) in paragraph at lines 144--146
[]\TU/pcr/m/n/10 app/app/src/main/java/com/example/myapp/screens/PointsDetail.k
t,
 []


Overfull \hbox (78.52794pt too wide) in paragraph at lines 146--148
[]\TU/pcr/m/n/10 app/app/src/main/java/com/example/myapp/screens/pre_order.kt,
 []


Overfull \hbox (103.27794pt too wide) in paragraph at lines 148--150
[]\TU/pcr/m/n/10 app/app/src/main/java/com/example/myapp/screens/pre_order_cart
.kt,
 []


Overfull \hbox (61.52794pt too wide) in paragraph at lines 150--152
[]\TU/pcr/m/n/10 app/app/src/main/java/com/example/myapp/screens/profile.kt,
 []


Overfull \hbox (113.86794pt too wide) in paragraph at lines 152--154
[]\TU/pcr/m/n/10 app/app/src/main/java/com/example/myapp/screens/restaurant_pro
file.kt,
 []


Overfull \hbox (118.64793pt too wide) in paragraph at lines 154--156
[]\TU/pcr/m/n/10 app/app/src/main/java/com/example/myapp/screens/savedeliveryad
dress.kt,
 []


Overfull \hbox (57.12794pt too wide) in paragraph at lines 156--158
[]\TU/pcr/m/n/10 app/app/src/main/java/com/example/myapp/screens/share.kt,
 []


Overfull \hbox (109.46794pt too wide) in paragraph at lines 158--160
[]\TU/pcr/m/n/10 app/app/src/main/java/com/example/myapp/screens/share_restaura
nt.kt,
 []


Overfull \hbox (201.31795pt too wide) in paragraph at lines 160--162
[]\TU/pcr/m/n/10 app/app/src/main/java/com/example/myapp/screens/shipping_addre
ss_added_successfully.kt,
 []


Overfull \hbox (196.03795pt too wide) in paragraph at lines 162--164
[]\TU/pcr/m/n/10 app/app/src/main/java/com/example/myapp/screens/shipping_addre
ss_fixed_successfully.kt,
 []


Overfull \hbox (59.88795pt too wide) in paragraph at lines 164--166
[]\TU/pcr/m/n/10 app/app/src/main/java/com/example/myapp/screens/signin.kt,
 []


Overfull \hbox (62.38795pt too wide) in paragraph at lines 166--168
[]\TU/pcr/m/n/10 app/app/src/main/java/com/example/myapp/screens/signup.kt,
 []


Overfull \hbox (54.90794pt too wide) in paragraph at lines 168--170
[]\TU/pcr/m/n/10 app/app/src/main/java/com/example/myapp/screens/start.kt,
 []


Overfull \hbox (100.24794pt too wide) in paragraph at lines 170--172
[]\TU/pcr/m/n/10 app/app/src/main/java/com/example/myapp/screens/VNPayActivity.
kt,
 []


LaTeX Font Warning: Font shape `TU/phv/b/n' undefined
(Font)              using `TU/phv/bx/n' instead on input line 221.


LaTeX Font Warning: Font shape `TU/phv/b/n' undefined
(Font)              using `TU/phv/bx/n' instead on input line 221.


LaTeX Font Warning: Font shape `TU/phv/b/n' undefined
(Font)              using `TU/phv/bx/n' instead on input line 221.

[352]

LaTeX Font Warning: Font shape `TU/phv/b/n' undefined
(Font)              using `TU/phv/bx/n' instead on input line 345.


LaTeX Font Warning: Font shape `TU/phv/b/n' undefined
(Font)              using `TU/phv/bx/n' instead on input line 345.


LaTeX Font Warning: Font shape `TU/phv/b/n' undefined
(Font)              using `TU/phv/bx/n' instead on input line 345.

[353]

LaTeX Font Warning: Font shape `TU/phv/b/n' undefined
(Font)              using `TU/phv/bx/n' instead on input line 473.


LaTeX Font Warning: Font shape `TU/phv/b/n' undefined
(Font)              using `TU/phv/bx/n' instead on input line 473.


LaTeX Font Warning: Font shape `TU/phv/b/n' undefined
(Font)              using `TU/phv/bx/n' instead on input line 473.

[354]

LaTeX Font Warning: Font shape `TU/phv/b/n' undefined
(Font)              using `TU/phv/bx/n' instead on input line 594.


LaTeX Font Warning: Font shape `TU/phv/b/n' undefined
(Font)              using `TU/phv/bx/n' instead on input line 594.


LaTeX Font Warning: Font shape `TU/phv/b/n' undefined
(Font)              using `TU/phv/bx/n' instead on input line 594.

[355]

LaTeX Font Warning: Font shape `TU/phv/b/n' undefined
(Font)              using `TU/phv/bx/n' instead on input line 710.


LaTeX Font Warning: Font shape `TU/phv/b/n' undefined
(Font)              using `TU/phv/bx/n' instead on input line 710.


LaTeX Font Warning: Font shape `TU/phv/b/n' undefined
(Font)              using `TU/phv/bx/n' instead on input line 710.

[356]

LaTeX Font Warning: Font shape `TU/phv/b/n' undefined
(Font)              using `TU/phv/bx/n' instead on input line 826.


LaTeX Font Warning: Font shape `TU/phv/b/n' undefined
(Font)              using `TU/phv/bx/n' instead on input line 826.


LaTeX Font Warning: Font shape `TU/phv/b/n' undefined
(Font)              using `TU/phv/bx/n' instead on input line 826.

[357]

LaTeX Font Warning: Font shape `TU/phv/b/n' undefined
(Font)              using `TU/phv/bx/n' instead on input line 950.


LaTeX Font Warning: Font shape `TU/phv/b/n' undefined
(Font)              using `TU/phv/bx/n' instead on input line 950.


LaTeX Font Warning: Font shape `TU/phv/b/n' undefined
(Font)              using `TU/phv/bx/n' instead on input line 950.

[358]

LaTeX Font Warning: Font shape `TU/phv/b/n' undefined
(Font)              using `TU/phv/bx/n' instead on input line 1074.


LaTeX Font Warning: Font shape `TU/phv/b/n' undefined
(Font)              using `TU/phv/bx/n' instead on input line 1074.


LaTeX Font Warning: Font shape `TU/phv/b/n' undefined
(Font)              using `TU/phv/bx/n' instead on input line 1074.

[359]

LaTeX Font Warning: Font shape `TU/phv/b/n' undefined
(Font)              using `TU/phv/bx/n' instead on input line 1190.


LaTeX Font Warning: Font shape `TU/phv/b/n' undefined
(Font)              using `TU/phv/bx/n' instead on input line 1190.


LaTeX Font Warning: Font shape `TU/phv/b/n' undefined
(Font)              using `TU/phv/bx/n' instead on input line 1190.

[360]

LaTeX Font Warning: Font shape `TU/phv/b/n' undefined
(Font)              using `TU/phv/bx/n' instead on input line 1311.


LaTeX Font Warning: Font shape `TU/phv/b/n' undefined
(Font)              using `TU/phv/bx/n' instead on input line 1311.


LaTeX Font Warning: Font shape `TU/phv/b/n' undefined
(Font)              using `TU/phv/bx/n' instead on input line 1311.

[361]

LaTeX Font Warning: Font shape `TU/phv/b/n' undefined
(Font)              using `TU/phv/bx/n' instead on input line 1350.


LaTeX Font Warning: Font shape `TU/phv/b/n' undefined
(Font)              using `TU/phv/bx/n' instead on input line 1350.


LaTeX Font Warning: Font shape `TU/phv/b/n' undefined
(Font)              using `TU/phv/bx/n' instead on input line 1350.

[362

]) (./refman.aux)
 ***********
LaTeX2e <2025-11-01>
L3 programming layer <2026-01-19>
 ***********


LaTeX Font Warning: Some font shapes were not available, defaults substituted.


LaTeX Warning: There were multiply-defined labels.

Package rerunfilecheck Info: File `refman.out' has not changed.
(rerunfilecheck)             Checksum: 9289C6AC3447868584550DA49DE3A1F6;187948.

 ) 
Here is how much of TeX's memory you used:
 31182 strings out of 470191
 708601 string characters out of 5479697
 1520833 words of memory out of 5000000
 58648 multiletter control sequences out of 15000+600000
 633301 words of font info for 85 fonts, out of 8000000 for 9000
 14 hyphenation exceptions out of 8191
 103i,16n,117p,1499b,978s stack positions out of 10000i,1000n,20000p,200000b,200000s

Output written on refman.pdf (386 pages).
